kr,zeta_r,dr,A,f0,f1,offset,ymax,t_ymax,xb_max,xb_min,xrd_max,xref_max
1957.494516534312,0.5949905957768471,166.49085140247524,0.07010185439379678,0.7276312261534275,2.565064087325897,0.6951244703273511,0.8070396474686296,3.684561520506836,0.07372323054354367,-0.07365739184021765,0.7686891722566179,0.7832658191438792
1926.735284776847,0.9074578747492585,251.92281169095344,0.018967954287288213,0.5053473441060105,4.224788145395488,0.6853529977697204,0.7094156462475518,2.9926642214071357,0.016168224076340703,-0.016070391938346553,0.7043209520570086,0.7069047335550774
1645.2762881935948,0.9404854519437471,241.26898489570792,0.04103899391791318,0.3045148496062992,5.327508722095009,0.5127634512208351,0.5618688915465971,3.401133711237079,0.03163063019591996,-0.03223995148564173,0.5538024451387483,0.5576826800179499
2086.314812782197,0.7684979592098584,222.00493826633374,0.06306614180597617,0.4190733713168815,7.824188146369419,0.6786242242644395,0.7590254016487125,2.7342447482494165,0.057800047055275645,-0.059593145851527425,0.7416903660704156,0.7493744766125442
1968.1203929770286,0.37517483706677085,105.26634138627954,0.0426704702608924,0.13942338920850592,2.9257369524052868,0.6366097906484909,0.7122607707698615,8.47782594198066,0.052021397416721876,-0.052867011646868904,0.6855969550662229,0.693335609244431
1887.429174178761,1.0707587591907892,294.20968381056787,0.03280777506967064,0.43341373543138206,4.817334867654847,0.5378942718168571,0.5758480413787755,3.1177059019673226,0.025054878807572536,-0.02474266554041706,0.5707020468865278,0.5740127698227744
411.811612805132,0.6281344336033404,80.61797624937837,0.025883654433561887,0.7028325952142593,4.622911513233984,0.6665356392115674,0.6944927752774824,1.567189063021007,0.012421625809815984,-0.012096414531984009,0.6924192936451293,0.693575246938269
1780.6362448053978,0.481129977243837,128.40443289929576,0.06825818609766408,0.8242879217471216,4.3248702741810465,0.5576656207860489,0.6662325937117215,2.2757585861953986,0.07697361046370461,-0.07510197824013978,0.6300617868267901,0.634483340727248
1737.9892095399412,0.32577723524837887,85.89626240444431,0.023993574173257586,0.10662604277590497,6.72154626501283,0.6329701713184064,0.6728590497144259,3.6595531843947984,0.029747611028749996,-0.029937973102961375,0.6608430853921716,0.6622149708261812
1792.3969087032042,0.9026561279197711,241.69597806237056,0.0421241042876838,0.6118670763576044,2.8387819887659447,0.5229060147071947,0.5779566710459039,4.043014338112704,0.03494936526954274,-0.03507258541082098,0.5650301189948784,0.5714491340136991
1704.167108297132,0.6239865855288194,162.91509965159952,0.04956652745368322,0.7884989716744231,5.808309920003545,0.6107158801315992,0.6795981695801382,1.3087695898632878,0.04791846312729979,-0.049341328978931856,0.6602824075852823,0.6633574114953904
1442.0971857889924,0.473555088256351,113.73595215402001,0.012157248419755759,0.49304565030912617,3.287508036917175,0.5817057287449272,0.6018891811455596,5.343447815938647,0.013137377686418051,-0.013106341558384057,0.5952166318793866,0.5966314400883297
2148.1673758435986,0.4105455372788067,120.34426244948907,0.014081191918234622,0.35324550281979694,3.7615625466001017,0.6323833029453789,0.6563132073895291,5.676892297432478,0.017156951122097967,-0.017064923406243743,0.6481204095875632,0.6506897383255552
1436.877165619068,0.9055083881957722,217.08623921012128,0.056501947822917134,0.4657481752960635,6.884122307996208,0.5333945839815408,0.5988644504327213,1.7089029676558853,0.042125130681920586,-0.042574112277504426,0.589896531804458,0.5935687032505008
154.50897552126514,0.2810430746980776,22.094274238411874,0.06056515454175153,0.5156895072262486,2.9676306742016108,0.6002089550206727,0.701419347631895,2.109036345448483,0.019776196331406953,-0.020513127448777705,0.6852180331386989,0.6642048369542396
465.5490465116042,0.8266883375699625,112.81179961912923,0.04123093929018215,0.4429191034868343,3.8090725348872594,0.6260565186237776,0.6678224582077417,2.0506835611870624,0.017673066233991175,-0.017735441938768054,0.6672874579139598,0.6686147441533861
968.350265328137,0.2788849273844909,54.88722530879754,0.018260413148436072,0.965707898094563,7.451484144245642,0.6399414267621499,0.6671725932913515,1.150383461153718,0.0183882506196314,-0.020236348155346834,0.6594785417131974,0.6610462712456662
738.087907502847,1.0722587396129517,184.2398771730372,0.06451256327760563,0.7452011702430961,4.6961690128627325,0.5544483123690318,0.6189608756466374,0.0,0.030322305856683916,-0.031019649242529142,0.6189608756466374,0.6205002418831251
331.33830916839827,1.0123421568894577,116.544865238769,0.04190434028835278,0.2821270283157073,3.835739744903915,0.6158439137883792,0.657748254076732,0.0,0.012231912277658566,-0.012086276820333029,0.657748254076732,0.6586800481656258
524.2546790541561,0.9709528556831382,140.6045247164336,0.06309636708846471,0.7475166603558431,4.592558238650622,0.6254617681404886,0.6885581352289533,0.0,0.02600567461201032,-0.026245670811249122,0.6885581352289533,0.6902243984940245
1501.8351253905653,0.7848619413993381,192.36869319069376,0.015911102479792237,0.4742266619535487,2.249685043171355,0.5987981638489037,0.6207577640378281,7.152384128042681,0.013411701667244546,-0.013421087205856136,0.6147092663286959,0.617181135014357
891.6669095986847,0.3300717699794422,62.3361107842379,0.017238207740578618,0.6288801149599408,3.0235578112213166,0.6850240236753594,0.7187114827436957,3.9346448816272095,0.018750637411991213,-0.01912322454968389,0.7076892417766689,0.7065982258942766
1494.5467352809478,0.5121828240813534,125.23039666172329,0.051364084403699176,0.12052348392672775,7.751355279448672,0.59646068738858,0.672537545533702,3.442814271423808,0.05328079056051161,-0.052246514442441216,0.6505985177751318,0.6547444173260749
1978.564545400687,0.27445699993019473,77.21104292687876,0.04406608315867123,0.5416362949190688,7.626958729849897,0.6143456104752151,0.6891414025442455,2.4758252750916974,0.05651875208716318,-0.05800157009570134,0.6652022461961558,0.6705708145243434
1236.3745625366892,0.44027809678270424,97.91113989717591,0.03320982981397866,0.5686051622243841,4.63346876183028,0.5043224159760661,0.5594442882072119,2.759253084361454,0.03461806435783009,-0.03580824516205593,0.5418553845058122,0.5443477424732649
2083.100618066459,1.00654469465579,290.54819624557376,0.019817436229902757,0.5986325291851444,2.6514544468126613,0.6344480186079623,0.659647973979963,5.201733911303768,0.01628363744100298,-0.016309869657398786,0.654265454837865,0.657237593656198
774.96108121362,0.7934803712227116,139.70312787118377,0.06088962300008179,0.7917827427258913,2.6464456757353796,0.6832023690275215,0.7528139826648141,1.458819606535512,0.03721646169852863,-0.03699114291515341,0.7440919920276033,0.7441811231247566
652.5135781477139,0.23367130055856183,37.75114670979665,0.04883967285740384,0.4338300554761949,6.978738458794479,0.6616502944128604,0.7583573643024725,2.8509503167722574,0.05192413085553788,-0.055621108981586245,0.7295663399833755,0.7184537371675991
861.1333427745168,1.0576094555627706,196.28654163902866,0.030364248669808303,0.5635514163085431,3.5357905434056165,0.6872087140097927,0.717572962679601,0.0,0.016051974730974635,-0.016051239156484553,0.717572962679601,0.7188300914768438
495.05876219684353,0.24041955745309612,33.83203838482101,0.040456794200212656,0.9931380076502533,7.350063597529484,0.6497216038913898,0.7028688694271938,1.2087362454151385,0.03420382487478041,-0.031368221472910296,0.6901783980916024,0.6956967543443776
2237.90197810846,1.004101975728077,300.41965799179405,0.04632008522705144,0.38433614664771376,6.632074592665928,0.6323322526335522,0.6876643278780977,2.9593197732577528,0.0390534412828994,-0.03724519587762769,0.6786523378606036,0.6834801710569753
996.7785492969042,0.28502000125536375,56.91210839676095,0.062275272794431825,0.3362144643305782,7.620878903202676,0.5481941150011369,0.6601208081922937,2.9426475491830613,0.07094190562071259,-0.07422633674982076,0.6242700070760905,0.6215840096429298
394.61903778756647,0.9480014049124157,119.10445145146306,0.020729902163714585,0.2613414773419652,5.596296749125061,0.6749124081674929,0.6956423103312075,0.0,0.0072189632529050555,-0.007136110574328986,0.6956423103312075,0.6961672993617737
571.4431977149758,0.47929130561008537,72.46296166035268,0.06441833867688243,0.9746437834548706,5.004447117214054,0.5287795005102501,0.5993750693605456,1.2504168056018674,0.042284057960989274,-0.04372661972516922,0.5931978391871325,0.5976506863933002
133.44709049968372,0.4066904269989698,29.71313664188779,0.019227555245056475,0.7098928062515717,2.7309950277711867,0.6012659863241265,0.620493541569183,0.0,0.004361833865799662,-0.0039870517831936654,0.620493541569183,0.6212606812943939
1766.2298455429275,0.7230049482988121,192.17410843010478,0.023984295616204035,0.8237120735640364,6.29244277769481,0.6477968007831083,0.6786692964945932,1.2754251417139046,0.02219418944986106,-0.021747718372355788,0.6717810963993124,0.6729872313505827
414.5386037375518,0.3113784232853102,40.09599553834633,0.07492937857045553,0.4578203744424466,3.8056921506856387,0.5977168090703067,0.7418334816979686,3.30110036678893,0.05830572089509102,-0.05661737681735159,0.7043002058440359,0.6818385144163156
1690.8741106325979,1.060060931342273,275.6871106678893,0.030051235881743854,0.9323275863808244,2.149156948317538,0.6110396084653649,0.6453556391202264,2.2840946982327446,0.021889083487412628,-0.021952189558779395,0.6410908443471087,0.6410908443471087
1621.5402680346042,0.295307663375678,75.20878660409774,0.019823771794473886,0.4772028873846734,7.79739147285909,0.6192085106468745,0.6530037448927141,2.5925308436145382,0.024455691971894133,-0.025348263880860245,0.6423146889359435,0.6437943032280813
2339.255731840507,0.9239248240516738,282.62168589608876,0.04271671210887041,0.8062871043269687,2.1070207038619264,0.521828799353147,0.5809920771846365,3.559519839946649,0.03808383817374574,-0.03813920076408572,0.5645455114620174,0.5710072002691515
2090.628675718567,0.9171353794926458,265.21732738431587,0.026284851937650358,0.5776926315391482,5.636094924200066,0.6735477907552022,0.7066311246226589,2.642547515838613,0.022892693345999596,-0.022407651642072857,0.6998326426928526,0.7028930373377446
1547.4571776129417,0.5713144123463123,142.13940578057458,0.03619288303850279,0.48329387773615895,5.9115861534798455,0.6734981263504649,0.7273314718872834,2.8092697565855285,0.0366307579403873,-0.035827983305227386,0.7113074133803584,0.7157337670806958
1189.3525169831194,0.4230556066562223,92.27472268704183,0.026566365409830685,0.7714128522191017,6.899412580543462,0.521055615970825,0.5615889803640763,1.3087695898632878,0.028257891021562006,-0.026819563285106,0.5495115720474016,0.5502541778857323
259.74125669242756,0.7349902973808067,74.91729193463424,0.02023212709348888,0.8421977714107072,3.8620080435444466,0.5287743865942285,0.5490065136877174,0.0,0.005866820467409366,-0.0059457842044029156,0.5490065136877174,0.5496411981149165
2310.3291339698803,0.3489785504617504,106.0878523065491,0.029930405763655493,0.2382520556728528,2.6929403819921296,0.504229603267288,0.5572276077646495,8.1027009003001,0.037972438930414174,-0.037964796115058236,0.5384767061855863,0.5451061482824169
232.94898199422425,0.35717732384226747,34.47817606583474,0.013736735283902278,0.6320294344998741,6.084287160797039,0.5787260913664056,0.595768867925034,1.683894631543848,0.005730430876106428,-0.005760821110527602,0.5924628266503079,0.5933377778040564
863.1786326849186,0.6540736133200071,121.53656716312226,0.0712503459564226,0.8660184641399854,2.2608503720767517,0.5362996819193048,0.6307682579248882,2.425808602867623,0.05236924164060568,-0.05219382219512889,0.6075500278757273,0.6075500278757273
668.1876906505504,0.4244488182489907,69.39122586838327,0.049986285621994093,0.47463618313287304,2.295524719565564,0.5747228276919143,0.6617577295020628,6.068689563187729,0.04251009740693043,-0.04223129668095381,0.6364716603229026,0.6330031943733551
1357.0070769223294,0.29150471261334443,67.91514497845148,0.06834209876519919,0.14676567981859384,7.549051214108372,0.5198226283159751,0.6390051679257097,3.3927975991997332,0.08606720749762685,-0.08143783059074448,0.6019788163794076,0.6003780249637174
2124.5798838346063,1.0123878295348554,295.13005845991216,0.0785699476410615,0.8218232922462342,6.676865244627973,0.6284966551991095,0.7170124837358632,1.2754251417139046,0.0641695612958202,-0.061815546852616324,0.707066602840171,0.7094576719031606
1969.5912509875095,0.3210969875718324,90.12686818714255,0.04752476251633462,0.562800583171373,7.145432864735345,0.5925598731187032,0.672450109761689,2.4841613871290433,0.060094871642741916,-0.06016838671592789,0.6466610956573545,0.6526081881469709
1024.2147906408484,0.7756069441133993,156.98827086047473,0.028652432225059227,0.2257915698585612,4.867263644142475,0.583377873718977,0.6184202425706392,3.8012670890296767,0.020658375187001997,-0.02065030707930708,0.6120303059440362,0.6144231287706231
658.1678572692969,0.5307606291036153,86.1186137415754,0.03564747148783732,0.3947460079712909,4.276784478361574,0.6371486690911891,0.6886091262535736,3.3761253751250417,0.025783987844835966,-0.026442277841778144,0.6758068494045142,0.676536602004225
812.5035389710847,1.0539721340438064,190.00794241359125,0.07414436136767245,0.5328193854700707,3.9701672300281325,0.6070869579660007,0.6812313193336731,0.0,0.03814319726773062,-0.0377921974637096,0.6812313193336731,0.6837568218342803
2136.5451730566992,0.7873286065040919,230.16647506320086,0.06630742795629542,0.5794500484591661,5.797505775605725,0.5576311228364923,0.6472034181078862,2.6092030676892297,0.0631966259539757,-0.06127990998992143,0.6239385507927877,0.6335623368804381
1863.743589544698,0.3821641338131465,104.3453266654815,0.05863586901729488,0.8746471614933047,2.792617023809264,0.6228759481083839,0.7274288817313345,2.2757585861953986,0.07130629134013086,-0.0708117464595224,0.6891782151476109,0.6962186664464254
328.2297957518431,0.8531440654442843,97.75553818792893,0.015914525317646415,0.9423458404305635,2.824447580226813,0.691776049181816,0.7076905744994624,0.0,0.005045047030801502,-0.005079986774890417,0.7076905744994624,0.7080695924173218
2022.122022604232,0.7343138040197188,208.8408093225541,0.06478368732406829,0.8156033550847773,7.6761623769039815,0.5506766707678374,0.6327537727532321,1.2504168056018674,0.061594774793476026,-0.05858415484468481,0.6154603580919057,0.6186994497345073
1516.1821488599421,0.2855442778079611,70.32004608684416,0.0531315990016885,0.2541621736835099,5.389703668834651,0.61448610280677,0.7102168296895174,4.493164388129377,0.06830460124201225,-0.06758114298543981,0.6786247149208903,0.6823790140130078
1218.3643671549455,0.6703685979618106,147.98995993274497,0.06347463730046116,0.81932024486086,4.952919293452575,0.6199186883045225,0.7023818040780329,1.3254418139379793,0.05307257892293914,-0.054223551467549105,0.6833933256049836,0.6867569735789563
2334.9669656562446,0.3077602296510106,94.0552112892841,0.018197249613007737,0.17893811071969157,5.947179710243167,0.5837216601580759,0.6140099099449317,4.559853284428143,0.023385990660677477,-0.023625279621459792,0.6043823983045581,0.6074132824878897
1958.3713987404237,0.8041082719777335,225.0567558755745,0.03335464308297668,0.9085298926253822,6.575192882423914,0.5541069881820351,0.5933291545176178,1.2004001333777927,0.029639692283742698,-0.028864277250499868,0.5874616312650117,0.5889148493615756
974.0608426529296,0.48299598218383666,95.33811397385566,0.021032815403749978,0.2330050352879725,7.6167647802544645,0.5875808074397506,0.6182595612536143,3.2094031343781264,0.018810776811268724,-0.019729518439922888,0.6103968581160255,0.6108819046797087
1019.9675746657836,0.8567171378096403,173.04562869542022,0.048709514567703,0.942525988154616,6.681808963456353,0.5958739128249081,0.6445834273926111,0.0,0.029814596025036232,-0.03162217784220567,0.6445834273926111,0.6463319139781549
1003.2627363539829,1.08796839043189,217.94836441193345,0.06024321652025505,0.956075194003457,2.710871463302248,0.6701067358381565,0.7303499523584116,0.0,0.03357699241688489,-0.03359634699527266,0.7303499523584116,0.7303499523584116
1628.9773215788982,0.30972951050160136,79.06241954476552,0.05117805999784545,0.7174867285949039,2.073816115331617,0.5908635923683493,0.6905582794335617,5.91030343447816,0.06430679910869948,-0.06455666402780633,0.6539773457802216,0.6627581141701773
2080.9588268711705,0.4658231228096809,134.39489796918969,0.04209836572589858,0.49808271436110385,3.8115643486549495,0.6836883791031108,0.7532647547266863,4.118039346448817,0.04927235052070176,-0.04893806134254405,0.7295804120782498,0.7370269256372387
1975.105685035638,0.2995295698964995,84.1908449298015,0.07979242604863011,0.8912800218769708,3.7034506271842336,0.6673793159321876,0.8089135029335296,2.1757252417472492,0.10332851032175389,-0.10228108896862789,0.7586031880714132,0.7647676714781434
355.4068764913189,1.099194257426815,131.0591538351313,0.05659793152745759,0.6851125140029173,2.5426443619047965,0.679406679779325,0.7360046113067826,0.0,0.01624978803710981,-0.016295767164825795,0.7360046113067826,0.7364240122826868
169.59880769072663,0.4167452522370324,34.32511918477572,0.020011531261664453,0.7990911466229967,3.1892253632773873,0.682127645426177,0.7021391766878414,0.0,0.005673067645050066,-0.005176634095431423,0.7021391766878414,0.7030508974474194
1675.0456943859763,0.2325464394452266,60.19397442908501,0.010380088389009032,0.14649212531295905,5.635551065886366,0.660296362171883,0.6792608523237965,4.776592197399133,0.013999887367173955,-0.013894597648359418,0.6728961232538455,0.6739030956132666
672.5267695057323,0.9644679586307658,158.18765489400712,0.014006235810728226,0.8208674682775086,7.566772581033682,0.6544216798208761,0.6684279156316043,0.0,0.006354502026185586,-0.006763322991644429,0.6684279156316043,0.6688211785021346
1775.4898815487293,0.954182196789845,254.2848028601468,0.01281059096829465,0.2816038996471498,2.7495420758338582,0.6009061980385972,0.6170185021828682,6.793931310436813,0.010253625775460504,-0.010282396357730848,0.6137167890068919,0.6153030647079695
1888.451507989227,0.767010660118759,210.80665364566485,0.06957917698333546,0.2396916931969818,6.40772655161097,0.5386082981737808,0.6309678085694227,3.367789263087696,0.06369143452118876,-0.06365883846061364,0.6081874751571162,0.6163678099431349
749.8210031627206,0.8389142275531736,145.28686616782267,0.07861433494290773,0.6503892453793626,2.3270018899477733,0.6232617939855065,0.7131590743518991,2.950983661220407,0.04518100681157477,-0.04515433840733903,0.7018761289284142,0.7061719252327691
201.641323792401,0.9957311402301356,89.42559840786105,0.05967047995704346,0.25581506178025293,2.550326034945188,0.5367066457760638,0.5963771257331072,0.0,0.011755243545099235,-0.011809251894086145,0.5963771257331072,0.5972911065978117
2452.065230930062,0.6127045782126409,191.88769708767302,0.06488566638389856,0.6727675078969991,5.434478899751824,0.5290260509330099,0.6267892399072176,2.4424808269423144,0.07133231296266902,-0.06960905618682241,0.5952644437234988,0.606765350743814
2370.4586885394283,0.4712083692632462,145.09725174411486,0.050461205106527955,0.7297983501301595,5.895398931471854,0.6881188819391036,0.7667569923533364,2.300766922307436,0.05947158545732207,-0.05935721554258932,0.7419016392749826,0.7489364303317911
456.2535758081392,0.6575174646022479,88.82606618410435,0.03828240735185362,0.5267518565343563,2.7153051571864677,0.526818921974553,0.57282417569631,3.3177725908636213,0.018787539305243465,-0.018956148717555726,0.5651013293264067,0.5672481427359105
767.3813098750177,0.47423414338474823,83.08610937759174,0.0399532249576945,0.6498887923329655,5.807774704509578,0.582362179317114,0.6417575098215089,1.5005001667222408,0.033443625195865016,-0.03431799374983444,0.6254596238291775,0.6253782416036376
1081.079462628873,0.3958656740272658,82.32024407497777,0.05118143738863058,0.3853368201855141,2.216359005664182,0.583680008831372,0.6772657830152589,8.802934311437147,0.05479338681048425,-0.055175048710303376,0.6458049386799241,0.6481032303064695
1237.9184202164088,0.4030335813837899,89.68446918879015,0.0500720553185481,0.6091947103887289,6.212013086662228,0.629589696440242,0.7118394203077327,2.5258419473157723,0.05473844239183237,-0.05546683982162895,0.6869766153827438,0.6881822592000144
1665.8393356504757,0.4845927366416389,125.09024770421931,0.06512025553901678,0.5942299452397115,4.588509171079341,0.6252024961882114,0.730059721896866,2.684228076025342,0.07155748826674561,-0.07220003045444699,0.6961406884413258,0.7049551724887952
965.5776026806103,0.6614653201460825,129.99620286678166,0.061569398193755426,0.897762598051337,7.52634318377115,0.6007265850366198,0.6665326656962711,1.2337445815271757,0.04282759722802719,-0.04619497609458359,0.6622959832303752,0.6654981561577774
1348.660275377366,0.9198833696874529,213.65548466940555,0.03201154842209409,0.8536441261105617,4.96484987910454,0.5231713448670536,0.5581822968355175,1.300433477825942,0.023133225920421076,-0.02323901011495836,0.5551828932891477,0.5562248189683592
272.94195297506485,0.957793889935517,100.07767452716178,0.013889754183481453,0.35255029252029035,4.004780243009275,0.5345988890383188,0.5484886432218002,0.0,0.003565112308042206,-0.0036256135394590666,0.5484886432218002,0.548804729473309
853.3440875247742,0.8684233100525771,160.44402917925413,0.011027799049204954,0.8444560820686178,7.139288141447349,0.5744523146383096,0.5854801136875145,0.0,0.006331313792627524,-0.006563731219544272,0.5854801136875145,0.5858573643237072
468.67095774552354,0.7407563671505728,101.42369068673699,0.018377078910542605,0.4284274249704273,7.750575085405835,0.6990928945167274,0.7177003716165925,1.8172724241413805,0.008729563663007188,-0.008102623391321787,0.71746997342727,0.7181637236741087
1953.0517392510055,0.47986535892868964,134.12392979471218,0.05813655344162648,0.7348657289356114,4.327050170981899,0.6281777269172318,0.7240045628443692,2.417472490830277,0.06549973818140116,-0.06702010456323433,0.690978209922997,0.6991185476425138
125.74634794162299,0.38815189274201733,27.52830010934677,0.04675618120770829,0.2473761738324663,2.995441207259202,0.6672608581100475,0.73307453710128,2.98432810936979,0.010604341661668674,-0.010203597309492194,0.7266480465675761,0.7158807800122511
2473.9192064406534,0.7003724852256037,220.31893718840178,0.06873488116171994,0.9912894978936453,2.849575331412648,0.5896491226508702,0.6842338128676739,2.109036345448483,0.07064680690260136,-0.07003547696841826,0.6583840038125901,0.6583840038125901
1042.1745180206076,0.27204435528156656,55.544356510896705,0.06287311209563212,0.4904011245903337,4.815961605142408,0.530134594762648,0.648992508501642,3.9263087695898635,0.07547883118048125,-0.07838730307171761,0.612760222180966,0.6078515012832784
534.2239653540835,1.0163932599405936,148.57763988085972,0.013125436228199523,0.30956705644933563,3.7523559818871703,0.5980395084803173,0.6111649447085168,0.0,0.005331012659094352,-0.005333495950047854,0.6111649447085168,0.6116108512161761
1507.4684152355103,0.6439609782656,158.12977677884265,0.01588807341898174,0.3193007086501422,7.0615303085752466,0.6275177400956917,0.6493285787282985,3.051017005668556,0.014991535270588444,-0.014410873287465096,0.6434746808333082,0.6453513688314588
1657.9577203222584,0.8031829298162196,206.83841023805738,0.06340321133276704,0.15229763354930262,4.1996503095956745,0.6079054870523357,0.6918196261281517,5.426808936312105,0.05398874779642893,-0.055208500870518346,0.6713086983851028,0.6794267296310557
912.2955599135825,0.9600309859584679,183.3931148248214,0.04378007560111058,0.7917648305134413,7.112093101287014,0.6009582965806995,0.6447383721818101,0.0,0.025114919433718585,-0.025011115242172807,0.6447383721818101,0.6460436225921041
2282.9253852912398,0.7284115464832825,220.11653909809522,0.06951920091836053,0.4065317160323718,4.992901751188912,0.6062822082009155,0.7029028689114688,4.126375458486162,0.07005583530117084,-0.06826571949030416,0.675801409119276,0.6863188797966014
351.95131815056936,0.5586972560313866,66.28997146824756,0.07421363707861733,0.6677490163282681,3.065039494621805,0.567771127121921,0.6582510911081881,1.683894631543848,0.03357519714141757,-0.033624990840756964,0.6419847642005383,0.6455693260910319
559.8472231904796,0.2223408186187153,33.272387110467236,0.07492223209528187,0.5033865954311844,3.845210434524717,0.6196954383115473,0.7867832486389936,4.201400466822275,0.07992284289182361,-0.08355042357003716,0.7399051809686882,0.710499129634921
117.55469510323752,0.4502198959407325,30.8727039715748,0.05921234259892249,0.6703927957623367,7.890835685255213,0.6240715419316087,0.6832838845305312,0.0,0.010834661372878387,-0.011529295794801978,0.6832838845305312,0.6854154817927667
1246.0140967065586,0.8852893068656069,197.64084047064262,0.07323295103748372,0.7486263520465164,7.779267341296277,0.6564010341476354,0.7350418406477279,1.3504501500500168,0.05239573336252467,-0.05066553119257759,0.7296339851851191,0.7322221536163762
2180.3234518286235,0.3026936640652735,89.39099866811985,0.06126894520956515,0.4960798295746318,5.318622814467651,0.6308204818964713,0.7346242668755516,3.7512504168056022,0.07895636205958725,-0.07991785978202526,0.7016912950811415,0.7117449867942429
2427.5562800933667,1.0861202732884623,338.44848121136994,0.030175977184153373,0.7603781476941246,6.499901227611612,0.5692985722626097,0.604156387272428,1.3337779259753253,0.024456562023310403,-0.024831752673268835,0.599474549446763,0.6002372875874474
397.28745967413045,0.23685226425714778,29.857948521015107,0.0644140189270425,0.5407297676352153,7.9132410169695575,0.5929946912387306,0.7135295030095422,1.6338779593197734,0.05039205620729188,-0.053786796789225336,0.6834009283928645,0.6657737110828955
2447.0007497772167,0.5704184019746539,178.45987090807515,0.06555775053919809,0.17633734508064886,5.3327702608265835,0.6604119573971448,0.7596158448321156,4.7932644214738245,0.07388463801689403,-0.07090054910820982,0.7283547882770194,0.7399216563237813
2319.2840013277328,0.9403247815556885,286.407801448948,0.012587950904082197,0.43543210717606073,2.2921908338831076,0.5218564582229116,0.5388360992676557,7.335778592864289,0.011166932478609693,-0.011103045938341613,0.5344444091269938,0.5365739700692577
1720.7335088019618,0.8419323766805284,220.8838759240142,0.06416044779261385,0.8789108932500965,6.436588810859059,0.6601743184213263,0.7338514525476136,1.2337445815271757,0.0537072385637196,-0.05173571714143961,0.7243347662139402,0.7268856345595165
217.51290357587018,0.4110816353971688,38.34427972195451,0.05353284413626721,0.8723127741623409,2.0270007496379545,0.6029258684232699,0.6564587125595371,0.0,0.019044986099501525,-0.01831646167012689,0.6564587125595371,0.6576862191416376
1725.4897584745534,0.2266465602157519,59.543631853481315,0.03809488902873716,0.9060713932453272,6.029676853135152,0.5475316726721194,0.6103545637946026,1.1587195731910638,0.05049048374452537,-0.049107455107284724,0.5923521355391425,0.5944270258454317
2146.6747111165905,0.5132282810685629,150.39164009876524,0.06973412698008416,0.36904928600701503,5.541921505298894,0.5793880135495668,0.6854082291707493,3.1177059019673226,0.07804743744860954,-0.079244950641037,0.6532040450251637,0.6632308648804092
759.5801218121609,0.9979018059546825,173.94205619395183,0.023131557735764394,0.1763304321121868,4.051561631273962,0.6435278295283134,0.6666593872640778,0.0,0.011868259915119255,-0.011877624536906753,0.6666593872640778,0.6678537200432507
2037.835854343076,1.0988690330600885,313.7332367070074,0.03074534399078155,0.46714775601815395,2.8209276681777578,0.6149743859246067,0.6519348469486365,5.726908969656552,0.023721737734589275,-0.023817948503895525,0.6457197299153883,0.6494056483958441
2494.1920894310015,0.8307929091085928,262.4144376195283,0.051664898828936025,0.4531321836296146,7.4917925617133285,0.5993833192260699,0.6656244927221283,2.6925641880626876,0.0488711336389035,-0.048946688097598834,0.6510482180550059,0.6579096998582107
422.4805919513476,0.5288406168792201,68.74770113548414,0.014701666819343684,0.28178113391990345,2.106012685999473,0.5906559833000327,0.6112086903562591,7.594198066022008,0.007958117690453183,-0.007935965416300777,0.606970074688248,0.6066224069796512
1622.8966358843131,0.508963216141017,129.67666167529012,0.0394267240053694,0.9632883455601183,6.511778729449493,0.6081713273889903,0.6602603844831614,1.150383461153718,0.039949301062424405,-0.04007023265913421,0.6475980513943597,0.6508164676694924
782.8981002683806,1.0072971188956958,178.25437879889137,0.026456798181646167,0.39280845746500936,7.454388886537691,0.6059084110570144,0.6323652092386606,0.0,0.01322941300612676,-0.013728987476752164,0.6323652092386606,0.633075902912764
1881.563078603144,0.7316703147473895,200.7265508887397,0.05574074463066467,0.369444962363343,3.4482323697599773,0.564498469433733,0.6436170029730734,5.81027009003001,0.05249629322890801,-0.0531536981655952,0.6202392140643977,0.6297782396608168
473.0597538002139,0.9868829287617269,135.75431194994354,0.029827285327507988,0.6053404549729462,6.751846550848244,0.6567648218751427,0.6865921072026507,0.0,0.011512803907306433,-0.010977183556934004,0.6865921072026507,0.687346383376143
1152.1270206020629,0.6286315777280531,134.9510815991906,0.07962912242545174,0.7071377292811216,6.887830658707296,0.6805107938438464,0.7863694448346378,1.3921307102367457,0.0687986504969975,-0.06711543635616929,0.7601399162692981,0.7647301962985001
1990.215606950414,0.3666614104582109,103.45351811607404,0.04935195136163006,0.1917047415830904,5.91753275938399,0.6910698856375621,0.7712933167445721,4.543181060353452,0.05977608987478852,-0.061366864489500385,0.7468042222562141,0.7529856675260796
1330.556954320267,0.5896752435809905,136.03780797594263,0.012508992599271422,0.9637970700962983,2.6180161047809527,0.5082158186609694,0.5255710692238005,2.1923974658219407,0.011715945931834204,-0.011605835777576698,0.5207248112602408,0.5207248112602408
690.5598676118524,0.2589773905265442,43.04200701513286,0.04185824896882337,0.5644790211314011,3.8754196941715033,0.5101920965149772,0.5967604652304392,2.8926308769589864,0.04585437850752411,-0.04752399383412389,0.5715179071166079,0.5613375049502008
367.8408837981441,0.5460539401909353,66.23621994093965,0.014236991557857528,0.7283707530489221,3.2421232491488716,0.5604143137567277,0.5774471961095917,1.5838612870956987,0.006760434555434826,-0.006797016993360583,0.5746513053145852,0.5753683820449577
1045.901865227434,0.5749486697622332,117.59924618745127,0.010116249537236038,0.2008633338988278,7.176587382445268,0.5002466125023817,0.5141690129755444,3.367789263087696,0.008780256579083082,-0.00871385917206107,0.5106821771056796,0.5113673673250692
1319.6016539509003,0.6405518058564874,147.16538846918212,0.03331659127074465,0.4881943181318047,6.683486825159505,0.6682407412429913,0.7131102653001083,2.7342447482494165,0.02981231079730744,-0.029843957076154528,0.7015839462238009,0.7053577901442144
724.8365041966001,0.4902413968709569,83.47568764482007,0.02697379971198329,0.5318770604959586,6.099550145952877,0.5456505750926841,0.5847326600408408,1.6588862954318107,0.020876416363669617,-0.022237699188389474,0.5751538029762907,0.5745726388772133
893.76578093168,1.0373461558302355,196.1397236590806,0.013399850289287066,0.5146926447156096,6.269348249580667,0.5300908023114949,0.5434906526007819,0.0,0.007175725087316668,-0.007346379092027112,0.5434906526007819,0.5438440301452434
213.69764801315645,0.3243848344746777,29.990962848072314,0.0743176235471478,0.10833380363901107,3.129931848868111,0.506256702580329,0.6349320704703997,5.27675891963988,0.0324684363021515,-0.030597830350934597,0.6126800639324761,0.5853593057892522
365.51072214928786,0.7581343579654667,91.6697897506292,0.026914723611736004,0.6122908453876091,5.541172296596757,0.6698870666179557,0.6968017902296917,0.0,0.010410065326800803,-0.010088672621722366,0.6968017902296917,0.6977149272100887
111.37934298849741,0.9680325134081302,64.61335109144449,0.053338336049888184,0.24646913749446184,6.637624328811704,0.6710983083581171,0.7244366444080053,0.0,0.00657478198044705,-0.006412858777026866,0.7244366444080053,0.7253066329543578
710.2323610099776,1.026914312812413,173.08699213533052,0.041812020120906054,0.6430820088999893,7.907897201705862,0.5723072157278398,0.6141192358487458,0.0,0.020101251825301737,-0.01955107235625751,0.6141192358487458,0.6152029094431631
2051.582429968271,0.48655920604561376,139.38311795559378,0.06594494655690437,0.6406605269763782,3.298134171352409,0.5828052187578473,0.6927274633173558,3.7762587529176392,0.07603316159194715,-0.07483479515962034,0.6548116672943731,0.6676925674248003
862.3255224725481,0.2702975537723275,50.200463970612724,0.012088433906978825,0.4118307898664628,2.1142048869049193,0.533097551516355,0.5591442053424835,8.761253751250416,0.014217177644362849,-0.014405174217413568,0.5503337661647956,0.5490009603064708
1840.4399700420852,0.8372821121152292,227.17609857369743,0.061700627052016795,0.38543785401698094,7.340116742706173,0.6187661096056895,0.6944788220170726,2.8676225408469493,0.05322925261479068,-0.05290866499049364,0.6804667366577063,0.6868615981884524
402.46322019190364,0.3293467953099808,41.78751413083571,0.05851667988507911,0.2556495427978703,5.04375620949226,0.6983548951857421,0.8020609604690503,3.717905968656219,0.042287239518124346,-0.04223023546480174,0.7739657636432495,0.7622177176872617
109.6182513600148,0.21492182170780125,14.231541503269247,0.07951592073513546,0.6261749507207489,2.761459853111079,0.6794604399508187,0.7831799573843284,2.034011337112371,0.020235098806473596,-0.017308256440327456,0.7637200928159982,0.7629360090313617
2212.9127203064613,0.6825803718002378,203.07942911642357,0.053525442090252964,0.3458684723507887,2.303118178232031,0.6189135217781728,0.7008501626546397,8.919639879959988,0.05474194476448204,-0.05459998302841508,0.6731712925368953,0.6848882654483915
807.4124636866312,0.7972589419943168,143.27721104704278,0.0685371623789821,0.11634448952292765,5.574282648114364,0.5462561079373704,0.6233762340186848,4.034678226075359,0.04276455155017861,-0.0427095732278548,0.6147932703163526,0.6190854778590142
2197.3323949691235,0.4282980559056457,126.97668304456096,0.05275390932647929,0.5981867560806503,4.376999000355493,0.6355241527199588,0.7230730172583331,3.6678892964321443,0.0640338637308004,-0.06216280772498991,0.6938919225734231,0.7034055561272223
1841.8471233170412,0.7102440157874481,192.7810622459231,0.06308955660293279,0.9850753683936438,4.515634327404831,0.6029166103771062,0.6805088514830443,1.1670556852284095,0.05880740906730514,-0.05747846098980002,0.666006166980039,0.6686824439181145
129.92770705891178,0.9164257006793406,66.06601977215504,0.04641610469321957,0.4671652873245087,2.564431778536375,0.6779312843350794,0.724347389028299,0.0,0.006558095962822594,-0.006550454498708782,0.724347389028299,0.7251258032919872
1048.0173760973353,0.8143234383882985,166.72901038310957,0.020456190945770555,0.9653946665869293,3.0706505709309857,0.539908398579898,0.5616846773567742,1.2587529176392132,0.01413577475968054,-0.014250031655084117,0.5603645895256686,0.5605523973448658
2161.558865338513,1.0213244697277382,300.31516716164134,0.024850318526631103,0.5228207993573452,6.400969427376979,0.6756731467621603,0.7048887025447833,1.6255418472824277,0.020524043844343854,-0.019829494060444104,0.7005234652887914,0.7028650736827509
1009.7264680895325,0.6653175381644864,133.70906067411988,0.06192014873638145,0.7580223789875159,6.697760780156509,0.6139867637283053,0.6907491883448906,1.3587862620873625,0.04891554241089249,-0.046094973695192075,0.6759069124646867,0.6791076229251204
351.0762323314605,1.0135759617902362,120.1121697544426,0.07059007775247197,0.8182876922364998,2.599174862964377,0.5408794734162858,0.6114695511687578,0.0,0.021225541249987323,-0.021225151193847058,0.6114695511687578,0.6122692465667582
1884.6408762583646,0.2208260851237518,60.6309917416629,0.07854572435950957,0.4394302123201127,6.315875202144942,0.6775142176976087,0.8170879607890686,2.800933644548183,0.10615689456060975,-0.10680717780663641,0.7735852292763593,0.7806639873661557
1047.1117315601973,0.4872192397396995,99.71280606127034,0.05261187902287728,0.6228904363732456,4.454839865748783,0.6203549511735417,0.7048050215637363,2.684228076025342,0.05042745001928517,-0.05098340698607475,0.6787914654407476,0.6810717915369847
2344.9152869595873,0.6208762309639368,190.1509977930121,0.023771952652544195,0.43948538459470354,4.364641895558711,0.526221738605244,0.5623566305631392,4.168056018672891,0.02531584671818923,-0.025767097704463986,0.5505514988498539,0.5550842918518426
490.8916013309318,0.8161058660543097,114.35872272963536,0.03376344279462319,0.9594085526702268,3.4615804721516445,0.5197849010209644,0.5535483438155876,0.0,0.014745679653255567,-0.01489602904066393,0.5535483438155876,0.5546183037984898
1908.410951200619,0.9929324467260832,274.3377979634298,0.029467934981004154,0.28187929148093016,3.114596809226523,0.6044024602733025,0.641021842074945,6.493831277092364,0.0237985227280102,-0.023380223765127037,0.6338703952543067,0.6374936190625862
1224.1999389922503,0.43349585586908085,95.92705739321998,0.013162118189259848,0.5333422062936527,7.755994085813651,0.6305038401505326,0.6504420108088294,1.5421807269089698,0.013441223592363867,-0.014096921181526693,0.6451947620227668,0.6453834489490041
1289.215735908684,0.29962286662665455,68.04053963005406,0.027670540338471113,0.36529655461708843,6.588821315643406,0.6753421594529239,0.7244251508456733,2.9759919973324442,0.03450912187378836,-0.03259195477700972,0.7090019489744177,0.708597626605307
2263.9404485594523,1.0861117474256787,326.8413578953013,0.07876566781731727,0.9576992194911833,2.430932843017306,0.5275587071855611,0.619992393204375,2.209069689896632,0.0633896215071941,-0.06340572897489107,0.6063243750028784,0.6063243750028784
830.719663542479,0.6976084286580154,127.16539954790089,0.01678845220938355,0.8612172620219283,5.700537074463854,0.608472880460441,0.6268292046226003,1.3087695898632878,0.011458433867384635,-0.01133463204485248,0.6252613326698245,0.6260440757092256
496.74717608149876,0.4279299269601777,60.321253632196736,0.021221841748758064,0.8667398420153187,5.505367160367309,0.6470258855039266,0.6736043750407127,1.342114038012671,0.013521932432872662,-0.014514895840688703,0.6682477272526847,0.6698500893974798
810.4788709840617,0.5341273733794495,96.17134279809558,0.03833984750985737,0.7840134745696313,6.634117926047408,0.5413627055028063,0.5917906081667457,1.3504501500500168,0.03080177632331103,-0.03009326013691289,0.5797025530126637,0.5822670389112022
2359.6932561714375,0.30858980369931777,94.8067684284637,0.07272854576965412,0.19035608108482838,3.5872388669078665,0.6692957072135913,0.7981066090075785,6.552184061353785,0.09395738546686958,-0.09511589385457049,0.7530037256630837,0.7678188619840778
530.7809736306099,0.572211138178973,83.37656065750984,0.04149015099608884,0.3207330757208887,6.261471208015919,0.6702669298804407,0.7226720175459346,2.0840280093364454,0.024307922742457386,-0.025732329071226193,0.7124985509283254,0.714009954054992
2198.980335653372,0.5053899311629049,149.88813427565665,0.047159527600147015,0.3235657634790864,3.4687790093008726,0.5322508125703849,0.6093826797184906,5.9853284428142715,0.053598921406146145,-0.054325940556375185,0.5829678895828465,0.5920728213615649
2356.0456259380353,0.999189945745022,306.7396369808265,0.06441510993293846,0.5658953691589561,4.943647493071231,0.6059491332364996,0.686819357305947,2.7425808602867625,0.05435645288944081,-0.05576061553479244,0.670364243169438,0.6789210897375855
1387.7632325850143,0.5911067762279214,139.26873222203054,0.01922283830244472,0.2130974675816824,7.7134982950741,0.5964061519172701,0.623047489335397,3.226075358452818,0.018060121502738995,-0.01811395870295697,0.6160658271270181,0.6178507108550632
2387.6932597724535,0.347219189939099,107.3057469325703,0.04880915864279536,0.2869455280163853,3.5191076367596095,0.5060109157522358,0.5913635052290527,6.110370123374459,0.06196359107780583,-0.0623778667928855,0.5612583091190935,0.5716714455858968
385.48794577650716,1.0251635668662762,127.30004589286732,0.03250730940376322,0.6473162907231325,4.790084791935638,0.5800902490490556,0.6125975584528188,0.0,0.010291449933366512,-0.01054459458096702,0.6125975584528188,0.6133385439392139
1376.5266192305635,0.36851505015380737,86.47240380718549,0.07920227289637036,0.8364770818334767,6.4496877963890915,0.5937518594027905,0.7177956378718852,1.2420806935645217,0.09151948429035432,-0.08766870184276593,0.6809326549830936,0.6826115763451268
466.90509310320635,1.0285992724462112,140.56931034774473,0.033897094716720935,0.1450960207272404,4.0544220608637715,0.6588914060991768,0.6927885008158978,0.0,0.01254333747130898,-0.012253369144353253,0.6927885008158978,0.6937607198291268
1594.5009879716995,0.8757547262703738,221.1693195525906,0.06555447687036642,0.2907591499724883,7.542699896559081,0.5875979205840745,0.6635343917570902,3.0760253417805936,0.05189990975373534,-0.05210917644998824,0.6531523974544409,0.6584745933458862
1633.632758233995,0.2020778953280678,51.65662433130558,0.07953579488878246,0.35280674736773965,2.3723786392409316,0.5916524083073028,0.7542446976522956,8.744581527175725,0.11050674151210127,-0.10960164393541807,0.6945046340473877,0.7081909501183582
409.6721372369002,0.3370940391418182,43.151836379214764,0.054259796912114716,0.45363465241321,7.531114700929971,0.563831298921614,0.652646694057882,1.7672557519173058,0.0390616956677581,-0.03739768435318353,0.6319174255300941,0.6230045046137265
1842.8323081213628,0.6149894871394169,166.97082626767335,0.05619659107904952,0.6397258210443914,4.836703836553989,0.6900122189248874,0.7745316988279035,2.5758586195398467,0.056750843086021664,-0.05795718313209738,0.7477238432438886,0.7565101099863184
922.512742611894,0.3595119511243453,69.06046760237933,0.05746658426158798,0.8614068051771179,2.2415224396395423,0.5899265376845361,0.6976991957543754,2.4008002667555854,0.061095378090631244,-0.06061104674649163,0.6592083963215536,0.6512749179768905
2241.970455249583,0.8746567570305808,261.9284022702497,0.07942654015483398,0.5782724304375194,5.959974312806907,0.5604960562275856,0.6629213896573828,2.600866955651884,0.07276968554954594,-0.06955906506854057,0.6399225963824196,0.6500019893104556
2374.0854391983817,0.5297019397008828,163.23366477921547,0.06169574988806401,0.46282618370717377,5.370913580377996,0.6439565070043092,0.7382463086534202,2.8926308769589864,0.06953834695578899,-0.07060131134109125,0.7086438988684503,0.7185741120673292
1321.44196420325,1.0163776942185578,233.67334104855937,0.03935106915494672,0.6823646183289926,4.054174599800325,0.5816313336462026,0.6255334582739869,1.5171723907969323,0.026322490763119922,-0.02685550856172546,0.6209824028011492,0.6220866344557112
1156.1202597605256,0.31322631648105675,67.35808704560618,0.016420657534130467,0.7007409308320821,5.933106430058314,0.632581942842019,0.661261299378181,2.384128042680894,0.01884365612437003,-0.01983253069541113,0.6524970478887877,0.6516222384214603
147.43946882246001,0.493892158404602,37.92879150302518,0.023846689308143786,0.8003362802896111,7.163782408376781,0.5493360754452294,0.5731827647533733,0.0,0.005216960002086222,-0.005475192644637423,0.5731827647533733,0.5740694940215936
1702.8379812351673,0.316426523112447,82.5827877183823,0.02926067679211993,0.2247890466100776,3.701124599595375,0.6349473094698556,0.6883432369199771,6.318772924308103,0.0370661331965798,-0.03722479961214845,0.669738361740518,0.6736445491287876
2284.784584444606,0.3822701671317674,115.5641241169151,0.04794553244655035,0.731251991119089,7.717534810913394,0.6220120965774347,0.6961206442751191,1.2754251417139046,0.05844422715288329,-0.058627377617263554,0.6743808212728928,0.6782377764921864
712.2566344657137,0.7629303412225428,128.77546718357652,0.03243438131746113,0.978515551622537,4.398056810981821,0.6370855441522028,0.6695199254696639,0.0,0.018465433944770966,-0.018885967394628316,0.6695199254696639,0.6708053999948337
155.74619763222034,0.5600553015212799,44.20482083014862,0.07125753293257582,0.6492046999899213,4.663657318375858,0.6871874998871451,0.758445032819721,0.0,0.015858029824431644,-0.015354852022030917,0.758445032819721,0.7608615330826191
2149.5625027533497,0.4899941064406445,143.6798582659418,0.04811838814289378,0.5408418304832164,5.793215000689174,0.5668222533917511,0.6429184277671386,2.6592197399133046,0.05508390540076762,-0.055297858872232805,0.6182416288373654,0.625916198831362
686.0920018381318,1.0214046517299826,169.2072648382585,0.07467121496489544,0.8589905971857811,7.869226584587368,0.6489983051559377,0.7236695201208332,0.0,0.03301223651694273,-0.0345588992714141,0.7236695201208332,0.7256022996008489
1935.2013485487992,0.8863310827663768,246.59771866519438,0.043642534165961464,0.5108069750628446,3.441357656894019,0.628963838871858,0.686544321637173,4.226408802934312,0.03787897945556389,-0.03738067533041731,0.6726063730378194,0.6788035543957281
794.3683266456029,0.432027568732119,77.01093858934692,0.05101729618672384,0.46898414940253885,3.313139652767793,0.6632112033505662,0.7499655428399806,4.459819939979994,0.04626592237414045,-0.04718068225045692,0.723925555645365,0.722394028984494
2165.367806306502,0.3509295677100029,103.279896698941,0.010525492295999991,0.4025169716764364,6.785065014084515,0.6678347732468648,0.6851946803471537,2.834278092697566,0.01329545014118988,-0.012897466620732559,0.6796522160652959,0.6807384278882328
431.9897682785181,0.8969023110647463,117.89947441344434,0.01809929171166006,0.4510563311408763,7.991657090071495,0.538518164646182,0.556617456357842,0.0,0.007039877836489569,-0.006706377012220803,0.556617456357842,0.5571211798044587
469.5125981863034,0.5805202992921142,79.5556504935594,0.05337679681789031,0.9396107041719279,7.884926873198205,0.513928127318279,0.5673049241361693,0.0,0.02834461289418233,-0.02624689874105536,0.5673049241361693,0.5700118752791303
431.1940416349728,0.9116641765063946,119.72952536636426,0.02894425065896023,0.8963641535557245,5.980719543374521,0.5223689604761355,0.5513132111350957,0.0,0.010580832812710347,-0.010798478618422336,0.5513132111350957,0.5520964566999056
2098.070283817617,0.35872074200726833,103.91936904877504,0.03964467762757577,0.596966435703397,5.0045968944816694,0.6372325831230301,0.7046327587158345,2.6092030676892297,0.048777059420087344,-0.05007759348108378,0.6823726685856109,0.688269870453042
1666.4481636862124,1.0928378049752496,282.15101084852245,0.07995953364569315,0.5648134623720769,2.571194521765184,0.6455686597937437,0.7379980401866426,4.326442147382461,0.0567872787395311,-0.05731291341284969,0.7255281934394369,0.7348151712050671
2443.993787719814,0.48649374886611835,152.10983972451646,0.042284622008630174,0.48229923233391037,2.308514927341576,0.634452886244689,0.7063089474216808,7.994331443814605,0.04963711416542373,-0.04938454714504228,0.6803687011560898,0.6906279444150062
948.0104681643227,0.9087174871683521,176.95606316121507,0.06824840526973903,0.8391077079380609,4.499995988239281,0.5643091364481799,0.6335612593772972,1.3504501500500168,0.04198620528354595,-0.042330011043245644,0.632557541717919,0.6347315788770566
1897.1698712009315,0.9212504904584509,253.78201263537423,0.04438802124739564,0.9037279175826727,2.8634521764713496,0.675813755931792,0.7313063696228116,2.2674224741580526,0.036925509398169055,-0.037198672840907845,0.7202017771791877,0.7202017771791877
330.6285591325151,0.33817296984915257,38.89010085424795,0.04736880092917723,0.16076663216867354,2.316842608400662,0.5001037488331411,0.5856504391839613,6.960653551183729,0.029156943005306423,-0.028851893618747175,0.5683304197000849,0.5524520657297451
1147.1599832662316,0.897161493163007,192.18195863632832,0.012438684519594097,0.6870318458192699,6.938763904497119,0.5336001697155742,0.5472572747889018,1.4338112704234747,0.008566950012265994,-0.008376069338098816,0.5460388542351683,0.5464602361672333
452.4729635713702,0.9747208762584827,131.13136453976256,0.06761872269650664,0.5850475896377683,6.915199275763882,0.5185512154848989,0.5861699381814055,0.0,0.025556223522037125,-0.024325775969752376,0.5861699381814055,0.5878920801277343
1046.7556430530105,0.8640178004957357,176.7971830401862,0.028021637152677435,0.7770960229901975,5.025071626344883,0.6500531975896466,0.6811248155605542,1.3921307102367457,0.01861819157789602,-0.019072102246589614,0.6780748347423241,0.6790729306159401
1215.2311308575909,0.5311139061996359,117.09736208830748,0.025343245153504265,0.28754140729151356,6.5089448634283755,0.5237820696067921,0.5613571928874036,3.226075358452818,0.02472851944499419,-0.0233334830374859,0.5505506416092927,0.55238292552753
306.3576402662683,0.3586622285199172,39.70360999009206,0.022274255801774535,0.8407968605262097,4.391039740845274,0.6980776914720964,0.7250492711427351,1.458819606535512,0.011477718599462004,-0.011498063372518075,0.720351947273871,0.7219683761341529
429.30701869746974,0.7881858431242792,103.28627623210527,0.041411065504087546,0.4536263590273666,7.250505194324494,0.6951191291656799,0.7365301946697674,0.0,0.01766529340024314,-0.01670084587197875,0.7365301946697674,0.7379355745778414
2194.861501058029,0.37307061113161977,110.5413068564451,0.025455854484625385,0.690466491185557,3.7345014898291504,0.6469450261561159,0.691435621907418,3.526175391797266,0.03171359536131124,-0.031810796892920386,0.6759290784917793,0.6811817408206126
1459.409561943147,0.6958178916413627,168.11798689859285,0.06799828473871501,0.73947949456841,2.15946658998375,0.5098918274292031,0.6099847184549709,3.7762587529176392,0.06032606076975122,-0.060661728266095755,0.5778901121679182,0.5895842426577471
1543.7402858944376,0.6375728680600481,158.43347281366752,0.0282129258740094,0.47679047858332146,6.547461912397163,0.665322296931586,0.7046836820857184,2.759253084361454,0.027047859472660987,-0.026151297805555473,0.693811175032564,0.6974676861575079
1446.935362936106,0.5468325327713928,131.55546842199334,0.02894877330465749,0.5697266236923282,3.888497711386286,0.6128190274094446,0.6579354952931118,3.901300433477826,0.029361211404998918,-0.029283028053458445,0.643749142480895,0.6474897440737313
1723.9657180231304,0.2594712898274554,68.13709585117441,0.010074722551592306,0.29104942495666863,7.367068986312686,0.6292581526457118,0.6468168423802361,3.026008669556519,0.01340756905233473,-0.012386725644139987,0.6413289016964776,0.6414844754143021
512.7048446488549,1.001237565641257,143.3840495579955,0.042896915820113804,0.5284825810107946,7.61325166305593,0.511897338436668,0.5547942542567817,0.0,0.017291211289332663,-0.01627536202277838,0.5547942542567817,0.5558745826401933
616.4278591089245,0.7271941926392502,114.18827879561483,0.023684055670740285,0.711574308288062,3.284553736020321,0.5198313941197629,0.5472865364643431,1.5505168389463155,0.013393454735023583,-0.01346495402039344,0.5435154497905031,0.544359240551057
596.7643831380153,0.5804606308448561,89.6817785917876,0.02232968094211559,0.2212228224310126,7.161691317313645,0.5640794407194616,0.5920161398336078,2.2257419139713237,0.013846285113420039,-0.014734722474904104,0.5865659342617409,0.587651603130656
965.8208476438086,0.2497433685511049,49.087650823667616,0.035015873645143795,0.3383264595894217,5.662910404050731,0.5410780595344813,0.6072900122076041,3.2010670223407804,0.04292641799836503,-0.04366840183760675,0.5879654730430613,0.5829162572758978
2232.0770873508172,1.0366999588275998,309.7687987725783,0.016988174002375313,0.1966626606597195,2.691958628665928,0.6239138512620623,0.6452691332862028,8.444481493831278,0.014126805184153275,-0.013939473001169864,0.6409020252644376,0.6432258806231058
392.72551410309495,0.9671440861372398,121.21761494422215,0.06279900604565247,0.8378279724142217,5.156363161316126,0.6993354423038307,0.7621344483494832,0.0,0.02102273449802277,-0.021290948996039043,0.7621344483494832,0.7636924137558877
206.02024706598706,0.5611384677675021,50.93953655249979,0.032675566825634536,0.9537809488413769,5.461165750985558,0.661238193088945,0.6939137599145796,0.0,0.009149450791923329,-0.009207281146256598,0.6939137599145796,0.6951856323709603
508.81886478044527,1.0807707295103952,154.1860817887149,0.044904768281342065,0.5443048686435812,7.825308371274427,0.576146472243429,0.621051240524771,0.0,0.016967943819938762,-0.016187076245839295,0.621051240524771,0.6220645129074098
1054.0600589319831,0.726277432524443,149.13007073020609,0.01896368273834509,0.38897706377066943,3.1592499346707834,0.5206566958214099,0.5457355825256711,4.859953317772591,0.014461394531537348,-0.014539829643551766,0.5396203785597551,0.5417933930426798
2178.7470551944484,0.7303980495147286,215.6219687105172,0.03510709540695379,0.46780243963004153,4.589114022124128,0.6266298364289419,0.6759853433581944,4.034678226075359,0.03493091798002288,-0.03413559382364407,0.6617369318358957,0.667465412376344
2324.246539573584,1.0395016576912843,316.9540302323914,0.03740443856714644,0.39633621363799265,4.706279001111531,0.6135868460856985,0.6590036223757724,3.226075358452818,0.03149650018997671,-0.030743537654723447,0.650991284652845,0.6552341682716541
1208.3629874793958,0.792878068835031,174.31513963245766,0.04880793163658346,0.3886439920246685,4.074384834575795,0.5757185575119461,0.6369210051481715,4.501500500166722,0.03739180111066859,-0.03765006150797435,0.6245264891485296,0.6295376956105487
327.13544379853283,0.34945636917257583,39.974842041828275,0.06061796615017703,0.450187040369872,3.287233835360862,0.6125344821149714,0.7197460249923724,3.484494831610537,0.03648330153038732,-0.035559288613763236,0.6948647408362378,0.6782497709045787
1913.2949019362254,0.4316801261108343,119.42163359184435,0.06787529173466211,0.9347543736625447,5.584367174443044,0.6337895317983159,0.733184745181102,1.1587195731910638,0.07809896489997815,-0.07582366966186985,0.7039299337605176,0.7088293554218432
226.1823767753329,1.050967901919716,99.96519779187476,0.037473931398546066,0.9315103604908869,5.473865148501456,0.5009237597686655,0.5383976911672116,0.0,0.007822333811426635,-0.007735455597005615,0.5383976911672116,0.5390930365681972
192.5007983762457,0.8123769251029298,71.28593369467737,0.04938676096823532,0.12387919348546692,6.460759767334312,0.6704290674138363,0.7198158283820717,0.0,0.010828675947223818,-0.010510352263525776,0.7198158283820717,0.7210605522067095
1291.4019578543398,0.6191816963215295,140.72745236421605,0.010383117618423924,0.8079847412442394,3.984296400476633,0.6757527239565079,0.690390014449468,2.3591197065688565,0.00954177224997796,-0.00934066976979999,0.6861358415749318,0.6866906640077536
995.3454101393273,0.708570119567635,141.38382890537872,0.02892392517395293,0.24452948132642682,6.649447420287968,0.5993180957692563,0.6348924876128775,3.3511170390130047,0.0219030588142684,-0.021191886054799585,0.6282420209432092,0.6304965514459001
1387.5710170054017,1.068874358133562,251.81654690156037,0.07745059385555075,0.8700779095321631,3.1256557565902012,0.6188545388603159,0.7001271745715737,1.3337779259753253,0.05171051763511734,-0.05185654678325365,0.6963051327158667,0.6963051327158667
2207.55381917329,0.537017542804044,159.5784046065437,0.017077431615490947,0.8298666120159297,4.890581308173029,0.6128785360718357,0.6384228002079309,2.217405801933978,0.019083424100228584,-0.019076815755185408,0.6303856693663263,0.6319066908016111
2457.1463111628264,0.7464902874446651,234.02899405599342,0.0397485569966271,0.43298593106247807,4.505715755924274,0.5236798166357337,0.5803323723482366,4.159719906635545,0.04002861594869146,-0.04011734815449667,0.5634283736323608,0.5704080426753889
2007.4013402021724,0.9539451723683372,270.3152298831056,0.029907799420138624,0.3734169565689497,7.2460055380088795,0.504794071105591,0.5398406056862777,2.909303101033678,0.024781356041182423,-0.0243299611252548,0.5347018705257297,0.5375118790280975
1349.0978650413465,0.617308143213351,143.40151156637685,0.05830887387049219,0.24705253013450904,6.0099844447709225,0.5753468015749753,0.6575748037893955,3.4261420473491166,0.05343635985904986,-0.054086849975975085,0.6347489293263746,0.6405934593593063
1584.915467607141,0.23608550888549834,59.443227021439256,0.042320903802915665,0.5700258045841349,3.28595841712992,0.5279247308358241,0.61118182681583,4.993331110370123,0.057211126969151,-0.05696067673036078,0.5817112785598427,0.5870275250979075
552.3383272295233,0.5097269702570133,75.76527415623514,0.016776710451348,0.952587816156644,4.429964368974904,0.6617939205013498,0.6802312340312295,1.2837612537512504,0.010336119208721566,-0.010904604512964624,0.6785706309526978,0.6796319564061215
2438.601095461232,0.27266175200246523,85.15783249716172,0.05561686275544959,0.8842681780670926,5.805406603800369,0.5858052242714825,0.674231431093505,1.1670556852284095,0.07156642129865846,-0.07297045690060748,0.6483079610332435,0.6525396406311704
1134.5832583310519,0.23230899740662303,49.48963053800589,0.04742205259024928,0.9941886971081627,7.752245155831605,0.5080798457684327,0.580068876095447,1.108702900966989,0.051756523296182,-0.05704988841234073,0.5612254309246525,0.5650192442916917
1793.9128087107715,0.4715883800272378,126.3262942950402,0.07320924073842958,0.1406032711383507,7.615244612066483,0.6674951487575553,0.7798531843294616,3.401133711237079,0.08277661940065005,-0.0782071965594199,0.7452159335188552,0.7521287647600258
382.01051740624365,0.2538419035855693,31.378412762057316,0.06842953650288551,0.24018190387712146,5.2093889178552235,0.6831489715757418,0.8219117844980979,3.7345781927309103,0.053746518537278284,-0.05590561162192239,0.7845208883441304,0.7592791979302831
1461.875472518376,0.5575099713255418,134.8148785406374,0.04115112383977946,0.15680545363348392,7.812513928169593,0.5621308370162166,0.6208674759906562,3.3427809269756588,0.04052965654762088,-0.040358250906721016,0.6047765943606875,0.6084036307263557
554.4723800148493,0.4574425716563558,68.12500292677946,0.07750612364240353,0.1848574481392063,7.203818243007088,0.6415687788802895,0.7482156641194352,2.3091030343447816,0.053930475654804515,-0.05700188426907144,0.7282838961234097,0.7247565647849797
2092.0460299816677,1.0783077863311068,311.9308687596535,0.06895082588618104,0.9490441161500676,2.761611540745519,0.659157713033394,0.7370530219196642,2.209069689896632,0.05410717310381914,-0.0542501711803716,0.728108538919575,0.728108538919575
1409.6216657945147,0.6891460355718747,163.64115679502765,0.07292451034243595,0.9746234367820401,6.229029938259085,0.5965876778943567,0.6787955634943889,1.1670556852284095,0.06034541614490223,-0.06183220906970696,0.6695121882367927,0.6733222674915088
1195.3692589644288,0.5477073115008637,119.7649053625992,0.035311932070086385,0.45235615751598823,2.5385194115071714,0.5154872170520877,0.5712471447814508,5.96865621873958,0.03335020137230778,-0.033615457549702875,0.5537690889091955,0.5575864090187441
1971.687625293548,0.6014656036282036,168.91174444941754,0.07514791419812343,0.6509989077345572,2.2110558931065185,0.5315046682634958,0.6520751365269262,6.168722907635879,0.07824331751298969,-0.07868603542104688,0.6102573600047412,0.6259075605538886
593.9675032312182,1.0781624219506947,166.18641873024742,0.02530929583061444,0.5641801086592462,7.617061589841176,0.6954385459828714,0.7207478418134858,0.0,0.010595535208600475,-0.00997073678328917,0.7207478418134858,0.721335636752668
667.265044920507,0.24420587937503613,39.89654598542873,0.020752128277643098,0.15699563083230228,3.1707454465540184,0.6137139429407471,0.6592061092174047,7.19406468822941,0.02386307161455091,-0.02305334555640356,0.6445047099213995,0.639194685922247
2289.8771111095402,0.6834969953249062,206.85817719596352,0.05381926896893566,0.281680526448587,6.803501724043101,0.6235577817011166,0.6992023775394891,3.1593864621540515,0.055227469662893235,-0.053918340890761786,0.6773770506700523,0.6851027994244102
2173.9283900625396,1.053958796305206,310.79659028518773,0.03435305430296146,0.18152115268189542,3.355573747500695,0.5875683131351674,0.6295861675470028,6.852284094698233,0.027845568679485132,-0.02797503107891778,0.6219213674381289,0.6260968341689533
2369.664764378736,0.5404788401360738,166.3995498160163,0.0639541249565759,0.5864290229536795,3.0968526225858595,0.5641468237906904,0.6681115285936543,5.010003334444815,0.07211463260776972,-0.07275843731807831,0.6319361855928105,0.645443901273861
1667.660524054765,0.8055680552164042,208.05878397038816,0.040433182276633235,0.3057810423959032,6.331440677076058,0.533774608322543,0.5854581615382439,3.2094031343781264,0.03484229335076453,-0.034250656264143094,0.5742077905991763,0.5785659298233538
2348.007260476304,0.3691132211328291,113.11997871212955,0.01751186539827643,0.547882932128841,5.117297588658165,0.601638582955649,0.6306007202209479,2.7009003001000336,0.02184392178454206,-0.022047474350443283,0.6212819331449739,0.6243805543339094
1148.0019744132148,1.0953334035466475,234.7186752643807,0.04403964288694073,0.5301519226658479,4.5305963762873676,0.5133651509402926,0.5584471277422548,1.75891963987996,0.02611187595027923,-0.026559177564430166,0.5574047938272333,0.559710644307037
1523.0959147590786,0.40517099500086423,100.00736168908418,0.0546326286160335,0.14575011575362945,7.88832260751801,0.5938010158025344,0.6808221745078775,3.3427809269756588,0.06243787370654662,-0.06111200295320976,0.653615371607959,0.6571406388735838
2252.2128918176763,0.6280050559096414,188.49414115427524,0.014223157300195521,0.8399921914844263,5.889102378002806,0.656351409514789,0.6761423977040637,1.2420806935645217,0.014768248707045519,-0.014997064351921757,0.6705745668149845,0.6714710728458917
1127.607672421296,0.7741430698219804,164.41076006953534,0.06993603026576253,0.6679588985846987,4.08604180901542,0.6325059188732399,0.7213322528321222,2.642547515838613,0.052253212031149736,-0.053316345521913965,0.7024419491390025,0.706779897627256
1712.4500526737615,1.0645282662559628,278.6096469585142,0.03596386250791685,0.4825735907627181,6.872737767122355,0.6011524629485482,0.6409026277416691,1.683894631543848,0.02599942449268684,-0.026126038612951357,0.637116325456465,0.6391314284130399
1867.7754234777592,0.6137385180082329,167.75508919602646,0.025084659926889033,0.7706834585029098,2.7869310151082596,0.5397167327062616,0.5790831964200859,3.51783927975992,0.02582914022583443,-0.025651274724626402,0.5655077371954197,0.5698372452273738
1604.3799586821008,0.8725428201728629,221.039738966697,0.07262815208074705,0.3453278476743025,2.664345551603326,0.6912093319045258,0.7854981867588667,6.485495165055019,0.059165656961128056,-0.059078721879351995,0.7638374839852728,0.7733199735402911
470.6154112531419,0.37790028402917564,51.84898827528,0.030393061749092606,0.5764522186236587,7.296953396204469,0.6521092045459733,0.6990990731126826,1.6005335111703902,0.02219882872408897,-0.02181016680578089,0.6866545142389745,0.6851179741964496
1799.5781292223244,0.35766251107040337,95.95967539183623,0.0350377842068182,0.5305644334780102,2.8845557209135153,0.5546859404253345,0.6181570990380721,5.335111703901301,0.043438373508122165,-0.04300403365306662,0.5956275849538953,0.601676054037491
839.9996894868262,0.3145485784961354,57.657696171139115,0.04851677843357804,0.7345253768717737,2.4195897888611673,0.5962246203526299,0.695490767299761,3.7429143047682563,0.05347679082774196,-0.053506447073058044,0.6624488608272863,0.6568192373544216
1977.3068686427082,0.8731911160572023,245.5705832175607,0.0670551167353128,0.5034165698535463,6.923342495839164,0.5481506142428538,0.6307140495638924,1.6255418472824277,0.05801097624095423,-0.05789689190996081,0.6152057309781667,0.6221358306562675
965.9453474020368,0.3587200187760212,70.51181387765472,0.042723917760000035,0.452854020173899,3.4455626984858734,0.6503561418461563,0.7285466749310975,4.443147715905302,0.04647214129585856,-0.04663709709241484,0.7034592538389203,0.702632665752354
853.2322530679518,0.4455238971312522,82.30659423796256,0.019162323159534655,0.49493953162175386,3.817787773023812,0.5738545682681937,0.6053805054660053,4.201400466822275,0.018012867365711303,-0.01750712302336308,0.5961716654203979,0.5962002259258015
666.3934302893264,0.8868399408379106,144.79067522129813,0.07510023431483022,0.5481386675099988,5.857990540044995,0.6734344553213412,0.7492686924046205,1.6922307435811939,0.03780794311156368,-0.039231135215425934,0.7485346896361714,0.7509079010618427
2497.1911296007806,0.7521648362568489,237.72174729066182,0.07228456265779082,0.9177474219000777,6.748708926845734,0.592186278214622,0.682113562078608,1.1753917972657553,0.07101272063791876,-0.06861945660985383,0.6644708408724128,0.6680500320813612
294.76960101735835,0.21422499989612048,23.261702319787865,0.04340404432980473,0.5448830801811559,4.444174327177834,0.6136334702582729,0.7027267184836656,1.8089363121040347,0.03202562324259228,-0.02929263624658585,0.6848004859258405,0.6617103796135041
1425.190487930625,0.9529517369294238,227.52931492333065,0.01760599722835837,0.30265989949499095,6.758029873757782,0.6695673734447309,0.6890514569991327,3.1677225741913975,0.012894757687236375,-0.012345232888143664,0.6871733706730893,0.6884292198643444
2487.578112690083,0.9856208147483758,310.905371695593,0.07229293049506318,0.38291314836691437,4.409969804056258,0.5536170209641103,0.6457803454345502,4.376458819606536,0.06310118095263487,-0.0641292416767501,0.6259099514591734,0.6348252669825147
1555.1185556625176,1.0449248187863347,260.6134298706321,0.03412486205581324,0.6013016036933052,3.7777977827209104,0.5339599947545415,0.5731885590331856,2.8259419806602204,0.024466642810541814,-0.024391312937249086,0.5680848568103547,0.5713093993619975
568.4452715647735,0.25215081008431695,38.021976804354644,0.07645054661064801,0.46259164765686667,7.004725352012649,0.6362658945379382,0.7774464986002313,2.8092697565855285,0.07744862195058198,-0.0771305752727613,0.743635706610405,0.7234955217830097
560.6107873866049,0.3579160219211791,53.59717019848278,0.06683917410573814,0.3382405395575836,7.479711102211855,0.5280110809378982,0.6326601758200925,1.9256418806268758,0.05601741441196886,-0.05588470502944267,0.6107503062420858,0.6012485865666507
1726.5006746907268,0.9330264884278405,245.19259234101222,0.026467947189095155,0.3485866271109095,7.78711331683521,0.5529195210692317,0.5833599071658903,1.8589529843281094,0.02035601095114358,-0.021050820738876933,0.5793874682583269,0.581360733153434
1131.8969197601148,0.5892640339181295,125.38436047952713,0.02771243249507785,0.7982119777933815,6.631096059374931,0.5756636028447571,0.6123321729128652,1.3087695898632878,0.02456843393567702,-0.023231967085906885,0.603376035339835,0.6051193691043407
2104.3018985937606,0.3917674409591022,113.66123194824586,0.010301404296737506,0.6140506258501669,7.964466634714271,0.5077288619653769,0.5235468273156926,1.3921307102367457,0.011996079154827453,-0.01266086685211755,0.5190885192096577,0.5201977199412166
599.1953769003054,0.6670231782383759,103.26547522554498,0.06669585155114095,0.1801378045675479,4.371407922553366,0.6494151601259772,0.7308991600635011,4.184728242747583,0.03948660237049189,-0.03983066811045634,0.7161110116771182,0.7205706243269919
991.7037001752677,0.3699527784280751,73.68299253090711,0.023684707917761116,0.46904390822349484,4.876502448835347,0.6723628835632027,0.7133826130145964,2.98432810936979,0.024726312499582046,-0.025845209206704262,0.7010485351300172,0.7005822035200164
1641.4058045631846,0.8213617590639515,210.46140107217352,0.0788091020075135,0.47065909627087643,4.420126419494769,0.6846693935451624,0.7866533843381723,3.059353117705902,0.06753685605571154,-0.06572344788684109,0.7634784955526759,0.7738126093704699
690.1014088121407,0.8568337216725801,142.3583687814102,0.06282011967526943,0.1880091977008988,4.809388434161504,0.5401124942643107,0.6058515245522667,4.009669889963321,0.033424008877310736,-0.034355745859038674,0.6029326139395802,0.606290172102203
544.9006547259655,0.6174452994165887,91.1563965989533,0.030260079525564552,0.8164544028632839,7.445629348342894,0.6605441210576731,0.6908042005832377,0.0,0.016560436871376434,-0.017507557627405915,0.6908042005832377,0.69231809667773
738.4740942919966,0.44672095431974757,76.77749748758966,0.027830984508222724,0.22153428645061246,7.662790208622267,0.5804095596314138,0.6204563120179949,3.259419806602201,0.02238695644972022,-0.024295884644110737,0.6115829440061165,0.6106150065422807
639.254738910097,0.9620039454574194,153.83098715499335,0.03794367118604534,0.13160512999869994,2.971649421497787,0.627850068071234,0.6657937392572794,0.0,0.01783557306914026,-0.018081704630701242,0.6657937392572794,0.6675798253580889
1978.9726580121376,0.38984094963984167,109.6825020540343,0.07421769124862995,0.865897408046948,7.090284524366486,0.5455322293598428,0.6571938963810441,1.183727909303101,0.08888461530008257,-0.08331831531176435,0.624668920010907,0.628788817029389
221.28637276013848,0.9806811855343254,92.26461504777333,0.03140601601169972,0.6570247430561733,6.559801302204381,0.525658651702224,0.5570646677139237,0.0,0.006732905230390802,-0.00688179934058013,0.5570646677139237,0.5577128126696218
1974.012050845715,1.0446603130649594,293.548585160595,0.06098624760224864,0.4971004736325023,7.260068832510218,0.6054915260145117,0.6751620707329172,1.6338779593197734,0.04632894092688817,-0.047729015233370045,0.6664777736167604,0.6703144827395223
1887.45022676021,0.9384553494727439,257.85844766932956,0.062454700318930426,0.3590693884433386,2.7070634054349867,0.547667705872412,0.6280150631250583,6.368789596532178,0.0517474814801959,-0.051667174998975,0.6101224061913424,0.6185146356245411
1306.8998487528477,0.6547492300637863,149.70149791303774,0.050785104452017636,0.45559165379310174,6.721348288700166,0.6826307500694415,0.7503513433681896,2.800933644548183,0.04488654049308309,-0.04455965470126327,0.7334158545214592,0.7391279442087904
692.1401283507311,0.8628708959316993,143.57301845353632,0.05745802967815313,0.5707814493513834,3.1311814032449616,0.6590464517165419,0.7212505562033275,1.7839279759919975,0.03071671702323043,-0.031113768249694654,0.716504481394695,0.719404032626081
2405.5030855091986,0.8496526990102522,263.55690332853493,0.07425019976380139,0.9857667384531997,4.11230404543543,0.6276447105852674,0.7171741405038641,1.1670556852284095,0.06835090532474107,-0.06865017863646208,0.7018949103490688,0.7026598381664434
1237.4385703313872,1.0879658721769072,242.05111770859372,0.016566547680540746,0.47113742286750215,7.253234267163418,0.556810262105303,0.5736553280803693,1.7089029676558853,0.009759352102031583,-0.010363348182511126,0.5733768097858438,0.5738041538546684
1990.7028415332945,0.5445048465022302,153.65084871788952,0.07859849779231108,0.8951768527813367,3.807922145975692,0.654038622707571,0.7725617702694285,2.1923974658219407,0.08601193759003983,-0.08465503655756028,0.7334246966565742,0.7372377989862271
908.4557051998448,0.7457265561939816,142.154785086658,0.056093653787530444,0.8466358681771344,2.146705045292089,0.5440315782304599,0.6149109035545393,2.4758252750916974,0.03869225845275843,-0.03881442293774022,0.6001252320179903,0.6001252320179903
1808.602745412589,0.7071709132725836,190.20677317299575,0.04469235547408002,0.14968896103718243,4.0896553007687375,0.6730200463821296,0.7362791928815553,5.485161720573525,0.04261229690327748,-0.04256522505296473,0.7177124018562097,0.7248818455802756
174.14280888647724,0.556792611828331,46.47038089675457,0.07616038013695409,0.14579266109051317,6.498234506267821,0.5515225232364073,0.6276829033733613,0.0,0.018703442325079735,-0.019346309085801816,0.6276829033733613,0.6304719437873348
2179.8611971688138,0.8714611810634287,257.3312101832796,0.07199936196008541,0.2943323113881394,5.187756528911629,0.6558539887149601,0.7484965234918299,3.442814271423808,0.06536404324428675,-0.06407650292404987,0.7278533506750455,0.7362198751784564
689.6793831879544,0.4076716747404953,67.7117682038001,0.011902749344830953,0.962663764577907,6.26010128032774,0.6271120708020369,0.641971417418383,1.2170723574524842,0.009311721538631391,-0.009795612417264453,0.6390148201468678,0.6400791758425999
1885.587334467978,0.6784516268258955,186.3254634027792,0.04332936747632873,0.5045790170111688,5.842635272621848,0.5403069950784767,0.6016794672963685,2.759253084361454,0.04257284467418152,-0.04217016022831276,0.5836907299516467,0.5906782242164436
2231.340868035687,0.9305771340973388,278.01314617674194,0.034469452801642375,0.6207483671312719,2.8461637997000877,0.6944692495867195,0.7404431597049653,3.99299766588863,0.030389168089093706,-0.03033775097332612,0.7289387023883619,0.7347662102082385
2266.9424503126806,1.0297077558492804,310.0731970207137,0.033251413339241614,0.2522212366445702,3.270632980797862,0.518000278209018,0.5597389152646354,6.527175725241747,0.027895476063733403,-0.027704138473076335,0.5512516915482596,0.5555687999965101
388.2655122433224,0.26417408076636084,32.92187855754035,0.07928761484434114,0.16665191503216625,2.795252485708482,0.6654509191181472,0.8321145794172264,6.393797932644215,0.06308860616973407,-0.06523586558550427,0.7929197665433191,0.7561226146008762
1492.5765201830634,0.8969754841123994,219.1688715550014,0.05416384054408586,0.8939575632960532,5.830805166588443,0.6044250185806301,0.6627871397840599,1.2504168056018674,0.041413715058907084,-0.039939255960565266,0.658588859124716,0.6604972362996423
1810.5992650271194,0.6026534766128986,162.18430788374965,0.03422446760333143,0.5208872072051912,3.018284630591364,0.6593143459605383,0.7127017300099212,5.343447815938647,0.03523593979288286,-0.03521917557757108,0.6949673432609837,0.7008479057543898
725.6890752062671,0.33817839170334274,57.61706645542254,0.027244656924825875,0.8578631365950158,3.981207773586388,0.6372099739011801,0.6820099235666655,1.3254418139379793,0.02665207584884068,-0.026499676765394845,0.668583749358302,0.6674957127016784
2155.383113573774,0.2699702002325379,79.26985473410521,0.063551708362463,0.376898919741127,3.2997341851042563,0.6377802904905944,0.7540504674620161,5.801933977992665,0.08477421818879322,-0.08365752702032389,0.7132625577319808,0.7260947557539097
2283.511894559761,0.4655172878411559,140.69136676728078,0.04981836637690234,0.3608507024645424,5.325713514358568,0.6243724061308681,0.7032359621614948,4.159719906635545,0.059075846593970874,-0.057977540624680426,0.6781551392084947,0.6863386609868933
1564.8049330964316,0.7611917326784714,190.43824112600453,0.019455585455226687,0.7241864226280476,6.048502138281339,0.6365176244433766,0.6615625520094204,1.3837945981994,0.016386806265809607,-0.017070539179138432,0.6559732098986033,0.6568646549875004
277.7693265728952,0.6021549581727375,63.471740174785005,0.038632459243201085,0.17804033527887925,3.334207567380864,0.5881925263596073,0.6319216684695084,3.101033677892631,0.013608806208740403,-0.013779584756881723,0.6273530905668161,0.6283824126012741
1882.9751436593974,0.41335586928619694,113.44265909773677,0.06808249370874381,0.5912184571655171,6.562530111107705,0.5945111966673714,0.7050423891584433,2.492497499166389,0.0811475123213797,-0.07970982243881439,0.6698849034933374,0.6781792062025738
1298.0661410133362,0.7577474504416764,172.66443441254884,0.07495794257160769,0.542631323271619,5.171945228649745,0.6203993927055058,0.7174351540896449,2.792597532510837,0.060985086826193614,-0.06094466245518771,0.6953573352771135,0.7035163227335058
1870.0363295145419,0.2646653019376109,72.38557453877833,0.04609812069653805,0.5334324302854392,7.530109905425422,0.5987013160872682,0.6782021108374248,2.500833611203735,0.059699062980409105,-0.06079950767836711,0.6523765614036694,0.6575208392390897
1223.9692832663943,1.0659799896812319,235.86543810982312,0.04154035245206171,0.2627959872898813,3.30149673683473,0.5190375076673949,0.5635255316679384,5.418472824274758,0.026050085847520534,-0.026391149288631517,0.5605778601194565,0.5635555669320498
101.36351022146668,0.5887510949004338,37.48888677650874,0.06384698069087551,0.7601197985198522,2.192894526817101,0.6139965807188066,0.677843561409682,0.0,0.00874253175270689,-0.009133563331213077,0.677843561409682,0.6791798154722685
470.2795009923424,1.0469686562882277,143.59578764941332,0.02171554997509255,0.6639752959277334,3.9574301729843406,0.6283122651928704,0.6500278151679629,0.0,0.007953295000130504,-0.00784993203562132,0.6500278151679629,0.650515718667963
1089.4206315137803,0.8836787470757554,184.46849460910502,0.02614753877295005,0.9152126676228342,5.001257895880112,0.6512186295425706,0.6773661683155207,0.0,0.01753796464698828,-0.0170657660995197,0.6773661683155207,0.6782662502224105
2139.352459362945,1.0989457498593245,321.47515896625816,0.025676196591577077,0.3582031722071094,3.5025985203913295,0.5525742664319565,0.5832568485705747,4.826608869623208,0.020125702807793754,-0.020280329577000246,0.5782504630235336,0.5811819543530472
1497.8673796945059,1.0941702708312588,267.82529238482726,0.07931946609649282,0.5740959082260769,5.834163261588043,0.6719941087403212,0.7574809412052339,1.6005335111703902,0.05418451747653482,-0.05286743139168205,0.751313574836814,0.7539713044181898
2339.0403002884123,0.3834745645965896,117.29659655535829,0.04699792102597171,0.8495533491953611,3.8192124598075496,0.5879618084960934,0.6685005016336208,2.2340780260086697,0.05803805776215536,-0.058641457477019966,0.6396151439216318,0.6461115338006642
2465.4906436288193,1.086542027048784,341.2150704223287,0.07342747675356272,0.8186035103452518,3.6147830043368345,0.5641700148134374,0.6542443019566495,2.3591197065688565,0.060689786645909044,-0.06151814081116141,0.6375974915670002,0.6388285251231363
1413.4788188916993,0.704699637105811,167.56321943556938,0.045385197354994695,0.6730032519246755,4.449938135797932,0.6498348314631066,0.7126743223762354,2.5758586195398467,0.03972306479028312,-0.040149063169715796,0.6952200288181013,0.7000494626578861
900.5198235480528,0.4976092972517174,94.44198802538455,0.01890581733242796,0.2698409890260273,7.103125273528146,0.5892564677160883,0.616677902771195,3.2010670223407804,0.016502043963806938,-0.016810082065130474,0.6096869880826395,0.6101264738552681
646.8826877268011,0.8834069900201489,142.10311275333876,0.04877867880718017,0.11904041028096414,3.898168744020291,0.5354002822242682,0.5856114440352581,4.676558852950984,0.024869159935526786,-0.02487521815504137,0.5841789610314483,0.5867267731102398
1674.0948663588174,0.4475279365672276,115.80843132741258,0.014546274544696054,0.14944149027790235,5.4903637877522895,0.5043446911408179,0.5274622625204364,4.851617205735246,0.016487482607993327,-0.016431447337896837,0.5203835611902148,0.5218610108639838
2137.101071526613,0.3398574073315481,99.36633384786981,0.052459643463680095,0.5002192252096711,4.657109127391415,0.5143594284720092,0.6053243751646763,3.8846282094031346,0.06714108771996907,-0.065520562061844,0.5742641972503486,0.5833709545796251
2026.6054005093176,1.0037472362779274,285.78468791813185,0.010771166716895993,0.26074375812740597,7.4234251327728735,0.6098987225600117,0.6222180799910695,3.1510503501167055,0.008690224827865255,-0.008455031721811387,0.6206698892769077,0.6215892105217327
460.0949877957043,0.38251140734824296,51.89172860594473,0.056199037096598,0.7523351400221857,5.5965608514796115,0.6906296759825051,0.7727410751331801,1.4504834944981662,0.03889203046214864,-0.039626517961509546,0.7484040535639187,0.7514943327474829
1285.7526487882649,0.4702447209282741,106.64306984811492,0.04340630369830576,0.4236996642999499,3.346495356048118,0.509192649868028,0.5811230381679852,5.626875625208403,0.045683623451157805,-0.04545586360274676,0.5578306015337067,0.5617094590894663
945.309984556298,0.8402684129387681,163.39364312877566,0.011290646201263566,0.49526066188534124,5.86405640869921,0.6220808218348615,0.634914559217667,1.7422474158052685,0.007433937882654905,-0.007307189057168225,0.633371468036125,0.6338554007428714
1963.956246132918,0.9294677440938179,260.513493306019,0.059819407464357155,0.1925179265302745,4.850134664026164,0.6206811914975217,0.6944720350662748,4.951650550183395,0.05069871698659405,-0.04953338849173957,0.6805005989618789,0.6864073197664223
689.3584931426839,0.23829663588209887,39.57040290590201,0.025651322461323282,0.509404961559375,4.483581914327605,0.5353333962654323,0.5891323145024493,2.950983661220407,0.029485682087512316,-0.029868905946259183,0.5733911664579334,0.5666621576150772
2078.597302440383,1.0331180018630521,297.896296780402,0.024094382333690066,0.9366156240104995,2.107165755051085,0.684992494541389,0.7146716059902763,2.2674224741580526,0.01935491062221509,-0.019362414510707728,0.7090868768750791,0.7090868768750791
2384.629096194179,0.2108466767143327,65.1189179150403,0.06341135077437236,0.9731814153128591,7.43541331290667,0.6941420322392425,0.7899041835027404,1.075358452817606,0.08229499621817844,-0.0814087383109922,0.778183535982104,0.7748776076049201
1420.7764136743344,0.2703405258968495,64.44719492261338,0.06948524384635253,0.6524454302281104,5.6884204651297345,0.5834507219717372,0.7126501206251499,2.45081693897966,0.09084850786639537,-0.08757708539944509,0.6681223255714593,0.6715959359508864
1472.420743650662,0.3382218011775031,82.08192958284523,0.06178390185963053,0.1675155766163881,6.378684602262752,0.6697956845249707,0.7732533877287912,3.5511837279093035,0.07377808170097865,-0.07523660907007491,0.7424340624937524,0.7437104932183434
1233.9248261547716,0.6588473294513445,146.37238074200897,0.03185499910454548,0.9725127253530288,6.3987468473572715,0.573797710660069,0.6092277026368528,1.1753917972657553,0.025251360340123437,-0.02635630592411661,0.6056527097646145,0.6073792985483432
519.5377269592121,0.39762163298188224,57.320311942773756,0.04247456002770351,0.9483115602829041,6.4048780745655085,0.5430487496358299,0.5917429861126108,1.2587529176392132,0.029568187202465616,-0.029395794392903265,0.5855233096635335,0.5890507073317383
2162.946720205355,0.540380470708713,158.94707919517177,0.06962055279267632,0.3175296381830178,5.711963671617905,0.6853340976162563,0.7895631747466372,3.2344114704901634,0.07608099839115469,-0.0779646434521243,0.758074417401006,0.7680395378150234
718.945621954706,0.8236339315272696,139.67293121210133,0.07911188339700007,0.23553845851870317,2.530413744204046,0.6348390384889632,0.7241270330016745,6.160386795598534,0.04493341242932005,-0.045221864686982444,0.7139509218859632,0.7198714590596146
915.3662745976729,0.26412002962993203,50.53924929788546,0.043271393251852294,0.7783936116795601,3.7107344024911324,0.5670093755010269,0.6549743065880046,2.425808602867623,0.05279851758318939,-0.051635161063577524,0.6237326856531139,0.6172354490515322
2129.6785615527333,0.6680647210353394,194.98695781339427,0.06899123781645304,0.5017505429293385,7.7178509693606205,0.6301589179435473,0.7230301165091944,1.5755251750583528,0.06733946203350545,-0.07043453272617282,0.6991501557600003,0.7091229663662061
378.1572767661986,0.9965836894041207,122.56881901757403,0.04424856335815585,0.2274750711756145,2.916140803048524,0.6375067870219744,0.6817553503801302,0.0,0.014304441351220772,-0.01428570128187978,0.6817553503801302,0.6830544704375723
213.6940161507755,0.457934388422432,42.33791183777918,0.019785131332890768,0.49696968665555585,4.486122631966168,0.6043752869377712,0.6288913926740184,1.9756585528509505,0.006736159599723362,-0.006668953181626654,0.6241604182706619,0.6250931628768425
771.1271898460725,0.22883923044035948,40.19050679116427,0.05300702745746301,0.4363462025941163,5.908009992440278,0.5217333941608537,0.6306574827920403,2.9343114371457153,0.06481251088470903,-0.06183241065937872,0.596690070263955,0.5858685880557457
133.0656527057208,0.42346482309676353,30.894439438649034,0.04195831260958366,0.45466477675162054,6.861815331640798,0.5755675288385648,0.6175258414481484,0.0,0.009809772038617878,-0.008585943130463236,0.6175258414481484,0.6192093205364902
1373.0588310473893,0.7341640331979731,172.05514861226433,0.011528197415206812,0.5636200391615701,4.068987556393028,0.5842560255366509,0.5998587737520107,2.8676225408469493,0.009871583001995601,-0.009613958615720246,0.5957842229518577,0.59741738549385
340.6897563886006,0.9045385090837808,105.59335634817745,0.07596829755659658,0.12004193856664001,5.608236576868087,0.6527688134576716,0.7287371110142682,0.0,0.024464830499521355,-0.024371170313373,0.7287371110142682,0.7307223579119324
783.5382127597346,0.9088000263768952,160.8897650429747,0.05426485355364109,0.936246369043963,7.8860288681226365,0.5084692227997409,0.562734076353382,0.0,0.02831171517475971,-0.02871846535958621,0.562734076353382,0.564447950297692
1167.850626464815,0.6922890088203965,149.62738337832116,0.020272026324535675,0.4026572473846256,7.925884686538771,0.5032460912684943,0.5287580194796304,1.75891963987996,0.015703467807980404,-0.016715128450312325,0.5235181175930299,0.5248685844518753
1186.0190356585217,0.9583891595463767,208.74578653145082,0.03267308839035019,0.531818652479638,7.86827447472788,0.5949753672951408,0.6301878828503882,1.5921973991330445,0.021521320895486893,-0.02154189195595649,0.627648455685491,0.6286661150490115
414.21114915159774,0.24654934249975197,31.735455531803343,0.07617916007079639,0.3392284719475591,5.0243834393873055,0.5181403532179937,0.6774697908319238,3.434478159386462,0.06570050381719533,-0.06644106002529306,0.6335925673504538,0.603916731287302
1116.7722893214523,1.0370949673251117,219.19509775816738,0.04516890955416569,0.9740216366220951,3.553013823424398,0.6009090479407874,0.6460779574949531,0.0,0.027369434108987723,-0.0271981914985169,0.6460779574949531,0.6466396443506495
2162.8739003423807,0.6034271190983695,177.48858207028275,0.02956411614991327,0.8699278270760935,4.339336813235654,0.6061446582120468,0.6487877424684309,2.2007335778592867,0.03155652636179349,-0.03140471089556775,0.63570877436196,0.637359780168513
2443.6649593963493,0.36783496528027754,115.00158762394233,0.031098044570413,0.12796264006285596,4.351026259460316,0.5400366861169719,0.591675381619723,5.393464488162722,0.039230413918834896,-0.039074514113952644,0.5748564817728686,0.5808133348438502
1732.0838449789394,0.36318931288926715,95.59771500502544,0.05723689266841089,0.33712788537038596,4.131307004727199,0.5697721304092795,0.6688904194052867,4.609869956652218,0.06987824621239827,-0.07032114932806294,0.6361075338560053,0.6423401808690873
1820.2042003926624,0.6198583368245089,167.2563050930947,0.035290922919687814,0.8673604471355049,5.431703753847216,0.5427661642555995,0.5910678308696603,1.2420806935645217,0.03516651235857055,-0.03538667113274882,0.5780570871752874,0.5802906074108113
2260.2190675448383,0.5083852664302766,152.86153578294505,0.012728556427612428,0.5451402015770076,2.7436283266452666,0.5476932887431485,0.5687757147074359,5.343447815938647,0.01445819824365366,-0.014645386585083917,0.5614300253758568,0.5642155680465286
1893.0660944497865,0.31767663203868673,87.41745406580338,0.0664860957047825,0.9432165593178583,5.639192602447668,0.6420718384045658,0.7449213360236803,1.1420473491163723,0.08267002321359379,-0.08011491239879628,0.7153247436240208,0.7189982185475268
1812.6078637778019,1.0935271615434006,294.449960421557,0.0339076783541136,0.24657089611843225,5.115003409485929,0.6066499619663416,0.6447660183710209,3.642880960320107,0.025089688050499746,-0.02473401225433819,0.6405576403204551,0.6434152880114212
526.9899719107468,0.7517984770947257,109.15223000008253,0.010988731343377679,0.9349015622087994,3.58744566692757,0.5079120416780384,0.518900773021416,0.0,0.005377455471454985,-0.005387345354624088,0.518900773021416,0.5193091278646622
359.7986595396569,0.41622405345167757,49.93291733702043,0.02917343180242317,0.1295289995479558,3.6761288731623747,0.5385883472986964,0.583585413631176,4.751583861287096,0.016206091754173698,-0.01690042215114633,0.5742545233692553,0.5698118158105957
1008.6902258428446,0.5466509636203724,109.8042171401006,0.03373054184220154,0.3951314951776336,2.538387666447507,0.5050409894252325,0.5575122298410512,6.302100700233411,0.02971158462135169,-0.030119027821157825,0.541731704209569,0.544393102145482
585.0743203755198,0.8809844846749539,134.77327256610752,0.07935668358857854,0.9356735575515961,5.025316133226612,0.6063647711555868,0.6857214547441653,0.0,0.036076675219578795,-0.03728503091787389,0.6857214547441653,0.688184973405399
854.9957656860221,0.8965454947738907,165.7999175120456,0.0635329681552854,0.8598451218242001,7.373027463181306,0.5868698496450592,0.6504028178003446,0.0,0.03490892654724484,-0.03692633418296334,0.6504028178003446,0.6524829336201858
1940.5013634572742,0.9257588559162908,257.9198972013704,0.031592173574842515,0.936318019605535,2.5660490158379328,0.6988538358326566,0.7382020738347801,2.2340780260086697,0.026448595136316953,-0.02651450633511349,0.7304460094074992,0.7304460094074992
1948.2177235812867,0.28394381479189457,79.2649433242478,0.05593607536735005,0.13076146983543416,6.621121696665098,0.659844584331811,0.7533130228647809,3.5928642880960324,0.07105983781944405,-0.07337838579966291,0.7253418242885674,0.7309711377192765
1545.7846074194745,0.9711743527249135,241.49141134781343,0.01685182961504018,0.3483314578367319,4.485065129556023,0.5084915905656197,0.5281920519023826,3.451150383461154,0.012669201330080974,-0.01249511787677931,0.5253434201806598,0.5268966930022055
1175.7186101707987,0.4386921105013094,95.13526144664554,0.037491450847122715,0.4825923687930759,7.276470400926111,0.5540681941055278,0.6118381869560008,2.675891963987996,0.037428889562840344,-0.03960099412697358,0.5960498279586521,0.5971507382047418
2244.983508919053,0.5833738683315643,174.81695231158307,0.032946540448579024,0.5522608444016315,4.506459718177037,0.5514744626110292,0.6016070883808131,3.784594864954985,0.03631827214750559,-0.035147992871362804,0.5857173995396623,0.5915655382390872
1306.4303795105607,0.3366215597709482,76.95114017514067,0.03463509601160763,0.6092111974366815,4.480449466339151,0.6647824722101593,0.7272158805933973,2.6675558519506506,0.04105494983617087,-0.04195468775852258,0.706967524209236,0.7083120823643457
716.1322276843989,1.0727944209479092,181.56958929113054,0.06493054145959459,0.970833723397725,7.028819328981825,0.5284207851703285,0.5933513266299231,0.0,0.028568741646726875,-0.02882640500352746,0.5933513266299231,0.5949168410141834
1363.504217524033,0.3529806690762072,82.43452891765973,0.06727591468390802,0.6257459342649663,3.5806958861414344,0.6859197944014342,0.8095022054037264,3.7762587529176392,0.07968363220698035,-0.08068264202233316,0.767318088919184,0.7727609333765265
376.44652795422564,0.7074761631241826,86.81473730646236,0.06047283882667079,0.1529636835991886,5.5871361992372215,0.6631802430926188,0.7270585455224413,2.6925641880626876,0.024744707034550867,-0.025054724533282842,0.7236530819192896,0.7259045747270605
262.0655546033281,0.6610186739959645,67.67818375001325,0.028099002470411805,0.6966320063832288,2.7120642024730692,0.6874102861341014,0.7155092886045131,0.0,0.008761917240783524,-0.008779168745303864,0.7155092886045131,0.7164056129371362
2247.3485961153565,0.3673769778881383,110.1481365747483,0.032628611905557325,0.6288714771877387,6.308374019805503,0.5885312030320516,0.6427881634206508,2.425808602867623,0.04118982984790188,-0.03976503463136944,0.6248165965327923,0.6299660810293827
475.09917270634014,0.29373634442258445,40.49298741300725,0.07998357358400407,0.5098169092991386,7.235190494890989,0.5964752009258228,0.7372057962724076,1.6755585195065024,0.06926075125869649,-0.06357271537085851,0.703374782015224,0.6854076341372909
2313.658332510408,0.27898344449439555,84.87075005769499,0.01798134339341857,0.9366689689518019,7.68495827026871,0.5629434894930727,0.5898829651779943,1.1003667889296433,0.022704412865859835,-0.022272577452042374,0.582720092830936,0.5844000835623365
952.3957287852924,0.6072052113512822,118.51524139508268,0.03913131760471036,0.271040694363637,7.390252303636247,0.5506615201411287,0.6009858423493822,3.1593864621540515,0.030608740585079217,-0.03193634037761411,0.5901204618309596,0.5929674939341144
1792.6537827463637,0.2604401099614756,69.74066378642904,0.012712593206990063,0.6883574253192286,4.034095145439562,0.6310918785440003,0.654757445768551,3.484494831610537,0.017039084027872967,-0.01668260823387062,0.6466782572204195,0.6486381918722165
325.6508852051929,1.0548662419242771,120.39363339186065,0.06239601268251669,0.8886405097232193,2.8188233242670657,0.5640321937785738,0.6264282064610905,0.0,0.01724637660236396,-0.017289212956448752,0.6264282064610905,0.6273981172922186
984.0259940952258,0.6834553834941368,135.59492957807666,0.030780793985519,0.15456766797046462,4.213270284424825,0.5509098629254564,0.5913520625119395,5.443481160386796,0.023717708673203445,-0.023670772662533198,0.5816906569109754,0.584437706937879
1026.2110995117157,0.37726358835802365,76.43517086411562,0.028332746219531482,0.6642571063890419,4.32892300746839,0.5690766786338984,0.6198188293929634,2.5925308436145382,0.030692643160140417,-0.030778841774834576,0.602936376228017,0.6026726053354431
1381.373518533695,0.8946744867595333,210.30549074518905,0.03652075694435701,0.6287675433002565,7.797215752209057,0.6043960228236102,0.6463043674146219,1.458819606535512,0.02729764476925085,-0.026585315533760298,0.6409167797679671,0.6422113195677039
2283.5141836421067,0.9143053618307844,276.3268708440231,0.01411030771551048,0.48618898432233115,6.1899104472115285,0.6973423824896399,0.715209651407573,2.7759253084361455,0.012642402174640978,-0.012258915962333078,0.7114526902051503,0.7132600337689202
1200.1030987876302,0.28350690871406553,62.115919837583796,0.049340642229900755,0.2139074129115643,6.50911736167636,0.6015353994923556,0.689466272473934,3.3927975991997332,0.061350313857629075,-0.059943298978639606,0.6630836890351289,0.6595095747397309
1836.2352841054876,0.9824256441906714,266.25259552274747,0.05402636120139441,0.6511953963278634,6.527421772637788,0.6684910002905334,0.7320673882642807,1.458819606535512,0.041184370658042785,-0.0431473056370741,0.7225173614919278,0.7242108126441087
2185.7290870648067,0.23278717611459498,68.83149677054588,0.04893332077584526,0.2946423788177963,7.162075344690701,0.6296795370406723,0.7133738715679903,3.026008669556519,0.06631753838907412,-0.06439421368101533,0.6893882888312681,0.6929331447409567
1108.5339496778515,0.3692938053092162,77.76362860989538,0.033731653814387856,0.7333999250862021,3.226157271269833,0.5187165890676746,0.580783470930496,2.5425141713904638,0.03798746093431586,-0.037307474422170646,0.5598956415394616,0.5594389363274287
2231.2690197461225,0.8877893146221052,265.2258665277766,0.02398564514606928,0.36308038908699247,7.832421062785315,0.6416368973518234,0.6707240395621111,2.8509503167722574,0.021000773862651277,-0.02130433149575296,0.6656225424978927,0.6681677857898416
1565.2528101131793,0.47686563688171735,119.32138064997625,0.03093876009165656,0.13557125682120744,6.370891201411588,0.5086350450113769,0.5562836592398558,3.6678892964321443,0.03323681502289306,-0.03372769963522396,0.5419093890975757,0.5440228691554141
111.65761066546969,0.8565455790748813,57.243296884768235,0.07642116300043877,0.7808527429545794,4.829841143746272,0.5972090499121746,0.6736302129126134,0.0,0.009798080702073471,-0.010089953995246754,0.6736302129126134,0.675060645030933
1146.727414357853,0.49217930039930036,105.41039429566494,0.046519994993008816,0.4880358614270036,5.589007280244648,0.6796240161002188,0.7522335028921379,2.8509503167722574,0.04625542637744109,-0.04511583360897739,0.7305947544893421,0.7336862818332733
2488.0226015771445,0.2708689608946254,85.4508521409121,0.0369278430862939,0.26263557619012856,4.112722843553202,0.5574946037096846,0.6225985644848407,5.860286762254085,0.04949341732108215,-0.048071674977072626,0.6001803711685024,0.6085822656489518
518.8891159042919,0.8876684480791615,127.88454407788912,0.044740211998046515,0.9273210239955032,2.195554659482087,0.5133956026263979,0.5581358146244445,0.0,0.01936795412624495,-0.019377800343501235,0.5581358146244445,0.5581358146244445
1067.8565990328257,0.27224958836363344,56.26699157283,0.02839107174903835,0.9874267687689613,3.2537576449076844,0.5396235482824181,0.5869382666880696,1.183727909303101,0.033543092337707095,-0.03369848820368354,0.5727490999327233,0.5724337202635822
1476.7376051097017,0.6481984617138411,157.53957113508028,0.05063068080419914,0.439061750387692,6.960574159369682,0.5277161102884925,0.5964304461180971,2.800933644548183,0.046898809347994334,-0.04649070873245338,0.5783984878719121,0.5846908402518385
1128.1423500195176,0.8207856635996784,174.35793193785585,0.07077655081980298,0.4326144457210819,5.406473594562517,0.5138279890014523,0.5984449421753321,3.0426808936312106,0.051300481716102235,-0.0513862534193652,0.5846045398212553,0.5907649461032135
508.7658114683895,0.2622243462195031,37.40778270088988,0.06095166243989654,0.3592539718499266,6.3424717411510265,0.5132796558086549,0.6312461104251332,3.134378126042014,0.05412939405825379,-0.0588206926631912,0.5978654347878947,0.5820125513625181
2170.114720979981,0.9519771782999826,280.4774041713064,0.016225012013519786,0.12138085581146787,2.337732877891947,0.6707260346293468,0.6920256287899879,9.536512170723576,0.01401597599796753,-0.013934192306405573,0.6869510466428665,0.689359026829289
663.2883737245498,0.6934459860723698,112.95197439749384,0.03983709422260397,0.8159729736057418,4.933389808824024,0.6001321681322539,0.6434715372865838,1.3837945981994,0.024471891434940492,-0.023569844190376495,0.6399692623548578,0.6417370350015129
2473.8206547997656,0.3351166010743314,105.41685220425735,0.0681492757122152,0.1465747710434963,4.865892617437824,0.6772669647866046,0.7928870636147265,5.06002000666889,0.08616725835941222,-0.088029679581208,0.7540414099395626,0.7652892334679904
1696.513517449891,0.8166931574295198,212.74902319332588,0.02843220975795399,0.4767173122253089,4.199486380994303,0.6042886420315988,0.6414484591527052,4.134711570523508,0.0245824712169022,-0.024540223573513868,0.6327208517895528,0.6365853748090295
1209.3470323448034,0.49420851668929044,108.69653315127668,0.03138364286598191,0.32576760248960995,4.19028348130855,0.5299882955868122,0.5802124752751465,4.676558852950984,0.03130508810373701,-0.03173216343623214,0.5645523105501076,0.5669300422421584
2193.050324808577,0.7419074526500846,219.73742363954815,0.01936504979156988,0.7244734007881012,7.085998807987839,0.5475071344104517,0.5733110860819325,1.3337779259753253,0.018614103431554244,-0.018870054651988318,0.5668721842020216,0.5678384108913084
461.4414264094334,0.20775553142037687,28.225450466735325,0.013307523719953957,0.7860262134731605,7.9231179922501624,0.5089760644952553,0.5320574088142599,1.3587862620873625,0.011341007701370144,-0.012162999483140077,0.5251107020980215,0.5243999540333077
1895.3703017917423,0.26467594925686405,72.87717187487297,0.05144929774325668,0.780467754185414,4.155226383606426,0.5021869442221327,0.5978350697040069,2.325775258419473,0.06738132345204327,-0.06882109308616464,0.56389022295166,0.5701448960957444
1528.4544451010222,1.092120165326025,270.03911218314374,0.028033219598694703,0.27054214946849425,2.7435553565210897,0.6110511239800112,0.6426267411760348,6.893964654884962,0.019244337708460305,-0.0193873415738556,0.6390843435787059,0.641748478231178
1531.468238464656,0.9130437534533622,225.9829025237641,0.06271512915343568,0.9032873453155784,6.834636190053808,0.5494534166158889,0.6139835398549958,1.22540846948983,0.046574352595883335,-0.04678342032781019,0.6121685457693246,0.6143504724237672
1434.1057717018266,0.467670763184222,112.0110344283609,0.03308497656860517,0.9387499323069967,6.091375430402441,0.6949180826502211,0.7408199994676732,1.1753917972657553,0.03434621229726314,-0.033624470495615816,0.7280030592188264,0.7309821346864259
1100.5900881249868,0.683693816018579,143.45128603525978,0.044098079394149524,0.19655835177135422,3.42021196715962,0.6055272721208964,0.6654872135024206,5.676892297432478,0.035874152528734486,-0.03558837658846639,0.6497222431387782,0.6551210360430451
261.69833231921496,1.0383157363780005,106.23311331727258,0.018669057736035957,0.2781826717752164,6.591927343631819,0.5193869083578627,0.5380559660938987,0.0,0.004439258499474272,-0.004493050292693114,0.5380559660938987,0.5384364855333034
2260.6674390769826,0.8531308736502821,256.5452594479485,0.014803459997620123,0.7226623551570875,5.789771253027907,0.6514698865479837,0.6706296374460957,1.375458486162054,0.013561103355412156,-0.013687823709249503,0.6662733465456038,0.6671545750227406
2087.674845974406,0.8465155068558397,244.62246776228966,0.05103234066896804,0.39021698672359995,6.183641970979575,0.6913943169261558,0.7575314874533688,3.0010003334444817,0.0459159728659265,-0.045724463879074015,0.7424266575951238,0.7488588912764622
1510.0522732692982,0.7979103815908286,196.1011326532146,0.04059896295398605,0.780508728768767,7.986004354031815,0.5320778648135472,0.5795414277120872,1.2920973657885964,0.03335926390892642,-0.032401181680340826,0.5726768277675333,0.5743762441866647
585.7726708090295,0.6854939827979506,104.92964306112724,0.04369627780831608,0.6144128060560469,2.2944442863456382,0.5808552912660898,0.6353654289141596,3.0760253417805936,0.024680292014651006,-0.024854210346937657,0.6245515690744059,0.6274159197510649
1499.1478289573458,0.7266722161744665,177.9470453345093,0.056013377323786154,0.7481944261023974,5.849283220045139,0.658048631077887,0.731009872725559,1.3671223741247083,0.047929740258057046,-0.049637179080862855,0.7140620084016732,0.7167864156586684
1599.42552324302,0.6837568962834841,172.94727610045356,0.05243375002214677,0.1910740300779991,3.6389392443531197,0.6054799561316262,0.6797600216827783,6.577192397465822,0.04914244904283659,-0.048791549806151004,0.6581186862521428,0.6661503387136932
2195.169316964097,0.811146400659194,240.3605853197722,0.016328565493032833,0.6330474553999639,3.330427925822594,0.6468033119577445,0.6697579741184214,3.826275425141714,0.015450942443916628,-0.015300695436147465,0.6631318774507774,0.6661560179994591
2085.8580460209932,0.734110645330976,212.04785906622638,0.051395382682619686,0.4047322988897326,4.677500126967857,0.6728216707630691,0.744639498879687,4.218072690896966,0.05040861796776165,-0.049356517117572225,0.7242170534456888,0.7319417679898043
1835.9687943211757,0.6677782937262589,180.9651476205133,0.03577626703738597,0.14534176445969893,2.8580444079583107,0.5386050379078742,0.5917675083784928,8.561187062354119,0.034858650001252114,-0.035425636855832825,0.5748819857312345,0.5813291478986101
996.1205038208194,1.0497292823686473,209.53821865818776,0.04536073764011241,0.311356146933308,2.634500824769084,0.5676611049205929,0.614621921450668,5.59353117705902,0.02590141371177183,-0.02616763068920199,0.6130218425607052,0.6161692325645239
2057.7535253225365,0.5450085140694572,156.36154740237276,0.06407540642156895,0.8224344785141909,2.6649246181922246,0.6217319505253567,0.7268479030705619,3.3844614871623877,0.0705432931025014,-0.07032354081245765,0.6892951435069773,0.7009161888828738
2401.8305520906656,0.5619242674131986,174.17225159261375,0.01356608623021156,0.9309724212320907,7.301997689434898,0.6044282894418004,0.6224717234438808,1.1420473491163723,0.014582112102705252,-0.01435176634880954,0.617994375672012,0.619022233334532
1425.4074888256232,0.39056699249851246,93.25992272499488,0.06736155288812462,0.5487400345529138,2.203266770855339,0.6366029912897995,0.7598800660327231,6.7189063021007005,0.07762421985830055,-0.07792774494130617,0.7167986475001125,0.7250411558601948
2381.1910475264945,0.9462354413111753,292.02923229351245,0.02940386981473779,0.1479925764400066,7.642108475229083,0.6874125449759403,0.7231508776531639,3.401133711237079,0.025944740257990356,-0.024951888295554853,0.716816414790678,0.719825833062351
1377.7967673108865,0.7780856705043817,182.66275082563527,0.042382004249756584,0.47778883038888287,2.716690615572202,0.5193505796722192,0.5766404836583073,5.743581193731244,0.03483765362045059,-0.03481817326421325,0.5617325839219758,0.567673723518221
658.5571520228499,0.9529766717658901,154.67103814337918,0.0202082610514976,0.30402878672323963,5.291684355933246,0.5430262436156549,0.5632345046671525,0.0,0.00986285411763886,-0.00979638397367064,0.5632345046671525,0.5638904112122467
491.69604332268904,0.706984617528166,99.14899513063929,0.03576652896976309,0.6635433572564223,7.473232042452057,0.5301986262870135,0.5659651552567766,0.0,0.0174548487142199,-0.017887372673298332,0.5659651552567766,0.5674032567474292
2292.240783551353,1.012240970680627,306.50956007824175,0.0680361308335132,0.6681573255754767,5.7208799447932845,0.6278425319873002,0.7104916519384409,1.4504834944981662,0.05773601924413295,-0.056636221928634524,0.6958786628208135,0.7002531709799439
1757.1893229227514,0.21483398053654132,56.9563629471813,0.07706648054124549,0.6270433853190218,6.68879503641453,0.5754563678122726,0.7158774805183494,2.4008002667555854,0.10500676214084705,-0.10490654216255402,0.6696830069560251,0.6763140110613776
129.7533133979103,0.6587611938887996,47.458852367083935,0.04550330835211503,0.49329035948030664,4.03830232497246,0.5499652175619444,0.5954685259140594,0.0,0.007492173690952406,-0.0075133099161069,0.5954685259140594,0.5966623571086294
1366.1076987932388,0.5377503257241447,125.70517216888564,0.0778952318134866,0.2556345769902383,3.917993405762522,0.5587920941849142,0.67954434485699,5.076692230743581,0.07817425375303795,-0.07810853962611551,0.6421473813377732,0.650749617499106
1403.9420229662967,0.6493522312767332,153.88097155296518,0.05506183257969912,0.955001593516787,3.711326512963204,0.6385543138509993,0.709160461364819,1.2170723574524842,0.04920118638946449,-0.04973038970379767,0.6936161464306984,0.695713358066363
160.09648721244068,0.43614962546026215,34.90248916657456,0.0424603809597615,0.127895309633021,5.706016763321833,0.6356621216803416,0.6881428507878103,2.8676225408469493,0.011114716066408547,-0.011616867744959338,0.6802020696851024,0.6799458973962847
1892.156115611312,0.6649170543587111,182.92621604657745,0.05227612654850387,0.45645872615063854,2.247518195039375,0.5199903711549027,0.5997879890250932,8.261087029009671,0.05197555510239412,-0.051647343192179264,0.5733657305466574,0.5836866648755145
1671.9902180835138,1.0959997696271988,283.43751039610754,0.011106226741430733,0.6018251471437445,6.506052517295347,0.6653549656027757,0.677507358075093,1.533844614871624,0.00770227778711338,-0.007929984991783044,0.6764611923442064,0.6767531757820376
1408.4917629343363,0.7579243821656947,179.90077315829046,0.05877074616921875,0.8730696247240876,2.733737223216912,0.6852364392549727,0.7639078627144273,2.342447482494165,0.04933626705817265,-0.049305320688191365,0.7440071854241914,0.7440071854241914
162.44176852376802,0.9525797758619978,76.78567511032728,0.015371829859178808,0.27516539044443006,2.0233648782867957,0.5890513411072081,0.604423170966387,0.0,0.0025851223617283326,-0.002580046812599083,0.604423170966387,0.6045600304164164
902.4621441217414,0.34939362033832466,66.38339557574926,0.041576311256273445,0.4621337948549654,6.605966196192449,0.6786260612140065,0.7504700275687326,2.800933644548183,0.04353860792897605,-0.04453963488842057,0.729002289935325,0.7270016147770121
1666.1614042409965,0.31196934985387154,80.53792915420648,0.030677355629689547,0.9219864671490519,2.5324069580473347,0.5813711678781652,0.6382735474221235,2.209069689896632,0.03869542750717137,-0.03845346910499397,0.6173325904928981,0.6193027699713243
2362.0110861603553,1.0555983573225374,324.46635289569423,0.038784222393422475,0.7006571992889177,4.740473590123994,0.6506921078872683,0.6978842169612335,2.4841613871290433,0.03233051748346195,-0.03236777333822684,0.6894763302806908,0.6923623524599989
175.79519366319641,0.3297414340292226,27.650756424163227,0.052993916248051956,0.30929703619875726,5.996313795614891,0.5702445854922596,0.6495733787435384,2.29243081027009,0.016541059446107037,-0.019145733019699265,0.6357805477462158,0.6263099418702489
2227.9493395067716,0.937333447003988,279.8187200069883,0.044498646004814756,0.7956055783853719,3.6268273174105423,0.5988519553623725,0.6570704792579998,2.3924641547182395,0.03889943861280847,-0.039174926949499325,0.6433506013671872,0.6459748804381812
573.9569244718675,0.9747975516688947,147.70121752212933,0.06761473315978904,0.9119347015681011,7.264861887345557,0.6919192524118989,0.7595339855716879,0.0,0.028224696159798182,-0.02858585250034005,0.7595339855716879,0.7613422631923532
648.0069559166222,1.038641861715784,167.2190116032206,0.04998492339463984,0.48024557552633695,5.362243375807238,0.5685204713300556,0.6185053947246955,0.0,0.02276467111925435,-0.022163704658547195,0.6185053947246955,0.6197371075653021
792.527216706285,0.41718290417977594,74.27857980704572,0.015769959261998878,0.5469084074324687,7.326570054283325,0.6260303938548769,0.6504065263594317,1.5755251750583528,0.014565612628512392,-0.014429185755140449,0.6440636360742072,0.6432269575840501
1350.3415186138564,0.5857336264258249,136.12941034935076,0.04250811384220344,0.28834961281475585,6.937615263158584,0.5396765926563056,0.6000792962069087,3.1510503501167055,0.04073989972963076,-0.03878309358081585,0.583425119279142,0.5874420149526547
1819.8946161455513,0.8839865103465374,238.50569498708862,0.050240832941941406,0.8766337374593456,3.7463021147039,0.6763234442485726,0.7377107172337888,1.2837612537512504,0.04255512183450359,-0.041959831566621655,0.726564277190514,0.7270378000072152
1850.58510303833,0.9188748449855848,250.00050679985944,0.056520579666912,0.8617087152909725,7.958593176305816,0.5840325709049277,0.6448720536359491,1.22540846948983,0.044666092662145274,-0.04510137677537051,0.6405531505718397,0.6425379313630818
2053.3976409029688,0.8701217835662303,249.3713557573367,0.04170091159984127,0.9342540997592608,4.366555577435568,0.6130931832552475,0.6629887824627626,1.2170723574524842,0.03621210152302366,-0.03667382868275619,0.6547940948550888,0.6556995322104924
354.2616567783077,0.4031976746596396,47.996557489817796,0.06884873193736325,0.45689745054596265,4.364504536491549,0.549196203638124,0.654083753609759,1.9589863287762588,0.038827136780387905,-0.040331720209923885,0.6346821373414376,0.6228259608304084
1279.8648023138906,0.9252352652155602,209.3457849116529,0.07266148824416177,0.16310298883976548,5.448924387440693,0.5934546735784669,0.6766339268875636,3.867955985328443,0.0500326861583011,-0.0520103843669835,0.6661161618226287,0.6717755802077527
1574.276441131788,0.6025481182174424,151.2036337409691,0.037905137459739065,0.5246926411865405,5.491994772538485,0.6001966422063554,0.6560001037129018,2.759253084361454,0.03732863997451548,-0.03741817614833935,0.639362941016294,0.6444684506246587
1233.1466824495508,0.9360517789622729,207.89174186479346,0.06219535938665005,0.40724064476307353,6.803462705091922,0.6707301338009,0.7394376265967276,1.8339446482160722,0.042658325645629665,-0.04263948287146782,0.73292549318755,0.7362630685397317
468.3812928980572,0.7244142155576829,99.1554820700381,0.02997183955194497,0.7652550897340503,3.4327119761520994,0.6342807048346063,0.6647618278036163,1.5171723907969323,0.01402471920595078,-0.014173332728004922,0.6642525443865512,0.6653970505500747
712.2991745383214,0.6600293870869489,111.41008065863682,0.07640525275413344,0.443176784610791,7.254430915779246,0.6973889162407789,0.7910331209870657,1.7672557519173058,0.04984879441113769,-0.050773583490884455,0.7737941689949124,0.7775019121559347
2199.642037132392,0.3492794267510086,103.60459244900488,0.06737607536746142,0.12893445559050512,4.359811302195848,0.6741466746635727,0.7878686719229091,5.385128376125375,0.08506633326684507,-0.08528493818451745,0.7508421118719432,0.7621221827000434
1753.0053106238076,0.6794663846040904,179.92420283503174,0.03715048175578344,0.8310672518232575,6.257350423689325,0.5936810639231347,0.6425475190109919,1.267089029676559,0.035379754128206445,-0.03463341665078355,0.6308315456789181,0.6328759752686478
2241.9624093031834,0.4069532160367692,121.86770816024725,0.021927405641103744,0.6785233879002234,7.8319660562106215,0.549451314661354,0.5830698694400972,1.3254418139379793,0.025976431467167063,-0.02665862452234594,0.5733118476479069,0.5754798161770447
699.2089094411836,0.32554896316597093,54.44397036679197,0.07023944886915426,0.3037577863702007,5.019071160349327,0.6981744956004409,0.8243199487762605,3.476158719573191,0.06946754095170697,-0.0710907003894673,0.7897941581993699,0.7782184311340902
129.13816221290455,0.7008374814597147,50.37030919176887,0.04586023298934621,0.8267026387691393,4.131689237316662,0.5820682717798082,0.6279285047691544,0.0,0.007465584683588938,-0.007691360935773576,0.6279285047691544,0.6290494026030173
503.0511534372728,0.8667337084722082,122.9480818109599,0.06492962364317038,0.22299698870094725,4.36074244392993,0.6785809990725366,0.7435106227157069,0.0,0.028290772537093743,-0.028623693126541144,0.7435106227157069,0.7459966328092407
106.49745682188919,0.46888316356036913,30.603017643803536,0.048852959953678346,0.400684473693958,3.6322711350660164,0.5920074969806425,0.6408604569343208,0.0,0.00784020890350952,-0.008219436630461303,0.6408604569343208,0.6424020424465224
535.6554594632651,0.6766627168635355,99.0478405921322,0.05946871449192582,0.6177654573656519,2.5586559851511854,0.6688817228331146,0.7416552330027596,3.0343447815938647,0.032118028681388355,-0.03222204796411811,0.7283504373250405,0.7308360466889606
519.9468099699716,0.8883308005500159,128.110337427225,0.03523955775430953,0.804485213250492,3.2376374204320744,0.5373324207390859,0.5725719784933955,0.0,0.01544841577374578,-0.015423757262604027,0.5725719784933955,0.5734836316762153
1292.8620309219573,0.22964241322852447,52.22256370054007,0.025770813714763335,0.7516110269659134,7.024300869832553,0.5161570727875621,0.5611860075136297,1.2837612537512504,0.03374182938919513,-0.033371689290915225,0.5482500791744047,0.5473594215566069
2216.9865026514503,0.9177654836478613,273.30227097686,0.07087790069948759,0.7285856991209559,6.044918403763789,0.6050186466689728,0.6935021337641943,1.3671223741247083,0.06076700396360354,-0.0629423431744745,0.6758965473684604,0.6783037755238858
1666.689338779156,1.0271986981099448,265.2233673355183,0.017036540099169592,0.38418803006148206,2.4347298415752308,0.6889610343888076,0.7093794344910167,7.535845281760587,0.012643180871119555,-0.012722374539651918,0.7059975744879772,0.7079279378300944
1168.6371183985311,0.8078100236085697,174.65421518965076,0.0688784045153025,0.9919002232688398,2.9706947467535945,0.6599025211436457,0.7344040291960574,1.22540846948983,0.050252413754038015,-0.05053143697208214,0.7287809256589481,0.7287809256589481
2229.814955528167,0.2439878391657881,72.86728503629168,0.06278633921299014,0.41925278907689534,5.891580748822593,0.602809639207773,0.7096103821265741,2.8926308769589864,0.08149039154193718,-0.0853013894983508,0.6773906467286832,0.6868742488601535
723.3814050079286,0.32169922580358745,54.72221672588794,0.018186306316244582,0.19299057193764252,5.826740240807466,0.5702821702799076,0.6029420095925487,3.6595531843947984,0.01879270817439988,-0.01781416241657025,0.5935773787978668,0.59085341806747
619.9202516940938,0.8226965834353128,129.55005494188924,0.058079469603652685,0.5852514631212979,7.6097469011951056,0.5770828462882842,0.635162315891937,0.0,0.030585782224764674,-0.02904195767050804,0.635162315891937,0.6371007434082442
2106.071131046303,0.2676254671389767,77.6772696171878,0.061788176582695316,0.989602672448737,7.079589297726901,0.6159329438620118,0.7074695901823312,1.0836945648549516,0.07682580697599374,-0.07680088384307855,0.684259947234357,0.6899776232834434
1604.2385543851856,0.5179605944932522,131.20826448889994,0.05756396527806728,0.7933558448631943,7.989370886707123,0.5984925834000866,0.6795730773088244,1.2587529176392132,0.0602118542602369,-0.05726007815748697,0.6560565486781539,0.6606734672788663
247.12975785626145,0.7362721556578868,73.20333955270175,0.0183316904987518,0.32028853920049905,3.9726794678344235,0.6462059746296821,0.6645376651284339,0.0,0.00519649948602519,-0.005135235089573471,0.6645376651284339,0.6651007863343513
541.1394973084014,0.3491776521581173,51.37254166990695,0.013147496974917922,0.8859159427184927,6.161032546136364,0.5079892931235253,0.5261700827548587,1.300433477825942,0.00979812181577985,-0.01047867624400816,0.5211367900984432,0.5224254097948524
167.901533531475,0.7028068668275504,57.59613264293281,0.029777408090069776,0.6370537153887359,4.607625054085792,0.6846625124620509,0.7144399205521207,0.0,0.0060351416527312735,-0.006151117868763833,0.7144399205521207,0.7152705354922675
790.741635907283,0.8112308315950043,144.27522064555512,0.013783801813301945,0.9602744807700329,7.884544807450113,0.6478149258032825,0.6615987276165844,0.0,0.007823247318433993,-0.007837212782083887,0.6615987276165844,0.6621108033239964
1216.5099317525755,0.39799409539453523,87.79392270421451,0.06687614381735753,0.7627186874323201,3.3317242373656946,0.5902430588314531,0.7098973805353029,2.4758252750916974,0.07445430299532586,-0.07430514280834086,0.6681886786389221,0.669513594461275
1210.717450760284,0.9437694949754383,207.6908350583466,0.057869127903385366,0.6788507891860496,5.898964535379671,0.5540940158764958,0.6181963398148765,1.4671557185728576,0.03812727725396307,-0.039864709793438285,0.6119631437798811,0.6138154931604423
992.1070235908817,0.24109605689303554,48.028537838861936,0.06508587950684867,0.4896983936528325,4.629430142525441,0.5490712529867253,0.6793759102326182,3.9679893297765925,0.08184587836231107,-0.08332054570414184,0.6376860864364865,0.631423212736118
602.6254755026293,0.7290397366121264,113.18918675843963,0.026278711064257304,0.15778796640891798,6.60504449588539,0.5752938868812731,0.6044793432826203,2.4758252750916974,0.014418981764337827,-0.014805580802834098,0.6015725979455304,0.6026332500689139
1012.5654013583306,0.5881864533642123,118.3740633230429,0.06705313763856657,0.38875320634583543,6.548217267547017,0.6879089681559086,0.7798123689038768,2.98432810936979,0.05717510175921052,-0.0563151220933599,0.7569312814863977,0.7619979434679124
1686.0836702195186,0.5885129730593223,152.83597701864096,0.062345280620266535,0.5121076327762469,4.486563626648845,0.6050566327145366,0.6979451957168742,3.9263087695898635,0.06411605556238617,-0.062327571915034435,0.6700005983242213,0.6789233591743831
862.5336035423051,0.2938251946520011,54.57667081306739,0.03903964038683157,0.21147119301637174,4.46264884133268,0.61138674424269,0.6869789525709072,5.043347782594198,0.045104156276602816,-0.042916577541537264,0.6620259457085044,0.6587058034079023
2333.7068348935522,0.23260009794077324,71.06619087219745,0.0535020884551361,0.5119616679850696,2.121566769224835,0.549909635187744,0.6522819649815661,8.961320440146716,0.07213316743017517,-0.07169688630567346,0.6142553662424236,0.6296702057152013
384.36460565152373,0.3951147311583003,48.99197099420709,0.029219917042264273,0.4611757018439767,5.1742363609333415,0.5001979987852773,0.5452996337869633,1.8922974324774926,0.017959188515516106,-0.01841633008544472,0.5361987886601873,0.5315832581622026
488.4864655089779,0.2842097470479207,39.72786545180736,0.04847713794839206,0.3961673833611429,5.2903864162083085,0.5443646604349356,0.6388558559173426,3.2010670223407804,0.04296531015788702,-0.04351679958109516,0.6108407734253583,0.5991092605497165
158.15044981020367,1.0472302111432223,83.29278315936713,0.017581568483229584,0.21417287316554512,2.879280959060843,0.6962553047986545,0.713836873281884,0.0,0.002777273723033909,-0.00276367267394122,0.713836873281884,0.7141192849123614
1582.3845764079906,0.7492609565334656,188.50336994658682,0.07906887410629708,0.17959489234718928,7.847005355253735,0.5408026293108081,0.639977584649353,3.292764254751584,0.06812865332387433,-0.06859954375559466,0.6198715034171052,0.6275246041857403
1595.371608548885,0.5780752087725125,146.03107083652034,0.03687662694340248,0.9381189956315164,2.895366370641539,0.6994138022152487,0.7535341618430005,2.2007335778592867,0.03708958636171438,-0.03687886934386944,0.7362904291586512,0.7362904291586512
1009.9001466197165,0.783897413499699,157.5536412809364,0.07775347120383522,0.1518409453410773,7.537186177551144,0.6135622770708686,0.7023672173034917,2.342447482494165,0.0532453582676394,-0.05517540112113549,0.6913157482747039,0.6957486923321448
1790.5525095458854,0.3342657654977136,89.4572258529505,0.04733712015817226,0.7061623432527193,4.737483844326091,0.5309970356212114,0.615395380382489,2.425808602867623,0.05922881848648849,-0.059805728110208935,0.5859656369049553,0.5914600864363991
685.8857802053839,0.9689535118941488,160.49401302118756,0.012412969498293396,0.7379758705967312,7.996340219087161,0.5014965992213534,0.5139095687196468,0.0,0.005868479270890264,-0.006069563646592112,0.5139095687196468,0.5142582182149015
486.5096387678558,0.8067298708038211,112.53920892200672,0.014199358420974379,0.630810985470273,6.104000621366337,0.6176292696228141,0.6318286280437885,0.0,0.006474717259558149,-0.006243699181669815,0.6318286280437885,0.6323090489643772
976.4432872505613,0.8275540663879752,163.54975005668902,0.05160060996096744,0.28687345488452776,5.3788132615106585,0.6763814434277855,0.7360401682892522,3.476158719573191,0.034209906680322255,-0.03498473543332166,0.727982053388753,0.7317642437268895
1700.39988565708,0.6246123566544625,162.89813074113155,0.032510887200861587,0.17729758849381558,3.4677627965541724,0.5022373506173754,0.5511486071603598,6.768922974324775,0.031883454092250775,-0.03257621267626147,0.5356309115291409,0.5405324043238904
2467.9022020599145,0.40023402691586596,125.74999513732537,0.0670413159879761,0.2517803936244808,3.7016068976334435,0.5836554638456734,0.697779578066606,6.168722907635879,0.08179700973267702,-0.08362278115365757,0.6579183607702365,0.6723029769483145
878.5735939398522,0.918515731483875,172.1891045874475,0.07703853856107962,0.8877650352857637,2.9214672016865393,0.6553377352698581,0.7323762738309376,0.0,0.04551900626305122,-0.04512764726992527,0.7323762738309376,0.7327572361075815
455.07259193130744,1.0220429959058914,137.89213688736402,0.046251500296800495,0.4027429792510361,2.9421529840051566,0.5023618176358009,0.5486133179326014,0.0,0.016782716746785067,-0.01668232312626664,0.5486133179326014,0.5499567181961054
695.0727799861234,1.0226180569531809,170.51343106454132,0.06580835345905593,0.9728143369756476,2.6045691267282383,0.6184357487011338,0.6842441021601897,0.0,0.030925782478735127,-0.031048784410421075,0.6842441021601897,0.6842441021601897
717.1611376738639,0.6886475351951667,116.63673844486046,0.032431841989441865,0.3551189952190218,5.4430718121475845,0.536663632373908,0.5756424062585482,3.2844281427142383,0.021231950308057416,-0.020485747890057346,0.5690954743633498,0.5712805529696798
1225.9202487330804,0.7857310385396314,173.99429720510727,0.018972745122796286,0.9375348437892136,5.034348196724749,0.6639055943768684,0.6846247626618224,1.2337445815271757,0.014430501009209834,-0.014062975563171005,0.6828783394996647,0.6836769837243025
1669.373033490552,0.839000847100291,216.80489920783344,0.060129165869498666,0.8875899073553254,5.681632610281545,0.5556434303442779,0.6254921426657187,1.2420806935645217,0.05017710478546783,-0.048506053978818596,0.6157725962137766,0.6181559795198719
338.8231428770972,0.7456255575051274,86.80351559025313,0.014644696263940674,0.3171641065205772,2.36424310761147,0.6097775178013134,0.6249704550024506,2.6925641880626876,0.005251640877677618,-0.005262351180228432,0.6244222140652541,0.6250559770400929
484.8114998628833,0.7493665874901261,104.35440281681656,0.06536055916042874,0.8396926486946761,3.8572610488257646,0.6097909065388992,0.6751514656993279,0.0,0.030857799861885853,-0.030271486118157002,0.6751514656993279,0.6775643096165502
1451.2258242072614,0.62559846393875,150.72773338097267,0.055857972399733544,0.2890784114411802,7.875459437520766,0.5196159654181864,0.5945581118895793,3.017672557519173,0.050865318629872626,-0.05237723777860361,0.5758357326904002,0.5817720039431581
2090.130738887486,0.734686388256069,212.4314020432944,0.027139832303560117,0.7711075005942698,2.5068853740624317,0.6548835668897566,0.6953887968982381,3.5761920640213405,0.02631434406490428,-0.02644223115622489,0.6820233991933167,0.6872360890537796
1515.9645333832325,0.29967528655676146,73.7947465360307,0.015565389416465916,0.7757527000928163,3.7576154390230228,0.6778603701534427,0.7072012198158746,2.384128042680894,0.01959437070976265,-0.01993708186081247,0.6968224473004945,0.6976392177475783
1928.9752504724224,0.8283712202459446,230.10090426503655,0.02950242368434157,0.7380500671194561,7.688886107089004,0.5183119668741137,0.5547746927680528,1.3254418139379793,0.026199314542884024,-0.024965678387668982,0.5478143905584553,0.5490412411950685
882.7903408085585,0.4112050389154348,77.27112048172474,0.03752750940804667,0.7680993893685517,4.84545548855232,0.6141461212240492,0.6734242240762173,1.375458486162054,0.03578919547553547,-0.037011319785598476,0.6561032858997989,0.6552179114470469
853.9717313880217,0.3271603403783905,60.466160758836786,0.028685355425640997,0.8737122711177883,5.6145017729204625,0.5755977346394467,0.6214484989887318,1.2587529176392132,0.02998256950009759,-0.029037570117437753,0.6076084577241165,0.6078179154802863
1995.7743561654102,0.2580116892094179,72.89959184881153,0.027772376154567,0.30709283865160536,7.912187373009333,0.641219716478552,0.688598798297732,2.909303101033678,0.03696422091231609,-0.03545627583605497,0.6737383072839683,0.6753150262046048
1582.68624733253,0.20448646876502563,51.45078261938966,0.02290170014629002,0.6719871636757704,4.278315958889994,0.6848560767358122,0.729196020354541,3.484494831610537,0.03173454124513541,-0.03174546111053323,0.7143674491172717,0.7168894517102754
1935.338125940219,0.602645665523708,167.67582779335376,0.06246604842767894,0.9778638914435994,4.765884948208823,0.6285051775777066,0.7108943254787942,1.1587195731910638,0.06360087787895534,-0.0621260160239763,0.6909712260053855,0.6947697280166272
2304.7950761471084,0.423807195832556,128.68101585756523,0.07205905395663949,0.1877902360956844,5.890689023525879,0.6565676310111568,0.7700267217626633,4.559853284428143,0.08608770376008915,-0.08735537431698115,0.7352937141284142,0.7464757748430509
1575.0549262058225,0.6459813237372888,162.14285263082638,0.05321429699479803,0.23649733790150013,3.2934242619813103,0.5539798687912684,0.6328568188125343,6.585528509503168,0.050692692589103104,-0.051163163103340036,0.6082906944937372,0.6160647119057406
1534.6704175120915,0.5977109663705635,148.09103914059926,0.027113308974008772,0.8945283989301221,4.24353104175934,0.5892063438459783,0.6266171567814982,1.2504168056018674,0.02592237464666696,-0.026600911698222526,0.616319652819987,0.6179130272158919
1083.282583717587,0.36374865974907744,75.71854812483936,0.061213891080116344,0.5036124360419723,2.0975426593563107,0.6928027404719593,0.8093667939406385,8.152717572524175,0.06821565965027408,-0.06820686124313464,0.7694061933215751,0.7716596941815782
2057.8326678289927,0.851203418682623,244.21277779564485,0.07083643093629703,0.9161265282449952,4.024938238306632,0.6221917356833397,0.7096704028053187,1.2337445815271757,0.06276224714743704,-0.06349842240902424,0.6930281666196367,0.6939344833451312
1561.1387420934261,0.4405697019295373,110.09443670887941,0.025536657601294706,0.2025165293371199,5.955885175498716,0.6561837982061559,0.696262483941964,3.5428476158719575,0.02747275796632651,-0.02902269596636271,0.6844425605160783,0.6861076084843525
1926.287150840809,0.48464783946647694,134.5292715370936,0.024368189532564158,0.5082527606091598,5.280880761443063,0.6838174255937111,0.7222956603227049,2.800933644548183,0.026910477138466487,-0.027885887707199054,0.7099855355062661,0.7134601674690727
2199.57557025773,1.024452498171645,303.87240651089047,0.06951836695951857,0.9681230839926801,4.792999983014345,0.5094946994866189,0.5842010015254028,1.192064021340447,0.05647911903789817,-0.055210425606640044,0.5790130664461375,0.5803534455778517
300.54887715634777,0.5512485275951089,60.44146648294788,0.028038096389109812,0.2529465322249606,7.719222647051891,0.5390839176821245,0.5711597494224655,2.1923974658219407,0.011580227449740972,-0.011318227907754302,0.5671220140712343,0.5684458840676325
2402.5102535565543,0.8847549562890864,274.27462173189434,0.05486619704876565,0.7084170640804405,3.988845941954744,0.6292854076116564,0.70404493952365,2.5175058352784263,0.05099820296114144,-0.050628485906202676,0.684151604660422,0.6918757111847639
548.0610838750367,1.0439348892823817,154.56739608179913,0.031125533797241547,0.329667861064188,6.266976789164945,0.6312897436132363,0.6624152774104779,0.0,0.012473305084465742,-0.01261334455913359,0.6624152774104779,0.663151476056917
1183.1174040239327,0.7692016112217077,167.33396523114644,0.02116451502325993,0.7059954766617595,3.6236641711711632,0.5545671953352914,0.5821799397589701,2.600866955651884,0.01643060177990426,-0.01647850317383752,0.5757317103585513,0.57706177350507
489.23184386508296,0.4991394215325482,69.82472367253656,0.03318757422179297,0.5087611105320423,3.142517027998097,0.5386015072317533,0.5876208501822463,3.267755918639547,0.021097185591099583,-0.02081374633938638,0.5763549997870342,0.5749208436267167
1400.172571991748,0.31598966420342767,74.78141112824781,0.05822279055921847,0.9495524132763369,4.56077372998627,0.6802210626301353,0.7730127809283975,1.1753917972657553,0.0697483693302517,-0.06925337753624604,0.7454973456833843,0.7470178886480155
335.95981870207464,0.23866186463808015,27.6666575259583,0.0604958214259688,0.7849194156833469,7.058349445794508,0.5113635356799963,0.6030092990713688,1.4338112704234747,0.040901955446260276,-0.03974644297481655,0.5739964364083218,0.5787439155626677
1964.576931896393,0.5388848595169237,151.06383217133808,0.031233634287753907,0.25572152920896724,7.976094530615162,0.5127327178637727,0.5585233312271992,3.051017005668556,0.033729902007579714,-0.03327686635028708,0.5452077215744721,0.5487852072523437
2084.819235059199,0.775544991941475,223.9603801827893,0.06145563109833071,0.7405454079296168,7.1506069104390955,0.5367584139712216,0.6164879101800104,1.3254418139379793,0.057492505558635804,-0.057119723288587415,0.5982140450695523,0.6010413755098283
101.97908040324491,0.7386756401389396,47.17797746057874,0.034770104752633375,0.21140859800542394,3.1168325246254334,0.5663498624918446,0.601119967244478,0.0,0.004270803562612473,-0.004272557464178761,0.601119967244478,0.6018414329528816
268.5600901280877,0.2512218819156058,26.038034450149546,0.07412183783827109,0.38089247441832663,7.893384184841509,0.6928734016660799,0.8256617984198339,1.9339779926642215,0.038113128342336926,-0.04548193840493097,0.7971417762054965,0.7741111631056571
442.17107758507314,0.8434318726065719,112.16959976797155,0.05205634223889485,0.7215823657946382,2.5771460000868487,0.5377120157269116,0.5897683579658065,0.0,0.02106688047130254,-0.020933672379769366,0.5897683579658065,0.5904831988615876
283.9327874821156,0.7437207846953642,79.25883556004717,0.07906137530943638,0.7047860838921473,6.264569210131578,0.6969170083086562,0.7759783836180926,0.0,0.024245190096178187,-0.02531350865118708,0.7759783836180926,0.7785011340622935
1727.2277300123108,0.2361634153656233,62.07509851647072,0.07069039205996183,0.42821046134091667,2.026181729088292,0.601446835512164,0.7434889260083868,9.711570523507836,0.09509071351198745,-0.09499510642342836,0.6909371297757366,0.7049049092871724
2348.8360021030326,0.43159761847548495,132.29254848009998,0.0444059221136988,0.2563991990041517,2.3461560299986406,0.5161089893426226,0.5930845521204546,9.461487162387463,0.05363924587697549,-0.05357274776002782,0.5654277930579862,0.5758809015904124
1844.826174307253,0.9776670236679343,265.58203136614753,0.020030918747674376,0.35948671102942187,3.170176805868964,0.5053711553852855,0.530205159501126,6.043681227075692,0.01607261412496346,-0.01602631611832585,0.5254020741329599,0.5278954188864995
1428.2352877287606,0.8299299531238828,198.36786278492102,0.05535142366195494,0.44924819257202286,5.3300614756394324,0.5188198613272449,0.5880387621267507,2.9926642214071357,0.04347236764743933,-0.044547622036162436,0.5741712849891998,0.5801972801392773
470.3289249344427,1.0386151575976852,142.4575582844035,0.06330554234739279,0.9304651862426506,7.500081706996204,0.629878523421548,0.6931840657689409,0.0,0.022385525820007808,-0.02193605555673614,0.6931840657689409,0.6946724251480452
2327.7727554691965,0.575033692774217,175.46624329592947,0.010253137134945866,0.15631400426154346,2.656923954204891,0.5190706906365721,0.5354520070169361,8.727909303101034,0.01136631625131896,-0.011325222971375368,0.5298280178352924,0.5320417459621423
944.0857380406322,0.831143726398422,161.5146219635446,0.06534541646203465,0.6311919469101622,2.8786170473418773,0.649580320429635,0.7282488614558953,2.9009669889963323,0.043261754584725705,-0.04294694127505502,0.7149257368916696,0.7202871209747573
951.5246059302375,0.21169401380461664,41.29986050281498,0.029641203437292457,0.39754049872688013,3.6454732113086177,0.6623740306375171,0.725610312168892,5.585195065021674,0.03891475998296803,-0.039294618834059665,0.7049859289886726,0.7009287090919691
1923.8233542258167,0.8259968273713774,229.1347568343022,0.01973035549585857,0.8270505187356538,6.063055769979942,0.5389675372962783,0.5633513693718336,1.2754251417139046,0.017442708681912802,-0.017325222746725988,0.5586978927921369,0.5595126869583221
1655.4254326756393,0.635160476903313,163.4437331692291,0.040754504329935756,0.20091084712514995,5.109825655070992,0.5199863617944728,0.5779687509677084,4.809936645548516,0.04013934471154182,-0.03901250608962689,0.5613153773854189,0.5665583786561906
494.2081294102399,0.3192916828472865,44.892371067476134,0.07678757953490054,0.35637822139950104,4.131225941576046,0.5644161212592071,0.7059885415632994,3.5428476158719575,0.06399402029722093,-0.06588552701219288,0.6707006481484775,0.6511815254821407
2255.801068427545,0.7066693202013998,212.2739159362106,0.07434119292533183,0.369932415245106,2.6890080465916935,0.6112436905448349,0.7228978450375269,7.327442480826943,0.07552949435500769,-0.0745310455825885,0.6859345990870152,0.7016148907971966
929.288780296042,0.9217161501416735,177.70618344330407,0.0715596386238161,0.5253161598163646,7.82815414451305,0.6106026012688811,0.6850112617557144,1.6172057352450817,0.04333433528849932,-0.0424566293409594,0.6821622398926972,0.6844348662494824
750.20894412715,0.6400779638098472,110.88019736332964,0.012611720468204933,0.8236010442367608,2.6086103051265255,0.561749697700601,0.5780492068048111,2.492497499166389,0.008678751081166816,-0.00876110447652412,0.5743614181688059,0.5744506711159
1456.7597128118641,0.238677613082209,57.61501016594274,0.015552182942701376,0.7265047218517116,2.430662558364612,0.5954165732494753,0.6274613420788911,4.718239413137713,0.020827876787351127,-0.02064036437332961,0.6157822471033912,0.6177867790797001
912.869520209801,0.4052714671607749,77.44268067266717,0.02321452285045658,0.7870701643593215,7.709253158901696,0.5280359484406664,0.5624163975545298,1.300433477825942,0.02227046869754681,-0.02224226286006984,0.5520508959391062,0.5535289921052804
2403.234926017905,0.7352862531275934,227.97359909398253,0.054916228375428,0.7389337403283237,6.224713342127486,0.6639622216371376,0.738674896008787,1.3337779259753253,0.053447622162375585,-0.055699963611380306,0.7188784500125656,0.7231276974317997
1260.324763234474,0.680022728763231,152.6843972668023,0.03266789017243912,0.19473183440480535,5.987841145557314,0.5067219938372501,0.5504541531857816,3.609536512170724,0.027705450852837425,-0.02795177988092276,0.5393898840096892,0.5427762439219087
761.5241226000838,0.2848068780014903,49.70754350623599,0.023350901012590266,0.6748578216076427,5.770859781229509,0.5842109825991424,0.6261503939218591,2.4841613871290433,0.02514345390188308,-0.02584941034422795,0.6145945729293142,0.6108128244194767
316.4127435747788,0.5900365248134676,66.37979018402856,0.03469214103008054,0.7484132375703547,5.47415964919431,0.5983131534673998,0.6330052944974803,0.0,0.013438980983946662,-0.014084096644724238,0.6330052944974803,0.6345155846442303
1268.7569975319884,1.069667198534377,240.9727307754884,0.06294059551924154,0.547281604414115,4.875335677333865,0.5052958202609927,0.5720109020116637,1.7005668556185396,0.0398460610606884,-0.04051991879569617,0.5682364157802343,0.5716493835558917
2362.022231967536,0.48725657459059674,149.77167745695354,0.027915735731652062,0.9994680328489042,6.312138029027147,0.5094727546598576,0.5470151360534319,1.1003667889296433,0.031018330942922896,-0.030659200470184403,0.5373884903915097,0.5399690784658533
248.5251448613835,0.22295140756417808,22.22927927075979,0.05197332296590084,0.16440805005575665,7.600330141069584,0.6873813080045356,0.7844427831961236,2.4008002667555854,0.029131152674688243,-0.03117199332180299,0.7675404345567319,0.7446588694199325
1410.5297601953914,0.7549750382563558,179.33031661356378,0.03043260810676749,0.157575288167446,6.424762671150893,0.5203571977498035,0.5593975374849254,3.6262087362454154,0.02562953582689435,-0.025033256329625518,0.550789805856571,0.5537851780205088
305.3383384441435,0.4801007982838015,53.058270894228045,0.010872596188651745,0.49063205418068445,6.24608546048046,0.6602697862843878,0.6740511742773931,1.8339446482160722,0.004959747524798073,-0.004906918222831915,0.6711423824730396,0.6717392088924459
1550.3375291174111,0.9621867828025215,239.60866122542222,0.03845515426369773,0.863894876554429,5.038839862990276,0.544607225599659,0.5867246189812322,1.2837612537512504,0.028608673595610246,-0.028716859505919956,0.5830623798633567,0.5842028921264004
2365.9495519851184,0.44747378645340485,137.65764472185128,0.011834103893145518,0.31840663865952423,4.200125367544566,0.5702699366578527,0.5895658592259047,4.651550516838946,0.014229499193169588,-0.014152727424680768,0.5831495840430471,0.5852490545602259
1359.202022664572,0.9948141938323312,231.9604672056721,0.03046367589767894,0.5686935471632519,4.040833722130876,0.6643546118746401,0.6991387317082435,2.884294764921641,0.021369553728947298,-0.020891800167805716,0.694818287772319,0.6975191389327432
478.2436318923481,0.2931592414790527,40.54694919640875,0.045209667726632125,0.7046988271889427,6.773151206544599,0.6179249705810632,0.6939039743851745,1.458819606535512,0.036337330033330915,-0.03787228479491909,0.672292551262726,0.6682237998178274
1957.2394271656015,0.5534390527048314,154.85376710333375,0.012300736918652829,0.2044893771114009,2.232335607373977,0.5657887300952985,0.5858412930622241,10.086695565188396,0.013286632849654055,-0.013351944136932555,0.5788882058575942,0.5812751849626985
1289.1792190448375,0.5206857352912455,118.23942898355396,0.049241963254647456,0.5325482336435089,6.0676568111836415,0.6333924327126812,0.7080453798923523,2.6925641880626876,0.04954209715792342,-0.04780584222170187,0.6862353169374914,0.6902917171638501
863.3539530608307,0.5115930098249823,95.07121374289892,0.05096034751489124,0.6367892211017576,3.8881994818227987,0.566063577155085,0.6455714671952129,2.7342447482494165,0.043342743128684566,-0.04450085122376147,0.6220748048442424,0.6231006628418174
1765.708031646753,0.7826697405884626,208.00222730607382,0.01945355632758423,0.49693769170785407,7.356236472263541,0.507261135220895,0.531900296013438,1.6172057352450817,0.016761737518774664,-0.017392822848926837,0.5267146915484793,0.5286426056428879
2152.3934715621126,0.3468603413577293,101.77602288475394,0.04550740427232012,0.48190278603071035,2.060776024048753,0.6830793874179264,0.7668317962995449,9.26975658552851,0.05726795869756047,-0.05705104447297081,0.7359854609918489,0.7468415975314534
1191.8205456023336,1.0588414490845537,231.18857246895647,0.03007207306854525,0.8796481960743752,7.534337443973783,0.6113664832741561,0.6414385563427013,0.0,0.0174903460761859,-0.0182921740499285,0.6414385563427013,0.6422447017451118
586.426690882522,0.8167226888951482,125.08679949288073,0.048428464657062215,0.9500766992673633,4.635632370862951,0.5537027295279644,0.6021311941850266,0.0,0.023304850815987318,-0.024022975211801377,0.6021311941850266,0.6037947095580909
431.8888035858571,0.8287702118180116,108.9306515670432,0.07818767332864075,0.12550939351425863,6.442672128668761,0.6853860725119333,0.763573745840574,0.0,0.03083136798078831,-0.03224766115216691,0.763573745840574,0.7660545714536791
279.4756821456384,0.29915304059551984,31.62972597912812,0.05843699689147961,0.6831670383062095,2.4129644918974744,0.6668845504302312,0.7688702562890157,1.7089029676558853,0.03295515361811259,-0.03294190630562915,0.7465642931051191,0.7298193157270306
1356.2172348277418,1.0164776360029515,236.75134403982705,0.07145936166948931,0.8312569921451491,5.095393377466528,0.5503421283498864,0.6246519453173928,1.3254418139379793,0.048314897697488986,-0.04880209621860704,0.6218014900193757,0.6237409270771994
1314.3412093867182,0.2907302400216021,66.66137461028963,0.05611923039313984,0.22057949730610688,5.067037775004339,0.5108763948333636,0.6144141435297975,4.734911637212404,0.0711492770761013,-0.06860184185075566,0.5795420703070111,0.5816798501302094
818.8299766591501,0.4088724146028091,73.99709550590687,0.053402207989816944,0.8081080408202579,2.343817727243157,0.6700567370310768,0.7654743751387534,2.5175058352784263,0.05096527125178781,-0.05068973652728268,0.7327555078264327,0.7269250757780205
2165.8424678910505,0.5080421668592205,149.53511460357768,0.056130284617922556,0.4623517285331046,2.9251452931377893,0.605732483712622,0.6981031064837847,5.635211737245749,0.06390410615184805,-0.0641297221495725,0.6663080036533335,0.6777860449225889
307.26321880383193,0.9906249398563893,109.82331307955722,0.0747002831586726,0.8394518233102632,5.375168724535872,0.611519718225091,0.6862200013837636,0.0,0.02020952663705664,-0.020834893481321927,0.6862200013837636,0.6878991564733109
2463.0577038422316,0.42311152084806464,132.80735879247385,0.015316385613364524,0.60574683124106,3.97271358686062,0.5644677545616088,0.5903229842535336,3.717905968656219,0.01849926046170336,-0.018836757322195863,0.5813430301681684,0.5846660983864012
117.0048500078753,0.7366154685931399,50.393295747920504,0.028482359159292987,0.2690726933734129,2.2425915883580223,0.5728723152951223,0.6013546744544153,0.0,0.003968148993776834,-0.003969583400353265,0.6013546744544153,0.6018466006379399
2209.5252937274977,0.5030037268376352,149.53769678855724,0.05753519470837156,0.7808922670617165,3.9686048551411974,0.6643281470024083,0.7584936568111216,2.3507835945315105,0.06530904367190428,-0.06652464646486682,0.7254425508732528,0.734239985965045
1760.5111832006778,0.7033180058308564,186.6384528913566,0.010069472483544024,0.13158168933052733,7.94519506463638,0.6564567847007119,0.6696860176002225,3.3927975991997332,0.009337189233974945,-0.009304775724162702,0.666526257184256,0.6676514476354368
2350.1566210550727,1.0120728844262248,310.3060106145235,0.01143100881999256,0.8126625608119665,4.706874464066928,0.6579116408001311,0.6717374744256974,1.3171057019006336,0.00976983170024115,-0.009696786944070609,0.6693426496201237,0.6695384772689277
116.11788199212434,0.45937937108050786,31.307690895027857,0.06259266430539115,0.8137187097414308,5.718287607287744,0.5602512378892528,0.6228439021946439,0.0,0.01070946625753789,-0.012211522150941788,0.6228439021946439,0.6249937253701441
844.870219090871,1.0700875672778296,196.71809717501495,0.04074485254639432,0.5024129952194534,5.313996501444197,0.5819004673728777,0.6226453199192721,0.0,0.021227958986490127,-0.020587035586668533,0.6226453199192721,0.6236622900452878
1426.411755033794,0.5891018804908021,140.71579845798192,0.06787004437215308,0.9181459178184556,7.5926615588921695,0.6128592411658773,0.696291133233309,1.183727909303101,0.06055199429044944,-0.06288995431901673,0.6807292855380304,0.6851584614138558
1161.1565379147887,0.8347160529126543,179.89295150714202,0.06868265139071347,0.6066840178597395,6.199886130933567,0.6499458701442495,0.7313837664756577,1.5421807269089698,0.04862876865313074,-0.05041537147841997,0.718628521534963,0.7212463230081495
1723.3450641214881,0.8715202001563787,228.8197862875729,0.024605173278919888,0.5485370923196178,5.529611327630523,0.5004955861714047,0.5313081714818332,2.725908636212071,0.020586687189758424,-0.020322349493626796,0.5251007594503245,0.5278243261266449
2154.3100211528367,0.749022057600421,219.87644353604963,0.01903954321887423,0.8347213653182444,6.302341798643267,0.6516599086927274,0.6763578500441181,1.2504168056018674,0.018298135310392,-0.018065735583775184,0.6706994519116016,0.6716332801179034
1040.9019084684548,0.9687822560254931,197.67924507132838,0.03898193074926536,0.6134582376510322,2.0038538221992424,0.6289746229355724,0.672833218673115,4.3514504834944985,0.02419396410833076,-0.024174612934769243,0.6679565536848378,0.6717037845824064
1823.621901107048,0.7103984289399132,191.86660352985606,0.04475911719305313,0.8289428263405375,6.088236302991451,0.5556148079440046,0.6140468286694771,1.267089029676559,0.04209534987987219,-0.041743026694369995,0.6003739251370578,0.602697802529904
2401.776011391966,0.8365404747758067,259.28847031544774,0.07915572502386972,0.9741351846419816,7.513458336860539,0.6510743082450615,0.7383627673128472,1.1337112370790263,0.0686289998734442,-0.07148762968086006,0.7302300332689312,0.7335444207132418
1562.6304843927217,0.35495359731463183,88.74210452367154,0.04803459921966304,0.7888388701548945,5.125142952233407,0.6736478256811316,0.7547353634522592,2.2757585861953986,0.05781307069679466,-0.05822828636497816,0.7285325157997099,0.7297370547200622
363.17415806007585,0.5428463132437708,65.42810734067686,0.04541750930155601,0.4890927662821972,2.6515192869293185,0.5307056588089261,0.5909462538263589,3.492830943647883,0.02153682424646323,-0.021419934885523524,0.5801407047993019,0.5788326486882011
2110.281502853169,0.6359458332813059,184.76526020164388,0.013410569872690936,0.11484213307988493,4.84085241196596,0.5328757451848888,0.5526733661617134,5.251750583527843,0.013975147837165348,-0.01390028931391487,0.5464970352535579,0.548756030060996
1792.3022703981324,0.9157911162749763,245.20654010450536,0.025980769591997396,0.6329592503936027,2.926667860912316,0.5607165303188774,0.5944146322845691,3.942980993664555,0.0213081726343676,-0.02147661806630428,0.5866972999108747,0.5905188106137456
2233.10918603544,0.6896882823340797,206.12839523298794,0.07201220866009402,0.30272302376155624,3.980146059491996,0.5941904276913634,0.6992398710186627,4.826608869623208,0.07403236248887576,-0.07258206326458909,0.6664688085042988,0.6799525101584288
1252.192180466903,1.0978831704653305,245.70931273662475,0.018011172327979108,0.8667685320414317,7.182092236531221,0.6106397263075575,0.6286508986355366,0.0,0.010745535486183901,-0.01093168007332086,0.6286508986355366,0.6291098848150635
925.689203821969,0.6673034938594666,128.40619996597087,0.03047273933645947,0.8191967035959455,4.98967495226198,0.6851684357754901,0.7226153100961907,1.3504501500500168,0.022945565910403757,-0.02277306617518354,0.7156411751119496,0.7171815693534468
1594.4592264545051,0.6628873998032151,167.4081004769798,0.059774854778435665,0.5535396679872109,7.427038102516683,0.5368891921773682,0.6173553087021896,1.533844614871624,0.05313554217386105,-0.05680920214837772,0.5966640469558039,0.6024295635736306
2436.0368409901735,0.9309714966660729,290.6084955415595,0.07025133533054087,0.534617049133964,7.023209296025584,0.561354816715441,0.6482925037622695,1.567189063021007,0.062463048248539745,-0.06276291584460283,0.6316061520459818,0.6392532233997069
1928.6756285540205,0.32640514255012043,90.66018156097347,0.03149363411737561,0.5011593970237596,3.933918308860531,0.5774034231248367,0.6334829886893893,4.059686562187396,0.03992976573602759,-0.04022958060497545,0.6142153809686678,0.6188603183263423
2068.251387480875,0.4310083029279509,123.97019784832817,0.06216968205082006,0.16634086220048666,6.594434645090365,0.6584046485659546,0.7558867144552519,3.5011670556852286,0.07229322460268835,-0.07394635393419707,0.7262144456258349,0.732691033261277
1064.0770612059569,0.8502300408507235,175.40944798477068,0.07405968826215695,0.8206416761990741,4.342679062381759,0.5968427028560128,0.6797810221882404,1.3587862620873625,0.050276704717290455,-0.05134016273637459,0.6709023911181697,0.6734040719883556
1970.458107485933,0.46333513086421124,130.07949107238431,0.06627179182162116,0.3952640283048471,6.835943494313229,0.5173600886701447,0.6212856904983601,2.8676225408469493,0.07698596879381546,-0.07297813719184731,0.5882876766767599,0.5964348565785875
206.5535125854163,1.0979079026328402,99.79578511236386,0.07086199862642824,0.8945627531195834,7.707679685639705,0.5876632618828975,0.6585252605093258,0.0,0.013398872784891795,-0.013105295086022602,0.6585252605093258,0.6597668317734129
788.4053312323653,0.3170224955161127,56.29824440956,0.04508463934769252,0.29804348842894707,7.613305140435918,0.5008006324885558,0.5787128197239597,3.059353117705902,0.04354096938390335,-0.04824635586697347,0.5562910354478476,0.5520200189421386
443.6721705834918,0.42182826777508414,56.194882749291565,0.023926969811523653,0.3032005929217393,5.93628563036707,0.5655024156626298,0.5999616435938018,3.3844614871623877,0.014963043065374257,-0.01614517263682948,0.5937740279228565,0.5911981777429484
1576.058516568096,1.0012321402816622,251.39170707574107,0.05217897358679915,0.7250795121577434,4.193019789328144,0.5319476935245419,0.5925003085967923,1.4504834944981662,0.0384829607976049,-0.03878801063662915,0.584126667111341,0.5852180705224095
869.4017498797747,1.0678543838336974,199.13714918447147,0.053526796911719604,0.34976000749061364,4.705491602972623,0.6671026074861989,0.7206294043979184,0.0,0.02804537613532572,-0.028281862005281686,0.7206294043979184,0.7231227527142291
1704.2645696938564,0.7045875566562514,183.964266196353,0.07196140136436888,0.7051956149951113,5.856378384746573,0.5379536274421536,0.6350437542625061,1.4004668222740915,0.06625469926064562,-0.06765740049761439,0.6099150288065225,0.6143863293669592
355.33283922977864,1.0686279053516592,127.40139386756289,0.051920085907024696,0.4741150682317862,5.534124925461305,0.5123623922143431,0.5642824781213678,0.0,0.01513312160154461,-0.015439855630456429,0.5642824781213678,0.5653681758164429
2073.1054573698566,0.39498098200790244,113.74095708343737,0.0663182204422563,0.5809405989372496,3.6594320819414166,0.5060419896484141,0.6207080030151465,3.867955985328443,0.08119783897659379,-0.08101864898955173,0.5806738940174876,0.5930854183752159
2058.000052783854,0.35881412732237605,102.94902083071305,0.013626358094791142,0.7802899577432928,4.100259334237872,0.57786680111833,0.6018571445673809,2.334111370456819,0.01677354078515682,-0.017175703737779734,0.5932932964642954,0.5951772318196631
692.9622094737256,0.9732606308272076,162.0369005526201,0.03081306682745725,0.2891733127759215,3.855498358016937,0.5406299150334793,0.5714429818609366,0.0,0.015206024931244804,-0.01529923001939073,0.5714429818609366,0.5729866249764807
862.372529932498,0.27464260058135576,51.00882921152611,0.021097102038362084,0.4753475950565331,7.276801133539259,0.5114581493444572,0.549995455830693,2.7009003001000336,0.02291400845849448,-0.02481744914734444,0.5386489425298546,0.5362039999406494
610.4192962240736,1.0175111079874368,158.99493211483136,0.07230102719119452,0.7115057499663471,3.442841324571428,0.5839621122111571,0.6562631394023517,0.0,0.03175935673907259,-0.032072316536123066,0.6562631394023517,0.6577788371609437
606.9303866511161,0.31572965821268295,49.19430346810063,0.03659988761597241,0.6182394445633151,4.159596052788832,0.6221649100931939,0.6928591970228843,2.7675891963988,0.03552236966134562,-0.03433869063104086,0.6709504358686155,0.6632701583389513
811.0113649103331,0.5112654749847113,92.08522045912174,0.06534715141512268,0.8904832578044722,3.9322044891863124,0.6143031602690552,0.7029730574761661,1.300433477825942,0.05390106709266294,-0.05333917918892273,0.6796503116841779,0.6842318617202736
767.5894813414433,0.2480011775366848,43.45584967684601,0.061650002695228565,0.2539031349125353,4.554275142481503,0.5974090986758314,0.7247842161565125,4.843281093697899,0.07298337584750404,-0.07202277925797379,0.6828776338292658,0.6724854411896223
542.7318020298542,0.28509981559705666,42.00679692313901,0.034360911026974944,0.9570573167952865,5.690813539930529,0.5762820456805805,0.6254987601699323,1.2504168056018674,0.028253451041312196,-0.029299059267597325,0.6106429567075554,0.614769382869828
193.38596985811583,0.7402459532519738,65.10562598636089,0.016458034865476083,0.5882896639427737,6.511703049630458,0.5847170696589572,0.6011751045244332,0.0,0.0037022233248925145,-0.0038176685390948627,0.6011751045244332,0.6016350261320453
818.5875875596586,0.24264581043583877,43.90716235509873,0.011734451261311776,0.4870239126809691,7.300071624217807,0.5488125557586381,0.5711030420287616,2.684228076025342,0.013295916421171424,-0.014215285251643162,0.5644802740311783,0.5626359531597898
1477.733213876371,0.8158752377117857,198.3589338109307,0.0142580907250953,0.2377903382230394,3.9876607605174024,0.6340186348297141,0.6524864228200098,5.1517172390796935,0.011666141922770677,-0.01174151641174928,0.6482767255548094,0.6499410824938223
1153.6842693474325,0.860775561396421,184.91128193551978,0.07073185059012348,0.7825350489386886,7.953483243879495,0.6508722137463299,0.7244053481735113,1.3171057019006336,0.04876857529249776,-0.04886506283729314,0.7216040643364533,0.7241893657996697
2145.2300680178814,0.9491297226185009,278.0305425851152,0.061118603359603264,0.8216216349903015,7.608099367204462,0.5950414757052584,0.6645780122967831,1.2587529176392132,0.05155721184269039,-0.04953147245253885,0.6561600790648617,0.6582478191785145
1631.8888573901045,0.6634457494154955,169.5042923002251,0.06957258910344512,0.4882236425843566,6.918360626868397,0.6598709150114277,0.754269297104918,2.6925641880626876,0.06560431660388771,-0.0654406569808889,0.7294435041148728,0.7385487588588758
2408.5266432846174,0.42402862933167695,131.6136408158585,0.05967336569201387,0.7812275478827376,7.617670956827994,0.6813804836111061,0.7713433086700986,1.2337445815271757,0.07180662527342832,-0.0701244829527459,0.7448173614762116,0.7481934447784707
1476.462068100276,0.7212378672775819,175.27487381652168,0.02171038598829606,0.9774664321813941,3.5301047762205613,0.6449472436902584,0.6713376544023405,1.2087362454151385,0.01864348672176792,-0.018789930956780353,0.6666576296785545,0.667107366545865
2009.90801153275,0.597093954150243,169.30148212328857,0.024783560402034062,0.2700643457977181,7.138976005409551,0.602151297349703,0.6380749814581848,3.14271423807936,0.02627727590245591,-0.024630414995177267,0.627485902570193,0.6306017192424214
316.32875689184004,0.8453175254865999,95.08657534278639,0.027511973696352075,0.8887552756757913,3.8574307161798513,0.5400541660180286,0.5675661397143806,0.0,0.008516089121522625,-0.00865794940170475,0.5675661397143806,0.5683342164169582
303.66026453184236,0.6603780229738828,72.78076068791418,0.04155163114728012,0.7761809301428286,4.787615523158218,0.5687631937848742,0.6103148249321543,0.0,0.014564047638756102,-0.015074151708337343,0.6103148249321543,0.6118734190331392
727.9717975190658,0.450332070922974,76.84580241285563,0.07494935312794698,0.2485707418790311,7.929058547342901,0.565383891038445,0.6708167026818112,2.0590196732244084,0.061114015922064155,-0.064243671318093,0.6490999383551503,0.6463975010689419
312.1365650019939,0.42382134270907856,47.35710462075035,0.014089006568823309,0.8110267922475243,5.075317475246633,0.5673973237733602,0.582750075338902,1.4671557185728576,0.006737285588855433,-0.006784515043448199,0.5814863303421834,0.5823679882221436
1688.9190511157499,0.7675818733552884,199.5074524964683,0.07579104624593132,0.9651344650735417,6.084102653992431,0.6635631854488336,0.749072843551184,1.1753917972657553,0.06439897519244839,-0.06442890044441456,0.739354231694765,0.7428239838331528
2001.8202408044285,0.6421731794299099,181.71663955695837,0.059312080162339194,0.17043310691521318,6.5481264989018415,0.6923666014384735,0.7765984929691587,3.526175391797266,0.059844975156991415,-0.06022762237467021,0.7522567493547669,0.7596517650567576
303.9394075017723,0.9525042061326692,105.02444714497663,0.07530860186544899,0.3035700008218559,5.148867125655222,0.6855716450925977,0.7608802469580467,0.0,0.021526019553152236,-0.02122771325328309,0.7608802469580467,0.7626493708516643
2404.542410855123,0.31509414591708473,97.7206958786984,0.03443029578888155,0.728330177035771,3.329350996315582,0.5649541257268962,0.6271854223527921,3.484494831610537,0.0445042613636803,-0.044746590759074216,0.6047262155298109,0.6134812798004589
155.89854401126388,0.33816951283807906,26.70456310194747,0.04936306460924207,0.6877810596737645,5.893470986575021,0.6556720941556433,0.7050351587648854,0.0,0.014584348852472059,-0.013048462848569866,0.7050351587648854,0.7076163508450068
1096.6753929730994,0.44614164461704,93.44193193969676,0.01109064900297675,0.2859668434471482,3.8743268732122234,0.5356413712960931,0.5540573567727709,4.968322774258087,0.011234684374483873,-0.011436257721361795,0.5482489681973439,0.5488212670743583
148.3467315918454,0.34170284779867244,26.32192122719739,0.05662696874973007,0.6666268748253362,7.614101836388254,0.6596336582794619,0.7162606270291919,0.0,0.015515119097666131,-0.01470550900838188,0.7162606270291919,0.7191481465079085
1462.6146804188588,0.3238007127438902,78.32001466745548,0.04948502732476099,0.1554355548227627,4.585309384465116,0.5780517257894391,0.6666634630406119,5.176725575191731,0.06060062393792223,-0.061502395207534685,0.6372645133392018,0.6401909550634424
1126.75314247106,0.4518433265553085,95.92509921425417,0.05800813133366767,0.8568500205689015,6.611101955593865,0.625550419158176,0.7086208155036604,1.2504168056018674,0.05774952219263947,-0.05606694656058657,0.6835585504918437,0.6887571245407679
1392.027518399232,0.22797576200722736,53.795083015353065,0.06060537990843449,0.5904846456206477,3.624446303983321,0.5655684077706883,0.6868237845190557,3.8512837612537516,0.08068073080046387,-0.08239926341797078,0.6446432869659882,0.6487330178652088
2345.456287527379,0.7619260206055045,233.37615096039275,0.04331387042602699,0.6588295657375669,4.482453949913942,0.5940364546406032,0.6558502770350978,2.5675225075025008,0.042534779565619026,-0.04302167927650399,0.6373503250666301,0.6450159193702638
796.7422160984089,0.5958679705324801,106.37484784086914,0.05799145627065374,0.1359477325778223,6.770164443776929,0.5565959081722626,0.631929670447119,3.6595531843947984,0.043525471313739045,-0.04331744223084883,0.6156087273680794,0.6190115848929607
1738.1435042379994,0.778452783212054,205.2603599901357,0.05568396343989138,0.6473160246302226,7.754611028417209,0.6016688325390781,0.672716604354302,1.417139046348783,0.04902436653945317,-0.04877327656247414,0.6573527959789695,0.6598595348404226
1857.5658772368436,0.8349043981111199,227.5824963187722,0.026538730409483124,0.3549752552681431,4.544102588941807,0.5555395860926419,0.5901705974952081,4.443147715905302,0.023393959456814307,-0.023231656187081774,0.582078316502125,0.5851643370355539
980.1834374319033,0.5518645525354754,109.27383243041487,0.05227051926568408,0.29790103846155547,6.825751195260124,0.5875072713543009,0.6609734568620037,3.1677225741913975,0.0454638263015212,-0.04485244186663968,0.6422882642819585,0.6452227867814249
1794.9858680397924,0.2732982331167361,73.23139994294499,0.04289757758870569,0.1253975789595955,6.055459950893389,0.5687420153994139,0.6423730160380353,4.718239413137713,0.05432268175255168,-0.05670147875466622,0.6196386103784528,0.6239351187143696
2378.2067538539886,0.4917117931412775,151.65803484898586,0.049466412861240885,0.33164881812515323,5.720675773684042,0.5934084700266469,0.6688899032513996,3.184394798266089,0.056908033305071666,-0.05788444499060601,0.646054894829564,0.6539582225513512
989.5078276135189,0.3833204141721619,76.26083592480143,0.01780649407800187,0.20789122056100595,7.9942401050333185,0.5824621453714469,0.610937652270981,3.2010670223407804,0.01754709119246207,-0.018829816964507706,0.6028521648654577,0.602594132401435
104.6312988960147,1.057635911563413,68.42219347843162,0.011398594696086886,0.47672751299908034,6.304865515823936,0.6829198488743523,0.6943184435704391,0.0,0.001276536421917835,-0.001261743902938302,0.6943184435704391,0.694481586631873
1810.9270994370424,0.6172631794100107,166.13106570608073,0.07821094272888725,0.1353874447299434,7.921353215228049,0.6698783103416878,0.7789510442804966,3.3761253751250417,0.07829807990586687,-0.07705317092946633,0.7491023447257196,0.7581564633651465
2329.432041103262,0.429295181687783,131.04215671607227,0.019972065059898885,0.69698375143543,5.09515662791672,0.6046335921488759,0.6377814667953543,2.409136378792931,0.024200844975916284,-0.024156984518018926,0.6264102204613655,0.6298394106558305
2319.086028359722,0.7580728159879362,230.8869297963572,0.03177446845732129,0.4600599007760885,2.8009750105511078,0.5384628080551379,0.584826150278277,5.735245081693899,0.03116054267742307,-0.03149810300900105,0.5702372765124593,0.5767504323915976
444.04016850289236,0.9292622070902192,123.845263038457,0.059341142758048325,0.5773105158497667,4.246207001765424,0.63369885806487,0.6930400008229184,0.0,0.022804440765332643,-0.022399385669523285,0.6930400008229184,0.6946436390182315
2050.972834469826,0.9931098941045382,284.45086474917105,0.04829113597444335,0.8378966096377307,5.06783572047617,0.5949060178375781,0.6512523363574881,1.2920973657885964,0.0385532507049993,-0.039826309926032095,0.6431971538120215,0.6443993961142002
2177.0364534930404,0.5477365426381977,161.63468545505668,0.03771388753284916,0.3744202107564245,5.1122103697677,0.6089700067378921,0.6666018932948737,4.184728242747583,0.0422236652556212,-0.041040656713039615,0.6484780512928292,0.6545590472430828
1685.1067487450966,0.5874520790986135,152.51626099677503,0.025248610431851955,0.8801578561724882,4.076005203428086,0.6845886839680349,0.7203967363956313,2.217405801933978,0.025565060511139565,-0.025595932873213552,0.7098372943998869,0.711183584989686
597.6479992634938,0.7040517286126076,108.8572352080959,0.047563056547061666,0.8457830631342957,2.8331083205049783,0.6819874345834922,0.7340671708658146,1.417139046348783,0.02686919937244286,-0.02684558704172216,0.7295504911305539,0.7308164644707714
1375.4276132129685,0.7274984455229299,170.64003631340697,0.0457116405308437,0.13242241615263983,4.982543970839589,0.5527099325353981,0.6123125432481208,4.101367122374125,0.039257930957758085,-0.038369635724943625,0.5984215730662419,0.6029638043451454
922.4516329067955,0.7841914392684259,150.6343072792115,0.04483879906318742,0.1838963914007144,2.4382476485705533,0.5371315391234741,0.5927702801260313,7.82760920306769,0.030506337186111683,-0.03035027127124462,0.5819703381866616,0.5862677757283953
558.1243517733368,0.7474706812742284,111.68366163151302,0.022447012483188,0.8935474809472935,3.258563963680479,0.5182262890852766,0.5406733015684646,0.0,0.011608285452811088,-0.011510239297226124,0.5406733015684646,0.5414601871767956
2201.7904392631526,0.46579481846905973,138.2332884261291,0.03977958408836151,0.9631237456111981,7.666215314946643,0.6429833778529835,0.6964718614699186,1.108702900966989,0.04333556013329773,-0.044180742680827514,0.682762961941345,0.686641848184734
265.4534841581313,0.7340061128702577,75.63518742469883,0.07923545545295806,0.9522246055815824,2.6360149551196574,0.5791934606180738,0.6584289160710318,0.0,0.023536222108734278,-0.023302572219951505,0.6584289160710318,0.6604967227540758
857.2881901668144,0.316755296214415,58.656656127035404,0.05863588178741327,0.3464635279242131,4.069194818751787,0.5180717753402836,0.6300693626888274,4.651550516838946,0.06524079216138372,-0.06423791012282383,0.5933880819952252,0.5890444465771619
1295.1221410687974,0.3423510772868509,77.92145591768902,0.04024632965056424,0.22900799989297135,7.723099339700875,0.5289965066394285,0.5967092315038682,3.1593864621540515,0.04713510135883861,-0.046523071511582303,0.5751035203314552,0.5760255537680585
1352.5291692415196,0.37728184278708876,87.75446449705815,0.015345326243082647,0.2820777569578884,2.3286446443426163,0.5278794766241978,0.5561606009220023,9.344781593864623,0.01778916287535618,-0.017841395870726865,0.5463232604747723,0.547733721489885
1284.3619786317208,0.7866339689518169,178.29797567753508,0.016113787055024843,0.4969167615138417,5.487482137120112,0.5468451352422123,0.5670691347509013,2.8592864288096034,0.012801000108340227,-0.01262638713798436,0.5629589222972372,0.5645958312807903
992.9881876384609,0.2646513827602478,52.74438152984423,0.025409175616316646,0.520077633327046,7.942653073551933,0.6992530125878267,0.7436219333532508,2.5508502834278093,0.0299908635367954,-0.030981528291506893,0.7316426267221025,0.7290971287492777
2451.092034698291,0.5807777476702949,181.85270822464025,0.015647626489026553,0.39121609352440023,3.4262862522258635,0.5028253149819709,0.5275740820691358,5.693564521507169,0.017294955533067362,-0.017507711801893724,0.5191186497331266,0.5224355500002463
328.560664692101,0.6078727415441596,69.68678822626718,0.03377637246630079,0.2623183494710347,6.296599823952483,0.5714231191793238,0.6095357616548606,2.29243081027009,0.013985494420708892,-0.013838940395371603,0.6051994916456246,0.6066670477105818
2144.4828537917065,0.4168794442368057,122.09609269824834,0.047687544306063735,0.26572529543426426,4.9718036983150515,0.5304933017956772,0.6094630457804264,4.576525508502835,0.05785082650301034,-0.05701228361703949,0.5829934716911737,0.5906653311415527
487.7886984916526,0.7510010393378141,104.9026358521713,0.028465022952303673,0.25513050390782255,7.578609500810439,0.5086006501480103,0.5381277468767743,2.150716905635212,0.01355730353848028,-0.013419264782177186,0.537065673100314,0.5381332810544522
1456.3554704701291,0.6934374576499388,167.36744595097625,0.027542621208214185,0.507494570601536,2.526426698495813,0.6442540291847771,0.6842329173681467,5.693564521507169,0.02465102667173968,-0.024714210778049167,0.6720273923492162,0.6764301949266034
632.0731561043757,0.37404682384390037,59.47571068863836,0.03204149347942521,0.9121329282368278,6.778799889701256,0.6893784582267515,0.7317783192735697,1.2504168056018674,0.02505535424168962,-0.026613671642220633,0.7214199517061767,0.7245148994889439
1664.7096304794052,0.796629359928879,205.56801866538999,0.043602169959835194,0.9146676910302779,5.065262895621974,0.5710120141590049,0.6229043917687722,1.22540846948983,0.037363699863173866,-0.03672225930484617,0.6146141841188402,0.616406626421682
1636.9000238023964,0.6915255440608672,176.94948385975516,0.018681387071692684,0.4534528725211866,3.8799524665668796,0.6693667550022263,0.6961537508590806,4.293097699233078,0.01731017022220678,-0.01757960095866599,0.6881244107392225,0.6909502752464955
1009.222136735461,0.9393997093750035,188.74428094196637,0.04096727157306619,0.778150507101049,2.8116915710671395,0.6849300439316924,0.7302008115187507,2.5591863954651553,0.025714123252663364,-0.02563949580369681,0.7258973155047587,0.7258973155047587
1253.3437379174038,0.4338184210636758,97.1344046708233,0.026904272445536483,0.3385695597174747,4.200345037507806,0.6435039065351233,0.6887933199640381,4.609869956652218,0.028721909920509273,-0.02922869363298708,0.6741268802813579,0.6759625664265794
2379.0473029619047,0.802133687111269,247.44477629592237,0.04830163896608706,0.5037380272154213,6.969166802225699,0.6699314404892139,0.7333580944880791,2.642547515838613,0.04650328721640822,-0.04565508721237331,0.718233079455301,0.7250276274271634
803.2904186387645,1.0580782237880872,189.6636330927028,0.03765807542444675,0.820070262272375,7.8009192684934,0.6407316201711222,0.6783896955955689,0.0,0.017801646364952024,-0.01879192700897803,0.6783896955955689,0.6793429266483704
487.72174348286495,0.7275232596565377,101.6161969634004,0.01831439861669049,0.8102278358820336,3.6878910432432974,0.6390429646120037,0.6573573632286942,0.0,0.00884893816126975,-0.008829183938719664,0.6573573632286942,0.6580578935190409
2284.2152179124773,0.36290886560315516,109.69733673746606,0.03750004870208167,0.6824069092662096,4.517951556857007,0.5349637883249431,0.5994830329200181,2.4758252750916974,0.04692975123036137,-0.047450150323626726,0.5773698403655253,0.5840957724162973
169.7718740051128,0.5659383293317667,46.63714705546395,0.05544463186073443,0.6165857873372398,2.9374474385638543,0.5901386887734773,0.6455833206342118,0.0,0.01277784412966789,-0.0127575426841972,0.6455833206342118,0.6474930649812901
986.7305108350067,0.44678216206405996,88.76159542124391,0.061048987070227254,0.3786868270244659,5.240851713998175,0.6846447070539232,0.7822405552477538,3.184394798266089,0.05872536648984728,-0.06058641254605867,0.7532235893234916,0.7547118519847376
1394.2623574085978,0.7553206191445048,178.37483619454056,0.0151272190317286,0.2603207293675627,2.605707195788681,0.6529625896711679,0.6736417861110187,8.14438146048683,0.012749878236923157,-0.012663236349329735,0.6680898087028966,0.670286114929899
2106.210594200422,0.36780976387511993,106.75891367166844,0.025349022564616373,0.39088656054350457,5.546465701723013,0.6243592387600039,0.6659123503324241,4.009669889963321,0.031229213981372413,-0.031600181998161406,0.652938531893821,0.6565815147466285
1748.2095004994983,1.0146734805921165,268.319998930044,0.030652809834757676,0.6928830902860981,5.358337074666153,0.5611674480825134,0.5967563199249828,1.4504834944981662,0.023515998496954262,-0.023212098886504745,0.5918202579172711,0.5926556993821283
2277.796447824816,0.2859350707632958,86.3087600593505,0.05984007187824361,0.7550863417203417,7.49195916613977,0.6037161184702707,0.6995513002372812,1.2504168056018674,0.07698300030603114,-0.0777536431869635,0.6715497961224233,0.6768665054759148
871.8936117261902,0.9449666028740185,176.47297347346577,0.06395671972826748,0.5502840529775234,6.607144253802867,0.5535751204154522,0.6191607223719492,1.6338779593197734,0.03574426929055273,-0.03716858947500151,0.6175318401437196,0.6194482008916437
1514.815192968323,0.9786651093090881,240.90395345324552,0.032258915323155876,0.5351949841876689,7.706269125037337,0.6596423683943473,0.6959404185213208,1.5755251750583528,0.022915344669970677,-0.023701094785804594,0.6919012837175031,0.692906607637211
2228.8936487933265,0.5467223548014017,163.2456062316134,0.07975536817441913,0.2373090442154317,5.112623499297854,0.5958546764592498,0.7187103981319655,4.651550516838946,0.08978577945119498,-0.08673039066884615,0.6794605815176081,0.6927985161535998
2016.2372579203227,1.017755995263511,289.03103821332934,0.06117975638356419,0.6641346125172725,4.564575145091022,0.6020651834151468,0.6763726137673407,2.5758586195398467,0.04858867528657323,-0.0496849882556758,0.663244939798711,0.6685549555746054
1322.3207517395724,0.21833162631593991,50.21287084480645,0.04521320633793744,0.8703737201567123,6.255644066853489,0.659141724425001,0.7368993166575327,1.2004001333777927,0.05965792856736953,-0.0569751083066716,0.7144234707476265,0.7145250660161943
1037.1639754444504,0.6760759132216623,137.7048292265662,0.012343849829797034,0.44469814795240925,4.846496269355864,0.5510417799198163,0.5675343110415089,3.092697565855285,0.00952489463608001,-0.009888427443255089,0.5633856297496134,0.564783839360823
174.97834957755956,0.8213672979010569,68.71626745625043,0.040456142559419025,0.47411037380101084,3.4999205241710536,0.6075660797996034,0.6480222223590224,0.0,0.007878988804276076,-0.007854793979722689,0.6480222223590224,0.648977183147255
1151.2642750497555,0.6265860257261819,134.46158140794566,0.05066099439054675,0.10569218251576183,7.446175421230535,0.5142174793890163,0.5812826234173127,3.5761920640213405,0.04325179191005239,-0.043215805542836126,0.565135503862679,0.5696711056444396
1182.2193935583869,0.3866355877154433,84.07770746855581,0.04666476585589128,0.3522070979174241,7.160038988375623,0.579271966792484,0.65609977763665,2.9593197732577528,0.05144720449446379,-0.050679380564266,0.6323397277204261,0.6336915877585368
1633.0133338442497,0.4239917553330911,108.36331261827374,0.011358430534581226,0.46373908205194847,5.218918937349741,0.59190943025235,0.6103283390616973,2.917639213071024,0.012870001025013705,-0.013198219572353244,0.6046341761209987,0.6056149691257772
2408.8344731652637,0.8361552564614256,259.54962088047466,0.07969688604377767,0.3655540812825748,6.73431967764288,0.6111116935093227,0.715834528036899,2.9759919973324442,0.07581868382423679,-0.07286984453885727,0.6908085795531004,0.7013714201586734
1568.2248506763985,1.087267880398095,272.31447051851404,0.055779103982578196,0.9089352031032261,6.354501408315482,0.52547722434495,0.5812563283275283,0.0,0.03771697919340017,-0.03744568619078383,0.5812563283275283,0.5827064497187557
1778.61690477355,0.6358840298169339,169.60908895579482,0.07431585950876397,0.8261510024714096,2.6248081256433515,0.5267831287307116,0.641868344566726,2.4008002667555854,0.07391976906896365,-0.07412995966455496,0.6011837492596462,0.610949708955167
267.06640431665335,0.6439203872701558,66.55363811088549,0.015654023144514712,0.7513105029172247,5.3141514887025965,0.6671770035106285,0.6828310266551432,0.0,0.005079847848140967,-0.005184575208044975,0.6828310266551432,0.6834129564854132
771.509892811159,0.6672267057450267,117.21256393274686,0.018223578013738105,0.8961490023852524,3.0500297737390296,0.520472450270081,0.5418965726603466,1.3337779259753253,0.012300801068406876,-0.012458873051728988,0.5386960282838191,0.539296889091803
592.1214364556399,0.9256083398506834,142.45006334440808,0.017407016937927795,0.6529847453543494,6.477087803690754,0.6502162320965742,0.667623249034502,0.0,0.008164224900337391,-0.007852462915416757,0.667623249034502,0.6681298856452027
556.1461278595148,0.25546159853985084,38.10220242799317,0.04141644686405524,0.2822368107200915,6.195624854083628,0.5713385599310842,0.6537054255435542,3.3427809269756588,0.040639442023849504,-0.041889616356407325,0.6287506333285058,0.6184334490403834
1178.449458479517,0.30213643979154065,65.59769567222084,0.04972852005837343,0.2669717706687166,6.073913965489623,0.5142337645095787,0.6018161869861162,3.3261087029009673,0.059563139848760036,-0.06040672487460049,0.5758219553049205,0.5730860679889318
2442.147021475176,0.8160742807272305,255.06189936402973,0.022721069746834834,0.11268518091567022,4.006777353231312,0.5305626528104415,0.5618088687686049,5.701900633544515,0.022130866655461195,-0.021575973895028473,0.5532837225572763,0.557033745147726
624.1871994869103,0.9854752325941005,155.71596395660322,0.05222432620355947,0.25881188772600955,5.339956404124693,0.5511561306849986,0.603380456888558,0.0,0.024043819489211932,-0.023866412653322948,0.603380456888558,0.6048400103455257
2442.882074459414,0.22948150723732574,71.73464289997476,0.06126228955174706,0.7956973235722845,2.4029765837462014,0.5343738728462704,0.651290428343528,4.434811603867956,0.08263328298357336,-0.08223970401300044,0.6076796026957747,0.6265946303415685
1022.3359818494981,0.9813393438761613,198.4476817071312,0.04758999568929496,0.6897761650065615,6.698077012741056,0.665624557667504,0.7134254928727335,1.4504834944981662,0.029070067057140533,-0.028504366641797233,0.713214553356799,0.7146081783961892
1243.0829034008345,0.6579138248961333,146.7063981995024,0.060260409996144564,0.3370081228620638,7.126938418193147,0.5041573648951683,0.5831734165573925,3.017672557519173,0.051817024540243964,-0.05160625883784782,0.5644177748913128,0.5705598671962783
569.8518453033391,0.920179948732853,138.92606688358907,0.03381807483248706,0.23484954942307537,3.12052853426842,0.6061512803872139,0.639969355219701,0.0,0.015456579472326513,-0.015311836083403833,0.639969355219701,0.6416018526132331
2130.8356704279704,0.26358564419399955,76.95320780561752,0.012133663638725459,0.5186513222531588,7.737124490321808,0.5558019606828253,0.5763447547459266,2.500833611203735,0.01580475334611042,-0.01605449800149988,0.569718225766785,0.571366181867308
2402.009293760916,0.9989130589310014,309.63142259750686,0.02981945534712578,0.8352532578305321,6.1152038154129125,0.6023644777809514,0.6373276694811576,1.267089029676559,0.02547681187152087,-0.025326445771329604,0.6321839331280772,0.6330426359922682
1114.9987433028994,0.9339524803329111,197.2386241514669,0.06551556028865149,0.7812427023483033,7.989535707291775,0.5957024921882768,0.6612180524769282,0.0,0.04187328564063929,-0.04224084469524678,0.6612180524769282,0.6633269155224045
2036.615146767798,0.9762305302851308,278.63576835375454,0.024812180701757877,0.1378597978477549,4.4284904131314775,0.6713473368873552,0.7019950798038708,5.37679226408803,0.020176492500341175,-0.02071759123217491,0.696159517589113,0.6988938759916072
793.8478748668246,0.8300091386606818,147.90454271246892,0.010514369734498388,0.41982798908821395,5.6931001685489075,0.5259514380144674,0.537535224479887,1.908969656552184,0.00638609135557119,-0.006156224652940174,0.5364658077489658,0.5369358309901773
2251.8565891538415,0.34064657940537135,102.23612784385672,0.07368554815027963,0.2947503778146772,7.9656720434950445,0.6209497426591182,0.7405841075099378,2.9343114371457153,0.09356788172701579,-0.08985868040624051,0.7028158550077973,0.7101798508787417
302.4277466519471,0.2587495110307939,28.459046825207796,0.015244518738162814,0.6309034725618566,6.857475213964311,0.5805925483541011,0.6059913853189917,1.608869623207736,0.008987782518189573,-0.009778829152026115,0.5991974652294266,0.5973209025435723
1167.6058222764684,0.7303589332981653,157.83905325694178,0.04731284233504491,0.7192555597911432,4.830714320978159,0.6427721370128134,0.7034180950496438,1.4421473824608204,0.03784844926448255,-0.037556545180979325,0.6900849793478584,0.692249676016504
2493.5457821119217,0.5152680580238884,162.73159823932158,0.010855082404074557,0.2130625409964893,5.321085109921723,0.5688515574289303,0.5857422008898231,4.651550516838946,0.01268341620928019,-0.012130402827791393,0.5803160275225147,0.5822603891736682
2355.958224891982,0.7647014810966448,234.75006420188598,0.04642486301758276,0.8182355511448168,3.5515392262945706,0.663947708056472,0.7308926471793505,2.342447482494165,0.04574343983592954,-0.046031629424150046,0.7103725710740547,0.715272546439125
107.34665167382306,0.7577096259221461,49.650891579117406,0.07543300057320453,0.809073956830483,7.121805152884156,0.5793909390343001,0.6548239396075046,0.0,0.009774343731504325,-0.010863612839803444,0.6548239396075046,0.6564203929316067
2078.173470640303,0.69574849852724,200.59641707168802,0.05329781655522393,0.15302380540222316,3.2093101830463526,0.6101928831027105,0.6887251737653467,7.119039679893298,0.05359211988721932,-0.05260060036156303,0.6637521937682523,0.6739016398960253
241.12253877639435,0.867302125928942,85.17640585733021,0.06880399059653311,0.9283261251653244,2.6106107550788353,0.6879440496045599,0.756748040201093,0.0,0.016857423461840187,-0.01697570872554684,0.756748040201093,0.758068257528406
262.28801831030796,0.6266505943350339,64.18664522860696,0.06881757144394683,0.16328002470800984,2.109386437933902,0.5049895437413301,0.5825750916531158,5.693564521507169,0.02213000688349658,-0.0222576734054232,0.5748195422024002,0.5765045382087692
1327.0485746464806,0.9304370701369968,214.36822436737714,0.018919866975081974,0.2121492286715866,5.41128113029875,0.5468591201623847,0.5686392825225822,3.7012337445815273,0.013244779938438386,-0.013707828355141448,0.5657789871374667,0.5672973935857065
1852.5129643476973,1.054671849359075,287.0965527921915,0.06362233846202892,0.8894578297410248,5.117516345430022,0.6664638608435066,0.734305628929702,1.2587529176392132,0.04793694318471439,-0.047744395513934605,0.7300861993055355,0.7315870351262996
538.9676415680377,0.26151310135606465,38.397663007728795,0.05591671770872802,0.14675725338225035,7.354888514838083,0.6383108294214836,0.7423171569323275,3.526175391797266,0.05124689369249652,-0.05490230567826513,0.712606295759371,0.7017241246549167
2385.281740981389,0.4824979906819121,149.037427819843,0.044031081644113464,0.7675213285406071,3.4566739127649235,0.6083697640223333,0.6816669113711228,2.409136378792931,0.05190060878954874,-0.05169048019502781,0.6558215585923934,0.664786978821043
1682.7214600131474,1.0809277890023372,280.4353739482068,0.06212923059696694,0.2063177652511666,4.852000708299862,0.6177541565979144,0.6869723461756737,3.867955985328443,0.045146551269250275,-0.04352787086510158,0.6798833871948814,0.6849009777628697
451.89554287444656,0.5887694512829706,79.15790522000387,0.029880407143507613,0.2069447880358234,5.072251600780727,0.533126616202469,0.569307078441937,3.8846282094031346,0.016241848723747752,-0.015512600562146874,0.5636031014539613,0.5645545076352617
1517.289780605736,0.35272723901767894,86.896695402125,0.06065164465219748,0.2757174607267034,7.377710604656897,0.5052418713097617,0.6064398022881612,3.0843614538179396,0.07353741464472811,-0.0695399225195937,0.5743452174445213,0.5769043313410188
1352.7937289097663,0.4880942892978923,113.54016284646633,0.025755356804221356,0.5244425012486332,7.052117217945565,0.6830554411053297,0.7216361911436263,2.6092030676892297,0.025980030248010978,-0.026946941627621217,0.7109690186022009,0.7126858126387914
827.7966835548298,0.33881925988556416,61.653810918317106,0.06040983132964151,0.6237988529103895,3.2060968920653594,0.6520591576174872,0.7681733046008474,3.9179726575525176,0.06437032174972365,-0.06394931258851794,0.7315082940656312,0.7255591252311733
1345.4330445811386,0.7880556795566669,182.8175750496067,0.03515373237743721,0.49518780517213845,3.082052590249653,0.6513031735290682,0.6978703890836033,4.418139379793264,0.028198408956814892,-0.02851685273112472,0.6864569059065054,0.690988513848567
476.82717796430046,0.9004723352759554,124.36004513758513,0.06586054984192102,0.7719408676496095,2.1165367283524423,0.5546266425213346,0.6204871923632557,0.0,0.02670897196120443,-0.026680504351617052,0.6204871923632557,0.6204871923632557
1224.0105827003529,0.7359899408451163,162.85251152040544,0.07434554695583351,0.43804537491583206,7.250139912643725,0.5326858576273673,0.6248419243974025,1.7339113037679228,0.05758551797733065,-0.06024108302141749,0.6070314045832008,0.6125701080890468
991.0731700207048,0.24705380973919072,49.18972682074979,0.061974250373893564,0.23558748168962168,3.5421200938907464,0.655046650438643,0.7831711902145287,6.410470156718906,0.07921629330284712,-0.07665880147104705,0.7395519442930107,0.7351695672776564
1383.3201218145039,0.21257544747661633,50.00396525489568,0.0101564643323178,0.5595945685659074,3.829733082495169,0.5360622891990354,0.5565204300224474,3.901300433477826,0.013669355639743367,-0.0140195556025344,0.5494263516392409,0.5499719116415047
1572.6254505186662,0.40559282454568446,101.72622039387186,0.05145450047794636,0.4413393555276456,3.1204773060187385,0.5276209475737498,0.6183413558703121,5.635211737245749,0.06003862245620958,-0.060055981835333304,0.5870368660034523,0.5936965110394639
668.4654475054914,0.22684889721168658,37.09421201865463,0.03156888734253879,0.9117592211636147,6.988172755298169,0.5744007513439318,0.6263066675534065,1.22540846948983,0.03042199873561233,-0.03344945126381147,0.6107397109120711,0.6112792546967192
1482.0006845963292,0.7106245031126528,173.01923049521355,0.06801162774355986,0.3126610913652691,3.778324932758074,0.5603570867491223,0.6551451092202701,4.90163387795932,0.060958387102190724,-0.06010275712018949,0.6283687144926822,0.6382816062306698
198.08797545201838,0.483219076960273,43.01333571930381,0.07145396436116049,0.9207888828143329,2.6578120746113023,0.5916117083236863,0.6630656726848467,0.0,0.02132610561298524,-0.02029020621200237,0.6630656726848467,0.6661132538468546
1015.2373638103339,0.6404232769610492,129.05680239960708,0.04883036668410741,0.11823288401597147,7.053453487526965,0.6947328146346676,0.7580389422058194,3.634544848282761,0.03943870712748105,-0.03877039559790171,0.7435631813187751,0.7477590210224353
1668.1715488087416,0.7944070146440323,205.2075904688937,0.0469585900481496,0.40084607054294363,2.893866945077127,0.6168126685392101,0.6812710011734373,6.002000666888963,0.0410424199216046,-0.04093145506632851,0.6637712585873597,0.6708518380284411
207.85936842209694,0.9420523109226866,85.89933794748839,0.039463818962943084,0.4732788017457774,3.963025150855435,0.6938707777397173,0.7333345967026603,0.0,0.008321022064519411,-0.008263498724121797,0.7333345967026603,0.7341786188047043
519.8006866497252,0.33617703932769005,48.47484936432663,0.02158720510815211,0.6926747345656876,7.95137191237759,0.5470950340803509,0.5805870838392655,1.4338112704234747,0.016330454393632173,-0.017772990431139064,0.5707291217414486,0.570872763912213
2273.481752961971,0.45075490328735524,135.93027382425063,0.05535299440877102,0.13644905674003097,4.973923847457134,0.6309139932557963,0.720706101435215,5.076692230743581,0.06589658902392842,-0.06556906199781794,0.6907856978798508,0.7000156149072235
1387.1674653343086,0.41405184639361203,97.53245779148499,0.06799478637875409,0.9731228601144163,4.755176574152392,0.6271838530378507,0.7261010006322275,1.1670556852284095,0.07404079901874444,-0.07113935563937374,0.6965793427718464,0.702293297851774
1996.991844029374,0.4173401545596146,117.95281603312135,0.07051152673501498,0.35218081477899776,6.654984821091433,0.5224198464852844,0.6353576122574903,2.98432810936979,0.08409945185838186,-0.0827537479128936,0.5995839821739035,0.6065336850143261
792.1280881940073,0.6802579405458811,121.08806027645049,0.046744546699302066,0.8653880660377296,7.976763545831643,0.5214421691720281,0.5681867158713302,0.0,0.02923825311329178,-0.03125738942456729,0.5681867158713302,0.5704310110069166
751.3315187800889,0.5218383892007683,90.4652577014429,0.04352428854670036,0.5445187688389592,7.1371703788905,0.65411186055702,0.7151810304883324,1.6005335111703902,0.0345661312922291,-0.03418011934226264,0.6991339891169714,0.7005879126377913
145.24378969108795,0.6095195845248691,46.45863505606407,0.05326516867708622,0.5143560283837211,2.783871536154214,0.5794948167381296,0.6327599854152158,0.0,0.009981212640010412,-0.010025312517823822,0.6327599854152158,0.6343463897254175
1087.9736683113665,0.3689443302047829,76.96619709365403,0.06294149801296675,0.38926061212822916,5.533923743411697,0.6031460361917534,0.7105273356063878,3.092697565855285,0.06871913169934575,-0.07009541956131268,0.6780527411874994,0.6771596297083611
2205.824990119333,0.3098134386765544,92.02710794417725,0.01799841057774221,0.37028770221071416,4.58728980875501,0.5597084497504279,0.5912371356445715,4.309769923307769,0.022968998577671745,-0.023517451174999024,0.5804599406727972,0.5833824303413297
1931.648997748585,0.4207392587983697,116.95186175690603,0.015934231994057132,0.47241982889573286,6.640275728830904,0.6701123887173482,0.6958679440548526,2.717572524174725,0.019060717362359703,-0.017990903693343274,0.6875297915796826,0.6895678009148501
1860.0276360720418,0.7020980106497696,191.5082274753317,0.060693419122442374,0.7132505817734752,3.406199794970365,0.6101517784406387,0.6991919939680693,2.5675225075025008,0.05852781331678611,-0.0587271312136776,0.6708451975630811,0.6811161226592491
1949.4623983322367,0.48540859568762446,135.5485542206287,0.05577812027018521,0.5333323847669187,5.0189531056701195,0.5180110075564319,0.6063327793794009,2.7675891963988,0.06279501385688104,-0.06374630372746773,0.5780560321853683,0.5863008286274549
1698.9211967329115,0.9791183318190682,255.24179781908163,0.019900190161810397,0.4294950959948044,2.29200472904501,0.5059263771952782,0.5307549761996844,7.394131377125709,0.015411915230176884,-0.015375696917202702,0.5258265673570887,0.5283257964007748
2475.180392012185,0.6441243574757463,202.6763833301454,0.03488633130446725,0.34738936896251704,7.880075869669755,0.5504501571043368,0.5994325467539673,2.8592864288096034,0.03690783957263119,-0.036440100645925004,0.5855720536386838,0.5909073996371456
1841.7001497705837,0.4553822862253405,123.59918028239468,0.014934265374984337,0.7149489530661471,2.009785085779189,0.6351497023121139,0.6614845905486728,5.96865621873958,0.017055003572914573,-0.01702252726106233,0.6519768074383937,0.6549958825561852
700.9038375755755,0.8714938088643511,145.92292310387344,0.06388251171454545,0.7516965149357842,2.146900648805662,0.6407473239287537,0.7096234536083414,2.717572524174725,0.03411436516290268,-0.034230161028559795,0.7046298356432992,0.7046298356432992
2476.3494737338315,0.41836283167306065,131.67067339375703,0.029196700055773697,0.8321738946224856,2.9623808303364836,0.6321167351009103,0.6825789488579276,2.3174391463821276,0.035441668841520044,-0.03581211266945036,0.6643616874135476,0.670974408016013
1912.0633060013884,0.23344459563742148,64.56021283733618,0.048763346598565835,0.6182895326822946,3.820657384350765,0.6752689338795034,0.767710387039656,3.7012337445815273,0.06498582511657292,-0.06666886248268442,0.7348687781927028,0.7436115363742923
490.5993263196553,0.5277752385552745,73.93370667340801,0.06940680810031306,0.2715784809453933,6.92824481796605,0.5158138354735912,0.6060189670755926,2.150716905635212,0.04170476502063586,-0.042752189102850766,0.5883372060142357,0.5892829893399497
1274.149761255976,0.2677975962011331,60.45704396870492,0.05745325095430601,0.8115413401500402,7.099151289480817,0.6962524501487977,0.7927977250548578,1.2420806935645217,0.07226326346196928,-0.06739098041978492,0.7647593018171874,0.7637518188025827
1712.8377335190085,0.8921557224560184,233.52252186363904,0.04540307948249306,0.9214632110630135,5.862550293196776,0.6767102812502687,0.7264121916395191,1.2170723574524842,0.036505572134257314,-0.03544575324487787,0.7221133607327617,0.7237620791854341
665.084840833314,0.647064002646258,105.53967686219357,0.061087324474466284,0.28244957910641494,3.2680387595718696,0.6956085480811274,0.7748994337424624,5.368456152050684,0.039585216594775215,-0.039418020805247436,0.757410434670581,0.7614671545254247
1143.0648657692946,0.3636339076313945,77.75526514408138,0.03320247173870542,0.45763853343933303,5.738511544821327,0.6846029318095505,0.7420535719760737,2.884294764921641,0.037663158945496135,-0.036939389399795415,0.7238148861010084,0.7243890433749084
2467.8161822130182,0.7865288830200015,247.1161191753813,0.058994565255840736,0.3896462527269301,7.142951572692494,0.543559667044063,0.6223356591875651,2.8592864288096034,0.05816522784141378,-0.05539392210119914,0.6025542322999038,0.6109506190985914
355.3135583463222,1.075930391087886,128.26851315183745,0.07048970737743726,0.37328062108432003,6.051024298286295,0.5934036714826398,0.6638933788600772,0.0,0.020261656023007085,-0.020892316239391542,0.6638933788600772,0.66537022457697
875.5076947491301,0.4580967896842654,85.72692137879464,0.019521921165463453,0.5943862740482553,4.679580140705047,0.6024372840599889,0.6340724073540359,2.7342447482494165,0.018259165372180603,-0.01787692554552306,0.6246873777084867,0.624613427755301
616.8572019505707,1.044749603695923,164.10980541335562,0.05470138374313791,0.9096405916450031,2.6556269961965326,0.624570193171235,0.6792715769143729,0.0,0.023722125173293737,-0.023690937654066633,0.6792715769143729,0.6792919401170445
2138.7083647459867,0.49782870183302,145.60815920152558,0.023660021839519048,0.3385191752250577,3.6376023604987937,0.5894397929847071,0.6280612219211861,5.818606202067356,0.02699782155198237,-0.027235464433719807,0.6149523502131921,0.6192604293533877
882.3126466703958,0.4441466654371922,83.43872394255303,0.05539586088835966,0.14772913450469602,4.04218266883838,0.637950393188095,0.7291730348776216,5.551850616872291,0.052109285443465936,-0.05265722594645181,0.7017333150910489,0.70194738932905
522.0393982744142,0.39883507599162116,57.63349830565674,0.024046663778904222,0.10083349605826443,4.8426065109894365,0.5077917578832246,0.546817991438894,4.3347782594198065,0.018479948284239787,-0.018333915879834774,0.536835051858721,0.5340455680585408
755.0555482597603,1.0953230821327746,190.3538596427208,0.07428773479732098,0.29356822734070076,3.8600145914835964,0.5927409164537103,0.6670286512510313,0.0,0.03510510942650402,-0.03561213838941264,0.6670286512510313,0.6704082774966559
2126.5925119821845,0.9223813472537821,269.0188102934368,0.018836900559639755,0.2120039635135169,4.500393523364268,0.6740190779227544,0.6981166639257891,5.010003334444815,0.016149858299180926,-0.016489399265562237,0.6928559784823941,0.6951751457725622
2217.0039978292057,0.2966292647178772,88.33386415818289,0.050200810157588614,0.24010767741260164,6.116775860016697,0.6832866495857812,0.7662489688047719,4.309769923307769,0.0634206599700763,-0.0659893732446186,0.7409561006697006,0.7485480168642337
1191.4463019414247,0.27477449722284636,59.98513690030236,0.050547793712618194,0.4676650031222692,6.865392514003761,0.5680688927852775,0.6607422601994212,2.717572524174725,0.0632396638225826,-0.06227877420891002,0.6302624407377578,0.6301612329799148
2199.7532811342144,0.44633036687130645,132.39555929101354,0.021026234512208017,0.3758323395867219,2.209494750936479,0.5562491933748482,0.5926578656440266,8.819606535511838,0.0248374685718136,-0.024971207181607613,0.5796208934464765,0.5843972140868638
1684.2823213168738,0.32805468070093313,85.14980925606001,0.017795548095061158,0.21914676212891537,2.465310045568798,0.6749270823685879,0.7081873352799651,9.553184394798267,0.02216725287462197,-0.02241271160731426,0.6963391720476139,0.698997441041229
2365.8762771916677,0.24190503655590767,74.41678802566553,0.06320502470804783,0.763436572045478,7.981456547660242,0.5695741323442136,0.6713819602745807,1.22540846948983,0.0841175293452435,-0.08256105115852064,0.6458057535989613,0.6475291864114424
785.221580056999,0.6077739087288445,107.7130097446798,0.06996026240044334,0.7557342782841089,4.829742883805016,0.5489125686571746,0.6398753246068715,1.4254751583861287,0.05103906317213991,-0.05197260356552715,0.6188728310576179,0.6227360775334277
1844.8377790440907,0.9690741812379766,263.2486243729153,0.037996586174724366,0.7017269012388858,4.401272127059589,0.5956986876282969,0.6421640134902445,2.5175058352784263,0.03032727141493146,-0.030749932269264268,0.6336952738030213,0.6361712888706117
1359.7849118917927,0.8981532326200503,209.46696586261024,0.07842541888902518,0.4999295463744091,4.053890037485635,0.5747182012944783,0.6693960590385183,3.059353117705902,0.05878639344358014,-0.05828943800757088,0.6531436201835035,0.6617245625729059
421.3337665004359,0.4672448640359505,60.65794106800718,0.016051318928816435,0.48510483686132244,3.004143615866293,0.5692813491948817,0.5935502921716891,3.3927975991997332,0.009565091768044272,-0.009481657722211868,0.5881786456390609,0.5867729639193658
2004.5865985398552,0.42133488553022247,119.30807158872204,0.05283262349394483,0.9110632773237516,5.401575122177281,0.5387585225544825,0.6179217070950773,1.1753917972657553,0.06161146969743271,-0.06154439413383196,0.5943581988803918,0.597395387636323
927.4388655182904,0.7313322864656595,140.85990407909432,0.04546277978318975,0.23375785264921342,4.680778068143414,0.6086133389820496,0.6652117593059474,3.826275425141714,0.032604934582275244,-0.0323348239127377,0.6540761187652394,0.6578798388490427
741.5985146981739,0.7512009638058668,129.38101616506887,0.014911206963964689,0.4029463302089651,6.825660996665446,0.5518569601816311,0.5689356464345696,1.8672890963654551,0.008793915104813792,-0.009358379535628495,0.5667681671455957,0.5673705995290084
1552.4244400073876,0.5690267423392807,141.7972827421124,0.03215220996906728,0.9245185191190242,4.059570308482301,0.5473351802974037,0.5919948912479781,1.22540846948983,0.03150405655571144,-0.032245259881973104,0.579487390266471,0.5813673231569221
2282.323157536649,0.8713499203422335,263.2759326440112,0.057725979958873824,0.14458144786018823,2.787229764294655,0.6276679927619325,0.7066263149591185,8.661220406802268,0.05312619817228667,-0.05303964301212007,0.6853939727208064,0.6951364626673564
602.6388076630245,0.40307418706732323,62.58114862581904,0.06453969607405276,0.3573324539532484,2.429523812911496,0.5072863894619722,0.6211661973756684,6.66055351783928,0.05367869868590334,-0.053204931710514096,0.5889735373321565,0.5816173043425574
1163.6271693886906,0.7554157199161815,162.97573196599103,0.07082196633742621,0.19972395552937536,3.1800369577297776,0.6059601221814942,0.6982921942942314,6.918972990996999,0.05471905681879245,-0.05554740770596532,0.6767820885189204,0.685121966356226
973.8600693807401,0.6342837061209452,125.18774895853,0.07468872542889508,0.5904024884782185,4.490723663672456,0.6978879813399489,0.8012840793584552,2.7759253084361455,0.059672088671298334,-0.06028517127091841,0.773157578560763,0.7802288705102483
256.51760775888715,1.0389021035340549,105.23572849946424,0.04511632894458382,0.5533807039904244,7.531786005219256,0.6014647959186139,0.6465811248631977,0.0,0.010582458209703192,-0.010663467407940786,0.6465811248631977,0.6474852233524275
1152.1770172723573,0.44523973290547914,95.58362855327499,0.05611717367721947,0.6126805818817854,3.2860726216866984,0.641882583012265,0.7381249231002209,3.909636545515172,0.05783459382217624,-0.058769794892752365,0.706865668830038,0.7101674136259857
1645.8084576079373,0.5576004957858868,143.0680941366185,0.01030806453324854,0.501923035158569,2.0363487027815106,0.5149996978598079,0.5318739177880242,8.21940646882294,0.0106457480274036,-0.010654905985500788,0.5260785411234721,0.5278943648342941
1133.4637659540017,0.27372789576679496,58.28447316289694,0.02929658036510164,0.6899422317030716,3.851692055656514,0.699529718824302,0.757280500111388,2.5591863954651553,0.03664753112531646,-0.037006459645813616,0.7380599818190569,0.7368043236289282
2299.1248813959546,0.7267789141269714,220.40101748914034,0.07768629970444513,0.8812155649892699,3.9133911130429224,0.6499192491970618,0.757290022012936,2.217405801933978,0.07818614065261285,-0.0766893580704165,0.727605548901507,0.7294393759176024
428.39628160947365,0.816096281940867,106.83024913905656,0.044375727854620635,0.11514334532754225,3.6453789343422245,0.6910764434808496,0.7357420334242399,3.309436478826276,0.01819947093157687,-0.018008189586342045,0.7354521713354703,0.7372578547776488
857.9955642123537,0.36330900977129665,67.30521022674031,0.023127201260054582,0.5312919381777541,7.05589544402321,0.6516003530266693,0.6888688523718238,1.5838612870956987,0.022937787006720358,-0.02401361859855376,0.6794755226661504,0.6773685846098702
1148.4448180906584,0.3878541950932646,83.12919120770658,0.013224543007153379,0.5163672875344579,6.88865209110915,0.6459363987188627,0.6676319128519796,2.642547515838613,0.014121474005195684,-0.014613046037462227,0.6612718844424165,0.6614245165204332
1080.6418423054006,0.7352324047258403,152.86058781066114,0.04053725646623524,0.62111449881116,5.105031466361295,0.6361933200250318,0.687524714211224,1.5588529509836613,0.03137725247116774,-0.03039459589263596,0.676730576491267,0.6789799021307443
1318.5012244794975,1.0465498983508028,240.34229520009654,0.03996197271071804,0.11432467273573983,3.418241212453907,0.6001213716213312,0.6440750635306915,6.152050683561187,0.026463853762314273,-0.026580749826186807,0.6400833443320492,0.643295418229382
1397.3724445327887,0.6971463103808482,164.82004043816983,0.060018646878905756,0.34718332835577514,5.989422074248863,0.6408064546238426,0.7215229383654689,3.1510503501167055,0.052604226247706734,-0.0523058076816675,0.7008251015027483,0.7078218612941288
1087.0738062899832,0.5619521892316899,117.1814529982406,0.022524734995951486,0.47258863862983636,6.720897750242075,0.6817946011099767,0.7132062227103555,2.7675891963988,0.0199266936558294,-0.02032595211475935,0.7052987583826067,0.7068074939482278
1524.671659163117,0.469433309018869,115.92899249496318,0.05776028030618121,0.7661315878264034,3.993276672683974,0.6653095722979093,0.7612862176629298,2.4008002667555854,0.06295942687472013,-0.06371789004021325,0.728319730054316,0.7327218696807913
276.8699971320162,0.20967834584002298,22.065893896791867,0.018607954084243684,0.24040751304475877,7.273574197686328,0.5849963404442562,0.620980868669469,2.2257419139713237,0.012521658691476301,-0.012253690541168814,0.6146159212228537,0.6058525331552571
759.8360607289161,0.5861676043881374,102.19079051116569,0.03763886248904426,0.3713155011892153,2.827397494471792,0.6311830923947761,0.6847270442918387,5.126708902967656,0.027698935477893417,-0.028157534840981543,0.6709490112513772,0.6733243583118738
427.8505666711728,0.897882007405407,117.46143988528499,0.024118160929631753,0.7582341764199805,6.833516634172802,0.5250652019548901,0.5491833628845219,0.0,0.008859131210693927,-0.0092307896803154,0.5491833628845219,0.5498568885991699
308.18984389120976,1.054615493588294,117.09363936825764,0.04241327647268065,0.6672119454756895,2.1395626407306065,0.5557420361112679,0.5981553125839486,0.0,0.01124657302480349,-0.011253591351674766,0.5981553125839486,0.5981553125839486
1312.954370942527,0.9975964820504637,228.61763159929222,0.02900075922950634,0.7976721878728477,5.973277569552211,0.523054153561149,0.5531128028573152,1.342114038012671,0.019731391857215234,-0.01939230371179244,0.5520549127906553,0.5529177547640641
804.1004147007917,0.41407763279475784,74.26204604290575,0.040976931130129984,0.6718008187428258,4.60051853305104,0.5489073151503612,0.6169609425718016,2.5925308436145382,0.03889506151489017,-0.03844227449533496,0.5967700781123056,0.5936207817598275
1770.109043747861,0.726023985240341,193.18836840612138,0.04635197351909844,0.5989776377013806,3.3314038777629413,0.6360862122184912,0.7026527267791949,3.942980993664555,0.043523796993774344,-0.043067903103873706,0.6824381857375896,0.6908310935194
1030.001285293044,0.5271210377570177,106.99395183402784,0.02048139457867394,0.6371536010954018,5.6159864632790395,0.5680601287333057,0.5978265010008633,1.5005001667222408,0.018566031164675943,-0.018843336360493578,0.5897114956941635,0.5902028300863984
2163.640136477282,0.9609121088438857,282.6872209622782,0.017633801453770193,0.7255345490289264,4.363008537110134,0.6999429702125786,0.7223095473168966,2.4674891630543514,0.014972496600512497,-0.015183428204587592,0.7175767716663488,0.7189571392455368
640.0567112431658,0.4524717848730405,72.39869303831098,0.040947440618900925,0.34184363381259686,6.1519601983190855,0.5961816224362961,0.6575030545990883,3.1927309103034345,0.032288366893025056,-0.03275896413712989,0.6427345488432205,0.6409488365383998
630.1092036388965,0.6557366625379064,104.10398955096815,0.07221514364555269,0.8131560821650475,4.992973546560926,0.5576985206283895,0.6379281082261772,1.3921307102367457,0.044615183359134954,-0.04325568092328734,0.6299136642739422,0.6333517294284146
531.7275152860667,0.9905445894682061,144.46032678571046,0.05971168583490875,0.6149469728327126,7.276607875722011,0.5243380574748179,0.5840497433097266,0.0,0.02478916624963442,-0.023866159544330103,0.5840497433097266,0.5855883502598306
1737.9742864049638,0.39504108117190884,104.15831131610973,0.018440420871119093,0.5190476590062398,4.324357578586122,0.6882347218650371,0.7199408848656481,3.9179726575525176,0.022136228443966822,-0.021890729315186618,0.7092616902735687,0.7116620410303199
877.5509122043593,0.9334120331468023,174.8797613671688,0.06241789003278414,0.7011314830526826,7.522402837760358,0.5815849188762684,0.6440028089090526,0.0,0.03638748695352638,-0.03515110418589712,0.6440028089090526,0.6459349725119863
1035.2108463588775,0.34485268122335844,70.1742871194287,0.029303345284654843,0.8917988104547837,4.846292797468208,0.5682706644381421,0.6151464980679265,1.2420806935645217,0.03218793437952055,-0.031491273886577235,0.6009826586902332,0.6011758260662738
618.6689321972107,0.6364642252192536,100.12283701794478,0.06016657593251702,0.3580228229113679,6.546299124875925,0.6259575549449836,0.6993627497241882,1.9756585528509505,0.0359870266778102,-0.03816237119238228,0.6861241308775007,0.6890442708048116
1990.1501500952902,0.42581866598742113,120.14276219390578,0.05417197013131318,0.23836175153995773,4.182781892987821,0.6448720189685602,0.7341272746065873,4.993331110370123,0.06465907752906647,-0.06427663520571777,0.7050338647298355,0.7127177409213892
1616.0041253918462,0.36907465280376983,93.83512742716734,0.07008398704647704,0.1480158841106637,5.571294131099897,0.6967641000463212,0.8140345004674208,4.818272757585862,0.08387209886770063,-0.08414945282231195,0.777255568774619,0.7832433450506827
1375.6113564225966,0.9206046379634787,215.94891703216518,0.05166266812323715,0.8047794834306933,5.933564812131723,0.6382264029075058,0.6951305585226857,1.3254418139379793,0.037862972205900736,-0.037283085158706986,0.6898890710307429,0.6916351033868011
646.7467626073218,0.8676388222156259,139.55201238554932,0.026653692066503157,0.9825762476283293,3.366723145767228,0.5473368007195313,0.5739904927860344,0.0,0.013415231495807417,-0.013374775945760415,0.5739904927860344,0.5746700417822082
2160.815489161274,0.41868727576653725,123.09165200333467,0.03526319554438981,0.7431761450611243,2.9524914811685794,0.5318143509655004,0.5935988061308953,3.5345115038346115,0.04272169131651169,-0.04218152654886147,0.5715030935532526,0.5793592969111859
1267.2602158398854,0.4193270788094542,94.40952330479625,0.02649605688983235,0.10831502927666142,4.222697547187687,0.5636501109236807,0.6082416140836207,5.601867289096366,0.028278926848674085,-0.029355238852959268,0.5938010947490535,0.5955463674225728
174.77394598400898,0.7591098603922972,63.47065413257835,0.05386586274023479,0.163720424596293,3.9022493774567186,0.6745611063990795,0.7284269691393143,0.0,0.011008509703809111,-0.010891706942734633,0.7284269691393143,0.7298123559596457
1497.2009637869883,0.5707772516107892,139.68079578021107,0.04255713499248672,0.2874519949922246,6.871289004247568,0.6828009410901935,0.7446039412323978,3.1510503501167055,0.04273699936122758,-0.03992622985850946,0.7268450183521689,0.7310922718468321
2285.5937014001047,0.40154095252306976,121.41136891580281,0.031751818744351984,0.24456049732858312,3.8432068017938787,0.5665610744245201,0.6204971193106051,6.118706235411804,0.03905564497420935,-0.03903000739811118,0.6019485131735184,0.6081297554094359
1619.453768955125,0.37068174339331217,94.34425728401125,0.07435778470574204,0.19278952307677896,2.0412680662059985,0.6709890257261066,0.8081154145317184,11.587195731910638,0.08970325868083943,-0.08887582690722362,0.7591292066973864,0.7700306137164986
1789.0475386385192,0.5198238833203987,139.05837991034628,0.05168497941370827,0.30118969075531005,3.010337891872256,0.5942298270277445,0.67768952727382,6.427142380793598,0.056469234604349425,-0.05643011526187731,0.6500115432310904,0.6585380564619817
947.6507913303061,0.7537070454817629,146.74277764760527,0.025270442919272204,0.6966349305045568,6.601169121816879,0.5333272286056949,0.5629192408417617,1.4338112704234747,0.01790142699214033,-0.017421752245054673,0.5585976715249671,0.5596742998000153
205.25988020299835,0.595628637771205,53.97064416876209,0.06418168601947061,0.6857018520167284,6.211290322487548,0.5805678679986737,0.6447495540181443,0.0,0.017957161848289566,-0.017372314117811743,0.6447495540181443,0.6471099510280319
663.8693086073677,0.6786009589561486,110.58233608378666,0.024305598562443784,0.7536058272865592,3.1817987357568622,0.5582526533428682,0.5879230411017002,1.492164054684895,0.015151493313247942,-0.015130175773317807,0.582558251905312,0.5835135063839447
1315.707467975213,0.6380389407291456,146.37161035523368,0.052059456348492066,0.4937001404499253,7.516839851060548,0.6679868188394376,0.7373995001550364,1.6172057352450817,0.044063526772507466,-0.047303895682371304,0.7200462751879296,0.7247282899792716
2209.8722829679323,0.7665649142630939,227.9095485041238,0.054450554110256455,0.6482788153443538,4.609304926528737,0.5644212002134525,0.641260577547082,2.5758586195398467,0.05200728178388478,-0.05321905139967398,0.618871754323709,0.627982266892993
1520.8069298772887,0.2229786534246053,54.99590150403474,0.010521950199666213,0.8664776436670737,2.2785442686657333,0.6049590300666836,0.6268363482176253,3.3177725908636213,0.014257972316516892,-0.014157296603361343,0.6186521767612192,0.6200507440991306
1575.9706310791482,0.3783541066601921,94.99538513153283,0.07270115867856039,0.2710861945735375,7.3070899242000475,0.652598053866607,0.7717514578540442,3.109369789929977,0.08685904568787772,-0.08151527666010422,0.7339843246716298,0.738159326082928
677.7830884580654,0.33566974964848423,55.26975819444617,0.03213628971303646,0.45815550964324725,3.4747080589935404,0.6997783097508846,0.7610416416076061,4.451483827942647,0.03165875085921303,-0.03138368422970149,0.7423451590298957,0.7375236963641754
651.1656069749945,0.9475713442845715,152.92822272829278,0.021138242296333095,0.9822201627483527,3.3531407496985093,0.5843377109567184,0.6054759532530515,0.0,0.010057044356245893,-0.009988335884961322,0.6054759532530515,0.6059106998221468
1440.5537602429756,0.308257143640484,73.99593815229512,0.0671774047235371,0.3472169794127469,5.295619409609983,0.6099267621386494,0.7292154166280376,4.226408802934312,0.0835361477806453,-0.08395790488422024,0.6909977161810021,0.6945283323214541
1546.337565581884,0.24993738787188324,62.160339177986415,0.021803313328209752,0.2450730186310278,3.812307556495111,0.528982831371668,0.5708498118575952,6.143714571523842,0.029218660416310285,-0.028680946079481108,0.5562025149353711,0.5584650610021593
2312.6111698582954,0.6616590054601708,201.24056730237825,0.05365026033918791,0.42173935785830874,3.657476846203469,0.6006354340464426,0.680579803497118,4.459819939979994,0.05645087622871358,-0.05600258157006819,0.6550867269172126,0.6655752909733607
806.3751396036007,0.5092813331567879,91.46529066517478,0.041692561198960004,0.55516031846592,7.905884070691032,0.5446645176323881,0.6036792169689675,1.5505168389463155,0.03510186601951773,-0.03294999809595451,0.5876039813508236,0.5892672605174731
1271.1427957183532,0.3345605655404051,75.44004095059846,0.03449994628955808,0.7455796468357638,3.046772862563447,0.6162702615100086,0.6818920434529464,3.5428476158719575,0.041270790170422685,-0.04148774869057422,0.65922491643691,0.6608139515702434
1100.0824565632174,0.24642158996402572,51.69176609859659,0.07531526690349112,0.4722428262635977,6.703559214506997,0.5832626977463601,0.7267917790467986,2.7342447482494165,0.09627466916415536,-0.09444535248458538,0.6798031146955995,0.6763527287872589
2349.664771789083,0.46142330098600776,141.45961450525925,0.03885614547813878,0.7829778162333577,4.0620038916851415,0.5728714142670359,0.6376083586978251,2.334111370456819,0.04550017445707969,-0.04652166431096389,0.6146798090741099,0.6210569524761165
2487.5756161941363,0.7000530731213168,220.8254416235112,0.05825663175691037,0.6791160107382488,6.967544882939434,0.6723650198883486,0.7526397954267523,1.375458486162054,0.05733693052288946,-0.06080796149737994,0.730621651645259,0.7371836765479418
1451.814717928743,0.46510046746975947,112.08109599375334,0.011596017330247862,0.6529629259578881,6.952812999593718,0.5901079611023319,0.607659024600332,1.4088029343114372,0.012070807420936554,-0.012652769765554201,0.6026589087458215,0.6030879674127628
495.2947371780743,0.4592738656420769,64.64479841645354,0.045699225065830525,0.8530130970798999,3.0305188764105235,0.6224299751419028,0.6842415568803721,1.4088029343114372,0.0302702220967175,-0.029879142615976063,0.6681292002077334,0.6711909003815617
1908.084673481309,1.042442768301341,287.99240731767003,0.018169258417520158,0.9337524707481016,5.608805211046877,0.6533403174864572,0.6720096670996193,1.2087362454151385,0.01384795873855917,-0.013409472188368998,0.6715095759039773,0.6719970919616669
229.0593029645331,0.6555333400765357,62.74783525628305,0.05358407718565557,0.3761504558855562,4.589901248607516,0.6108596270559196,0.6644437042415752,0.0,0.015098487764737442,-0.015399782244898897,0.6644437042415752,0.6662786522617872
1426.1150554551518,0.23767537286615428,56.76641422640802,0.04076372366052247,0.29243633931300783,7.500170468512099,0.6953159980246668,0.7690170627819816,3.017672557519173,0.054368240087976784,-0.05164302012787295,0.745959894356101,0.7447236447753897
819.1525512449658,0.3576668575259529,64.74274199417565,0.025365290566384015,0.5299770298176584,7.2470335946790705,0.600007242987528,0.6411738326569885,1.5838612870956987,0.025263933540537322,-0.025834800263059912,0.6307605917068727,0.628185969298002
232.94094811671437,0.23589704244182963,22.77064911223122,0.025917366193599398,0.8584941498484859,5.728883345210864,0.6125915707572582,0.6415409113561292,1.4671557185728576,0.012772881213027786,-0.011072468562572949,0.6385089369508576,0.6407889000471793
865.5270221983411,1.0364828645415687,192.8556816239433,0.033182477147349274,0.851449971387652,7.3754211078553045,0.5966670026432274,0.6298494797905766,0.0,0.016687896651946362,-0.017489271434417475,0.6298494797905766,0.6307229994001495
2246.2942467537823,0.4491229586519424,134.6258859476479,0.056090339832829315,0.17916737367194763,4.843605284554363,0.5434663604316696,0.6347893487720717,4.95998666222074,0.06629029273049479,-0.06693062160610838,0.604212480788191,0.613575129445715
250.6318670334469,0.20335295726985866,20.360977915468997,0.03273264815085659,0.6305775350830866,4.731382085906944,0.5603538597038992,0.6239881253872694,1.7089029676558853,0.018272606435939514,-0.020497660280465357,0.6094935845906005,0.5963743671663645
2478.8800738630025,1.0455725359817103,329.2394905613464,0.01879573147862478,0.47359668400164534,5.893081603961665,0.6466981595059873,0.6695265396198495,2.842614204734912,0.01587657575156054,-0.015907146651397364,0.6654938909846121,0.6677286689726587
979.2931717827769,0.8716536314618131,172.51636655056714,0.018690500903747482,0.3986313627319342,6.29859905453543,0.625136558052075,0.6457861141782814,1.8922974324774926,0.012186191965344715,-0.011947863911615678,0.6438270589558225,0.644774429878013
2109.304515667972,0.2421713204004396,70.34323653114872,0.022207420247613397,0.1436451240447698,3.152685345495268,0.500856562126587,0.5423039540321932,8.161053684561521,0.02996209523312279,-0.030016678685325194,0.5275449340206767,0.532307821078214
1310.104724029279,0.6754829560114299,154.63129650216243,0.056052424698419645,0.4464212024809391,2.0192461441111043,0.6347782308815274,0.717024468995692,8.652884294764922,0.04871704502248471,-0.04892214560907,0.6916951164611026,0.7004412354034667
230.29861059499018,0.9795533877359697,94.01643204269389,0.011585779139555616,0.5774276109309693,7.369507294313125,0.614497915157756,0.6260836942973116,0.0,0.0025661845653600353,-0.0026288815909322437,0.6260836942973116,0.626329526528725
1560.200191705432,0.8134497635036653,203.21272348315554,0.018568619341132693,0.7074343907295035,7.282129292076891,0.6948441665670633,0.717576400934258,1.375458486162054,0.01546928236252882,-0.015115912276067536,0.713412785908196,0.7141848866784845
1163.324798460033,0.5100543665097923,110.02641398230553,0.0627316730917422,0.5885868592857831,3.5438279267301827,0.5344315769939406,0.6348653406879111,3.9346448816272095,0.061095520167468165,-0.06156429221204884,0.6033932540724202,0.6091694319578106
508.55272142258485,0.6132593329455369,87.4665815371418,0.02190870839309551,0.1177470496103372,2.3125326498181398,0.6859769087905931,0.714245326073095,8.57785928642881,0.012314723305653119,-0.012243942034219768,0.7086323018738344,0.7096614574919403
275.1072187843258,0.2658626215228636,27.889342234647636,0.041583191187347275,0.3205902541015293,7.776163113034986,0.6821971678995609,0.7555371446125013,2.042347449149717,0.022890731788336772,-0.025183358547029355,0.7407101789319723,0.7276337021715269
1071.383796811041,0.6038583674746334,125.00794653388311,0.03625795571528992,0.1340795049788154,3.757081035528252,0.5245346939223968,0.5768859197671234,5.785261753917973,0.03130684771508815,-0.03131753362906927,0.5621161596086939,0.5656876280617686
345.68879203629456,0.704775415642749,82.87497140187727,0.016913540039949358,0.19263819141573724,4.883082288916091,0.5884564730245277,0.6062543249484404,2.684228076025342,0.006587935201408212,-0.006413346508213227,0.6053700130644771,0.6059760657112747
430.3234843176865,0.2040041223279767,26.764951631541773,0.023508210923749072,0.31230302876383664,6.801490661653205,0.6830876701054429,0.7317992195832898,3.217739246415472,0.022323149260737075,-0.02228353796449711,0.7187257317691145,0.7100969795076655
1074.2665539711275,0.5645240538508801,117.02225821031774,0.05987368986319068,0.6642298141342201,3.104841120160455,0.5215378244591723,0.6131599685058888,2.7425808602867625,0.0532799969551693,-0.053980289616894175,0.5854772869610003,0.5907127536885346
1150.2685375721219,0.7083455268464867,151.94092705388644,0.019709532221116648,0.36394614406760006,3.8356579785834493,0.5522596402048328,0.5787833025253856,4.68489496498833,0.015708501855719502,-0.016033963929275825,0.5719691724259494,0.5741116206528154
1205.8270391002984,0.7877572258877648,173.00748794679518,0.045657291853119474,0.2813109060226098,2.6176342822843983,0.66437409257974,0.7239332608614584,6.935645215071691,0.035131103559094795,-0.03525581451036463,0.7100313844328595,0.7154007034415906
1250.3312385226857,0.2559252657204895,57.234210894466635,0.02806850497546906,0.8236304005457393,6.5103579486413,0.6751633265794755,0.7230650307741042,1.2420806935645217,0.03564069352634976,-0.03425462276240601,0.7090993006244282,0.7084366141458031
1545.010782404061,0.5806153409222496,144.33918856745342,0.03986444982881155,0.27460004004364935,5.904793769107291,0.6170137512185708,0.6751243610744726,3.3511170390130047,0.0387009512415074,-0.040118346640616274,0.6581389607263501,0.6622366317535658
471.67458742920616,0.9970966280408375,136.95833963663222,0.0357927742317418,0.14476488896896164,3.9672855246787027,0.6739713429423151,0.7097641171740569,0.0,0.013641420247008434,-0.013397412005255304,0.7097641171740569,0.7108938080680658
2300.6958060682828,0.6413585755336703,194.56311109608586,0.07694379580513926,0.8877176282907784,6.951384302595352,0.6719420129364412,0.773598992164714,1.183727909303101,0.07981985500439583,-0.07609967943749552,0.7488858087415804,0.7536699381911118
1016.5009892051763,0.8808220466799894,177.61190599455946,0.05041373021533045,0.747715601566276,3.0667166454846475,0.6462787823549884,0.7047270036838659,2.5925308436145382,0.033340946482780055,-0.032926554585909845,0.6966925125703188,0.6970261162362873
2398.221842066012,0.4723969901432867,146.31262246489806,0.07903129267689389,0.440538413324834,3.198340982126197,0.5224572459600477,0.6545894312204267,5.576858952984328,0.09399627531214128,-0.09278839790639849,0.6083365705624738,0.6256385736000187
1983.9085918916267,0.6993428603389116,197.00668818246587,0.031499190556342024,0.647605332814382,3.9926071270460284,0.5896715514656917,0.6354842007968802,2.642547515838613,0.03123767441323765,-0.030526777597381646,0.6211839655849422,0.6270526285061212
2170.393901807419,0.8013498291732484,236.11382926956242,0.06336812877933015,0.6251441963226186,7.948388293313726,0.5482820132581785,0.6303036433324071,1.4254751583861287,0.05819438119893577,-0.05908611805783758,0.6116501420375087,0.6149433519058101
729.4987857251554,0.28330304486449964,48.39422335422762,0.04878136514494974,0.6520233127675311,6.355769437392919,0.5670891851898522,0.6540192928218922,1.4671557185728576,0.05259865691511082,-0.05202421553605346,0.6306443581784088,0.6226062550513848
129.41632447606528,0.7690065833794881,55.32922462321009,0.0799086844764268,0.3650944184109932,3.103606714814118,0.5563533915652706,0.6362620760416975,0.0,0.012098201351961593,-0.012132201133454673,0.6362620760416975,0.6380414251593861
1120.9971394649133,0.4258216360573083,90.16956448925498,0.0342872017757271,0.6743860647214264,4.070167921055688,0.579211788956731,0.6381795817438269,2.5925308436145382,0.035477177792223286,-0.03648850075835711,0.6186888486119133,0.6197970930490784
196.07503071823345,1.0261482514605829,90.87642856592916,0.03848201719403976,0.39532916443131494,2.5189051774723072,0.6268366430790366,0.6653186602730764,0.0,0.007280209957137973,-0.007313157112826872,0.6653186602730764,0.6658452482256059
2173.1798806330116,0.2370378800471603,69.88686960729737,0.020169072715622488,0.2317508459975866,5.613649132086757,0.6842461005436737,0.7198522787196487,4.476492164054685,0.02743303375069322,-0.02676247923197341,0.7085476395969635,0.7111820389341891
1150.644080957223,0.5094258033744656,109.29025481879188,0.06360884799176839,0.7683121555800863,3.4805368356632576,0.5321652724615772,0.6343773236814341,2.4674891630543514,0.06107991592075933,-0.062317525515077916,0.6002475466798286,0.6021506250721153
958.7440777968552,0.8980430530039683,175.86462910365918,0.058654437294048484,0.6992683357205847,6.976571360979223,0.5554260624682787,0.6160939485926148,1.4338112704234747,0.03707565465479805,-0.03527778877619437,0.6140804997623273,0.6160329386989291
915.2409411268242,0.2381055055482584,45.55826249708217,0.07081220430624734,0.6241867614299603,3.7887337513021597,0.5138833062898731,0.6631611141537703,3.7679226408802937,0.08978225798256206,-0.0892825836380661,0.6145497445028122,0.6051183681783797
1836.1828075899032,0.8738637675941552,236.8272580934401,0.056632505648051584,0.2834028738520566,7.479296351051629,0.6506316038041753,0.7187724864225815,3.092697565855285,0.04776909366500306,-0.04693446950783349,0.7072641094522268,0.7126214739183039
1678.6151766015287,0.785849531079609,203.63150294698937,0.07330503900641488,0.9354764197874114,5.57382450806144,0.5833338821925097,0.6685578197672429,1.2004001333777927,0.06297593661716873,-0.06087237600275609,0.6566389211989245,0.6598323253778908
972.9615509425989,0.9371709569726503,184.88286230187654,0.05512237378840335,0.1695394272282883,2.853116078090163,0.6800371790209693,0.7409178106793353,6.2937645881960655,0.03415398569257651,-0.03368035255749311,0.7351595528093726,0.7395101661980766
2222.795555450802,1.0566492038277222,315.0725629075076,0.039949567712982664,0.8056548168766364,6.969350163885929,0.5631393811676386,0.6076418946510528,1.2837612537512504,0.03230652042618172,-0.030937806827609125,0.6030889488806213,0.604234386497584
448.81050694514136,1.0973237254752557,147.02672134095306,0.012115344262594493,0.6376023268402987,5.901273645090253,0.6363578683939296,0.6484732126565241,0.0,0.004145832049426083,-0.004112443883603293,0.6484732126565241,0.6487327872862942
713.5065855258154,0.8494213198689657,143.50008089633357,0.02514796942968859,0.8461344301765142,3.3147000445078074,0.6393412058152155,0.664489175244904,0.0,0.013903000118679933,-0.013946825413622464,0.664489175244904,0.6651648374121586
1980.192366001542,0.3700511754159699,104.14669070036271,0.026659054134282198,0.8011933648609302,2.515993829809717,0.5381521904933328,0.5869520901896088,3.451150383461154,0.03269680662212317,-0.03288289773475932,0.5691408283756857,0.574897494227899
1193.2741748557964,1.0371637358702936,226.59349593090053,0.049331448442510736,0.4489100633874029,7.870221333334859,0.5927422612442577,0.6435810584440371,1.717239079693231,0.03011665699983241,-0.03118402462799434,0.6420737096867684,0.6434363262900304
1140.963936849957,0.5704798851989512,121.8726600972606,0.03185260508247574,0.3931253287638259,6.127022359576989,0.5081671194683762,0.5540269281595136,3.017672557519173,0.02930057894401023,-0.027776787721436717,0.5414112276642569,0.5440855441897681
1736.3601415511653,0.3810840483132856,100.43166664695403,0.036894560224314504,0.2318850753042988,5.316506264434818,0.6458700889904279,0.7078678267632664,4.601533844614872,0.04478020978577041,-0.043604394735674276,0.6877816449881538,0.6918631790419908
951.1733825352752,0.3470749197862367,67.69912755151528,0.02585539073518229,0.8363016266730153,3.6058924103591146,0.6549405186022454,0.7007873718236631,2.342447482494165,0.028224871751491756,-0.028028400075244445,0.6854562278123559,0.6838598572864557
894.8785763349066,0.3698592989086663,69.97591617854681,0.06091159917392018,0.5216905265276861,2.187663507648838,0.6919884838688797,0.8078361451185608,6.935645215071691,0.06365684010994802,-0.06313935356959054,0.7697611182640642,0.7680497173731738
454.6082681730578,0.5180662788077823,69.86086931967411,0.036935624449699514,0.5404869093325719,6.712664134005024,0.5012180559350253,0.5494522878728597,1.683894631543848,0.022045525499230247,-0.020690820209654806,0.5381536803847249,0.5403291897835076
2337.9329232065793,0.7813905141827102,238.95391689669378,0.0765454215404255,0.8356505836748372,7.567029308499301,0.6202001101871356,0.7160286636389013,1.22540846948983,0.07339858871727158,-0.06985152595885728,0.6967455317275612,0.7002946646908574
957.5415589052196,0.5986226568022435,117.15530576291864,0.05606226172688791,0.48423867378970264,6.390036700806736,0.5183696032160059,0.593283372845764,1.7089029676558853,0.0455148819826856,-0.04629359840900956,0.5753692418172285,0.5792891729587601
2091.967957563733,0.3837697756778038,111.0141346691471,0.07607633266673058,0.23999121994354114,2.774985176614387,0.6623752221174786,0.7965568981351561,8.002667555851952,0.09416887300197968,-0.09278913620429932,0.7488798080899145,0.7643348419639968
2064.884386487234,0.8648834778931227,248.5624188826789,0.07723713247332932,0.34348566581687445,6.959892433941725,0.5704081060086842,0.6675302717198082,3.0093364454818277,0.06901968303092137,-0.06526897566945597,0.6476452384820135,0.6563647390508782
1389.7567013664177,0.6010400267311959,141.710744359511,0.010409501587152507,0.6170159741852419,6.485035326583718,0.5349104767150542,0.5494610958380118,1.4838279426475494,0.00959018798981088,-0.009972733501499057,0.5454108593999625,0.5463050831452867
2335.97406854329,0.6773595854766535,207.05383812015893,0.02247722022057655,0.6813528138251967,3.1515362510920637,0.5127066696590673,0.5469813734474176,3.692897632544182,0.023473370182183043,-0.02313499533954369,0.535522467029984,0.5403234965539192
1744.7565818061814,0.29962539497494506,79.1545779983814,0.017435221386350473,0.765949206863632,2.331213399248427,0.6619538358095909,0.6956857800684902,4.601533844614872,0.02236630562102052,-0.022261518325292932,0.683330946271188,0.6867353156705118
2010.7570207547863,0.32725408526998945,92.81002065115415,0.04628664530938783,0.18696294187204812,5.795427318715923,0.5125860025941094,0.590354392722014,4.58486162054018,0.05843182812572878,-0.05881443133045581,0.5656031901177824,0.5717953031739585
2366.7540551745933,0.3869576618326235,119.06113293820104,0.05780262591640516,0.21546228193939904,3.257578689960659,0.5901899297766741,0.6888559767012618,7.644214738246083,0.07227238379986357,-0.07128992305812876,0.6549961957468151,0.6669779718863432
1475.430739219639,1.0989769163525147,266.9795395046066,0.01181483596636609,0.10028297767967827,4.102202568289687,0.573231273560484,0.5859460851243559,5.760253417805935,0.007853434405645107,-0.008019694840289865,0.5850461095268501,0.5858679135386112
2221.209366636716,1.0213242929275719,304.43067161392617,0.07163674834515232,0.22886087543744302,4.472629011086441,0.6491770324590046,0.7370170428959627,4.95998666222074,0.058666946600847675,-0.06000838540069194,0.7208137808041569,0.7286200705507163
850.2665626821794,0.7969142256594963,146.96676184373845,0.026600000423376444,0.3910773321647273,7.1625778960909035,0.550101807217799,0.5801428773137713,1.8589529843281094,0.016106898347712218,-0.017241313749170793,0.5767018076411754,0.5777363545942148
2414.377808523671,0.4756336048431623,147.81045101230157,0.011646967687629415,0.32941081342231343,3.0272296534605543,0.6013653932435099,0.620767614984646,7.227409136378793,0.013650564087984615,-0.013833574729581443,0.6139907712672397,0.6164805688326488
370.518559186864,0.7634439895208689,92.94203114285865,0.07124293493895463,0.4262669936233622,3.0109563158324266,0.5800049991568825,0.6536340151017381,2.2007335778592867,0.027081581198055812,-0.027225513215293488,0.6512479340958371,0.6536620440770567
1986.320371481505,0.7323389066716361,206.42711898698576,0.01708002493293222,0.58346843889433,4.808512288733559,0.5654224512042323,0.5894962089251473,2.7009003001000336,0.016190942650739927,-0.016554864963147488,0.5825024761371645,0.5854158833595683
364.38543052797587,1.0830007420582475,130.7492636924218,0.02232303239252789,0.2734686017116709,2.873496152613415,0.6140386077397876,0.6363616401323154,0.0,0.006609311409215954,-0.006638161914864416,0.6363616401323154,0.6368782365300997
1164.806978758481,0.4246014638239004,91.65126523610638,0.040059636811506975,0.7061696659555461,3.690203188991781,0.683049155206076,0.7525957745570323,2.5591863954651553,0.042680884817084354,-0.04297510742059206,0.7290969018571264,0.7306343503517494
835.2309692264939,0.37836112774056796,69.15758216917443,0.07681974928109701,0.8295045491063614,4.0588257490607935,0.6682863702287751,0.792184058720597,1.3337779259753253,0.07462313065225352,-0.07677084650190712,0.7553120376881208,0.75297180211915
1345.15419796912,0.5120772484349565,118.78224025860253,0.06877281126774501,0.7769485601779964,3.787249055858635,0.6213357030515947,0.73152518989462,2.417472490830277,0.06996714102404282,-0.07054884345335245,0.694447528998356,0.6980307698834355
986.5365364475133,0.20094677530434935,39.91789430557174,0.07732710189801956,0.5946661684655531,5.590595609994699,0.6199782851354589,0.7818378925742636,2.5925308436145382,0.10462446213042965,-0.10043072261701827,0.72773314459006,0.7182193673421196
1421.5395059665666,0.46104306029623415,109.9387897634688,0.07801032874356394,0.6595015712637564,6.025528163323768,0.5909585514634099,0.7129079384251085,2.4424808269423144,0.08357454526748906,-0.08474713025756779,0.676424927131718,0.6806961440494248
790.8673611778781,0.2579140839574364,45.87297226003556,0.03451611375975204,0.25848768634155295,5.972529609542071,0.6758007769605439,0.7421937687253224,3.401133711237079,0.040552437938201916,-0.038449224187221916,0.7228828946991764,0.7158359263555625
826.6116597895655,0.499594362872642,90.8444267041581,0.05692551526803082,0.23434429081711272,7.576624560066195,0.5727693562050966,0.6518216888239197,3.2344114704901634,0.045352285322570525,-0.04913603289213217,0.6340977796604352,0.634639297407336
342.87867022425917,0.35721560442857736,41.834121412211495,0.07529222532052207,0.32240735953211797,5.973612822987718,0.531233044707653,0.649118533988942,2.1340446815605203,0.0461638200301279,-0.04497967570961398,0.6280102907915787,0.6123733148986279
565.8440616370665,0.99131439700998,149.1385067641013,0.020362325407179326,0.11687552806265125,5.007399137157657,0.6725453626525869,0.6929076880597662,0.0,0.008623373473563711,-0.008809100461057593,0.6929076880597662,0.6935378836759221
882.3785089974994,0.3153460435811395,59.244064111367194,0.07875615806959464,0.709064766540472,7.104143791688939,0.6504276544657848,0.7833672324014767,1.375458486162054,0.08704149493257995,-0.08102279088107464,0.7453748510036391,0.7395560097879578
1775.7814575740563,0.5461076604178283,145.54692104594835,0.032703799524254756,0.7452627363050267,6.300278049063381,0.6901176768098186,0.7377622847202435,1.3254418139379793,0.03363921280660764,-0.03499184431039695,0.7234914171798794,0.7254146996024959
1464.7835628359735,0.46515899520890625,112.59475190646236,0.044267015953133426,0.6523424350533272,4.560378797461475,0.6582266246719096,0.7313768925744659,2.5758586195398467,0.04746429425264478,-0.048711793501624176,0.7072238891491577,0.7116969840823674
1503.0717093180106,0.2084921548648855,51.122203405971696,0.0498887921762406,0.6702434073476748,7.491567509264424,0.5827443347328377,0.6696999000300521,2.29243081027009,0.0658321551682315,-0.06848238933176033,0.6446375600390957,0.6452353993939933
1478.7223822512601,0.6274977056429366,152.61086752575557,0.047215949992821984,0.16057366360209682,7.383702005198609,0.6820824679663251,0.747103300844979,3.4178059353117707,0.04470253169921134,-0.043083414189262335,0.7297551203295422,0.734751249647523
1415.3430636223184,0.7008999641488511,166.7696025939144,0.014028922516076818,0.638155461807781,4.574910739274975,0.6418087260468874,0.6612877142283449,2.634211403801267,0.012257242023461243,-0.01247169975907311,0.6558376485629642,0.6575559884816734
213.09979982937372,0.839798914456541,77.53482758367636,0.03008256766826197,0.6865347974077972,5.762755851872738,0.5453682969264465,0.5754508645947085,0.0,0.006815622758133095,-0.00699911532909083,0.5754508645947085,0.5762051703079447
1157.0856285190403,0.9520699331479923,204.82435482331934,0.05239141505163418,0.16186447178057034,4.657452987924978,0.5623542917555834,0.6205011555472879,4.126375458486162,0.03513827812071287,-0.033940975182929406,0.6147457068072175,0.618529185329471
1639.9496293879185,0.7531075471657349,192.8866853374184,0.010727867105709837,0.6469259584766166,6.40909792390962,0.6537460064803151,0.6677456481299681,1.4504834944981662,0.009271143332572113,-0.009622810957754163,0.6644738735860249,0.6651209508163094
241.54184893590678,0.47329257539888214,46.521732582740164,0.03948914923860668,0.26179453701542066,4.524403226990059,0.5142259071651185,0.5656649910928387,2.534178059353118,0.014422056165578118,-0.0149276017510476,0.558377818927657,0.5556829217302511
371.7214792169238,0.8018252865590776,97.77291696663002,0.028380072281210852,0.7402652627316152,2.288651168100008,0.6125406106087006,0.6409206828899114,0.0,0.010394153931789168,-0.010365539853542919,0.6409206828899114,0.6409673147950169
1039.4767926084166,0.9172742527239188,187.04090615225203,0.06487661061438933,0.43800367821175734,5.736284084526286,0.5455097737638976,0.6163904860963091,1.8506168722907637,0.04230545124918531,-0.04074046018306492,0.610386384378287,0.6140809228979862
1492.9764068330085,0.27313822455277026,66.74810648508087,0.04042229988830271,0.2644549133842983,7.300287092549136,0.5889801635933664,0.6600343047882048,3.109369789929977,0.05259589781268787,-0.048808655718907086,0.6378861571466334,0.6374240522810503
1517.8569967300837,0.5243436742970093,129.1996856919666,0.0302118724667862,0.28262780475538024,7.471229496002118,0.6598931564853905,0.7045843248287554,3.0760253417805936,0.03129805969849381,-0.03053292648638701,0.6916908400816486,0.6943996199139892
419.8267466344741,0.8720523886626186,113.00759264462019,0.039297154392565724,0.11385698946451288,5.170203922257333,0.5260092880169732,0.565306442409539,0.0,0.015258604787833557,-0.01486213187406313,0.565306442409539,0.5664523991661696
603.8423514246272,0.8264368652816838,128.44034464333282,0.027999942599883726,0.902699381657635,5.94301855054502,0.6664566969821618,0.6944566395820455,0.0,0.01334317370357588,-0.0140771496237943,0.6944566395820455,0.6954014751028823
1576.4548919924418,0.9819646319198143,246.58497797669992,0.035317927251550515,0.5942265191970217,5.0953424026660015,0.6807581416155941,0.7217199938116537,1.5921973991330445,0.026448370827901812,-0.02636724372307359,0.7160760688671446,0.7187007850301792
495.7969806606725,0.7202546868680233,101.4303741541007,0.06281018359588862,0.4330447844802944,7.205489147695858,0.5746029534155468,0.6417327685139387,1.8339446482160722,0.0314938777089952,-0.03044534452278745,0.6374131370114354,0.6398979265962504
515.9410237501986,0.7256435198645286,104.2445472532248,0.039439760702611876,0.1136710942138041,2.4190315549610193,0.539055436041318,0.5843353594780858,7.19406468822941,0.019911967119286167,-0.01975486352128411,0.5784951967439299,0.5810517780937742
1946.3919028435655,1.0028355644303737,279.8174970910479,0.04819486118099558,0.1950089162627111,5.206513713451076,0.671121092119389,0.7283322364301755,3.792930976992331,0.038739883123499436,-0.038122904121883426,0.7193159533003846,0.7238296345356318
1898.746309894215,0.4619883473276375,127.3193722406532,0.018672342650185046,0.9106135297860187,7.124532479793266,0.5107430730290452,0.5370489116235667,1.1587195731910638,0.02072761365445541,-0.020177377325040532,0.5294694877384036,0.5312131858515555
2076.818775578954,0.2874913740064456,82.86175261576129,0.014429854338142593,0.7827408074316335,5.217863731549748,0.5829096048180638,0.6080968225983037,2.250750250083361,0.0190057500075408,-0.018639526851015487,0.5995237749243559,0.6012613704315746
2269.2692703424527,0.9553732148609786,287.8366376365741,0.014033643008293963,0.6544785177470551,6.633604419244749,0.6100981159549904,0.6273833717439548,1.4338112704234747,0.01179126111379353,-0.012256409003161191,0.6241317589632844,0.6248410077220393
2459.2131977828517,0.8174427541827936,256.3807624187653,0.01729001088879177,0.2784682107999581,6.957473727196772,0.69935133462886,0.7222447594534319,3.1510503501167055,0.016706174507691154,-0.01602415677610974,0.7166413455176518,0.7188626479419808
336.01424049373526,0.2902963860605436,33.65506755665042,0.06343709379002985,0.1579188535448856,2.411360696389085,0.6777632966019325,0.8047557634044494,8.169389796598868,0.04352362368768838,-0.043873343274389014,0.7771609848807655,0.748870748104131
2021.0795495642822,0.9934068798779441,282.4547371774107,0.055535938149292766,0.3902827797449726,7.4378791419967465,0.5597447049948864,0.6236089582178586,1.800600200066689,0.04452656805102027,-0.04467176510373363,0.6152806431441792,0.6200062126595625
761.2260146916384,0.9977603772734942,174.10572819614677,0.05765758147452456,0.9061048762383185,2.9354077355238344,0.6904593595531262,0.7481169410276508,0.0,0.02940692851820734,-0.02945616756128194,0.7481169410276508,0.7484871755331893
1570.5811760807849,0.801231539684085,200.82520834288994,0.07398424062285161,0.4426776772251658,6.317449968175173,0.6280681242248968,0.7214533343806526,2.8676225408469493,0.0630829068339197,-0.05969858284369143,0.7020523648477484,0.7101581817234284
1990.6065252783046,1.0072485126499766,284.2230804679197,0.05760425988010663,0.16087559905275794,3.0988420750986814,0.6907956364534168,0.7623351187231705,7.202400800266756,0.04683835599924223,-0.046181853910955216,0.7483998963335234,0.7553089295471686
2424.7611361053428,1.0706719823285265,333.4424705072995,0.012575958028008259,0.4442033511544765,6.558036223927976,0.6505771607315661,0.6653157913827042,2.8259419806602204,0.010505427111751038,-0.009952664165278001,0.6631531187595744,0.6644568452180675
306.18137187990044,0.7485399983805672,82.83891269009436,0.020000873297860024,0.543888399581014,3.438114205046729,0.5106322343469455,0.5306331076448055,0.0,0.006655193597458198,-0.006645318232796085,0.5306331076448055,0.5312817210450198
292.04662126386296,1.0198036547569176,110.22310799709186,0.06212521749410739,0.9386415835956554,4.819939594001316,0.5826584997905608,0.6447837172846682,0.0,0.015996277137634983,-0.01608324491092368,0.6447837172846682,0.6461117090437506
960.1775020050294,0.7546763864468811,147.89943667121995,0.03460915708799336,0.7716459105838056,6.8079039572951725,0.6751689186858761,0.7139834635720875,1.3587862620873625,0.024492065636815073,-0.02360118389957224,0.7097780757738695,0.7112661402322819
682.7222325886654,0.674319844363138,111.43406132819057,0.02564112317108872,0.13380024107830704,6.246951825019027,0.6097962547870249,0.6398710736447223,3.8012670890296767,0.016468437392482854,-0.01606052072048101,0.6354373779581136,0.6369279992535565
1837.4254709274007,0.27886062026588343,75.60004445716285,0.07968683253433594,0.9949137102523288,4.789998953021076,0.6732117430367672,0.7975106202215467,1.1170390130043348,0.1007375108488408,-0.09855830465081307,0.7623114245771878,0.7674762537565946
684.5645339333363,0.8638095451009673,142.94046548322038,0.0715458099769496,0.8331996394727007,6.870644469446945,0.592605326417773,0.6641511363947226,0.0,0.036390535724515324,-0.03788038345964609,0.6641511363947226,0.6665095197767538
2067.975874669055,0.8216343317191706,236.30956864444406,0.019271597870094307,0.20276596365806812,6.631532815607839,0.6250928177545847,0.6501401154999366,3.4261420473491166,0.01756204489684627,-0.01733375529237356,0.644364415624679,0.646567065805485
1346.5026812593057,1.0165356117639455,235.91535277457612,0.05617132498098531,0.4565320705794702,4.483590849057103,0.621048872163517,0.6835741005404393,3.1260420140046685,0.0385807157634195,-0.0379345452322317,0.6772201971445023,0.6820418492777502
1924.6606832472362,0.7079179762542118,196.42195241469767,0.04561326175534258,0.7542106323887636,6.231587299442218,0.6660693681227121,0.7274748661815504,1.3337779259753253,0.042837765197232425,-0.04430910502370263,0.7116826298780548,0.7140620072331305
250.12428706550656,0.8794569188737811,87.96755019494802,0.0459632315666183,0.1672238080298367,6.074060169017118,0.6433080388003886,0.6892712703670069,0.0,0.011630858384413047,-0.011919581726189952,0.6892712703670069,0.6904208089094156
1356.7052069072427,0.9144190798847867,213.01884267418293,0.031017367604051105,0.2817164966782925,4.104403710459671,0.5820101026591955,0.618779441329363,4.918306102034012,0.022401751399502748,-0.023023332940524936,0.6130274702632466,0.6157096281635317
1770.2406457652053,0.9609679440904051,255.71432076668455,0.06046427330550736,0.2565888031626414,4.1973025088015445,0.5316827426895556,0.605457410664096,4.968322774258087,0.04732237629829897,-0.048450336941942285,0.592147015995063,0.5982809032143248
1748.1380789393231,0.4233546903952048,111.94952053109685,0.04677708529962928,0.8126468588752158,6.025635649529691,0.5596747981330266,0.6316127771028597,1.2587529176392132,0.05323796802962066,-0.05428382762902667,0.6100222609917482,0.6114402898618749
898.880201479218,0.7880278579427287,149.42472794917197,0.048462742453796094,0.18675413872303998,7.243949535641277,0.6025226496107257,0.6570683169885748,2.29243081027009,0.03145892165976931,-0.03233112461579971,0.6509853920645218,0.6534078240919394
1236.066431673917,0.37859540296903615,84.18335659211944,0.03638956732793761,0.3995423760835892,3.624414096976561,0.6134813149293546,0.6774438506764702,5.585195065021674,0.041699042683989974,-0.04105570477801797,0.6569294117780086,0.6585099174899852
1209.460864672677,1.0002779167832005,220.01211030618586,0.07589407839330126,0.29752608630528177,2.600632572603263,0.6570675102975498,0.7426567512147897,6.868956318772924,0.04990387664082096,-0.0498851218002687,0.7329615886908512,0.7398151815097048
2487.6673687326615,0.9772400628687388,308.267267886927,0.01165881814831143,0.32613719563581944,2.2600536622475835,0.6641558754082333,0.6797505742893836,9.144714904968323,0.010304356391709667,-0.01035915383999594,0.6758146935565447,0.6777510788964629
1495.3767431015592,0.6623466870503485,161.99092116287687,0.048811491739756935,0.327206132826932,5.609830214833177,0.506133395692806,0.5739363652800137,3.259419806602201,0.04363978555208244,-0.045605226395639825,0.555173449129774,0.5610697541854547
1650.428137530015,0.8609904471609477,221.22114618345546,0.05711183845982791,0.3989057664809983,6.957577490765257,0.6431087994234964,0.711585660853518,2.8926308769589864,0.047058214769729954,-0.046041057914304746,0.7002206378833243,0.7056076449633742
407.9135750182669,0.3756297984844836,47.98153219637539,0.05459758892247671,0.3604745202004236,2.7165976486774217,0.5309937986299784,0.6268010820045176,5.310103367789264,0.036177930328166734,-0.0369644499808035,0.603204269444164,0.5912613255026995
497.48123329696153,0.630011816136544,88.87242727208717,0.05251698174006482,0.25876204736897346,6.274979662179327,0.5562025215003057,0.6182842889747523,2.250750250083361,0.027725403279710816,-0.029157252265648994,0.6087195032403705,0.6112011626213929
847.739532145506,0.4011487589666969,73.86975634765028,0.06496442951602337,0.9638324496431894,4.954999092068556,0.5084061282863984,0.5988507048208048,1.2087362454151385,0.05925817365577295,-0.060043251383326245,0.5733705578024217,0.5796308818172362
725.3663594211421,0.3422452620069615,58.29699182154951,0.06899335993964126,0.17636858868988464,7.798857444130302,0.6177027553249251,0.7315711622482722,3.3427809269756588,0.06267595297966402,-0.06871638401249922,0.7008987234495792,0.6944667614786123
1342.5754889779919,0.9626155601772683,223.07568244148626,0.011928333490401932,0.7994374744663086,2.699624273411099,0.6681556197880864,0.6823103788671407,2.500833611203735,0.008396450756469125,-0.00846300499146293,0.6800839532784883,0.6800839532784883
1370.0229261708685,0.25501646212408263,59.6983227315865,0.06832715271609272,0.12458270536412648,2.830224157361621,0.6595649047653258,0.7957886514476162,8.711237079026343,0.0884018498240927,-0.0903498614482358,0.7472623159609022,0.7527960720696444
1215.6906972589384,0.9932498339193505,219.02820472931384,0.054480049095375856,0.6611758789333672,3.753410636792089,0.5267361047103467,0.5875075239354138,1.567189063021007,0.03623256770218816,-0.03596902263642031,0.5812161538057226,0.5836387011295987
2406.8137381520382,0.2943179202290557,91.32042888710208,0.047030742005149735,0.34531173175130225,3.5848439814887283,0.6189172438605626,0.7030986413698852,5.785261753917973,0.06094015477562571,-0.06212300629618679,0.6731448781345453,0.6837125580430494
2015.0418812292853,0.8994615345481509,255.36103487105453,0.07081611824354875,0.36361246412113035,4.794508290290443,0.501866914644005,0.5913311445051397,3.309436478826276,0.06183268163798297,-0.059788996655278016,0.5726830328875537,0.5808760400523252
1892.4582955272772,0.4721088009280548,129.89285154520167,0.04930454732891306,0.25237025381750566,6.916397042805971,0.6634544438556556,0.7398906958412977,3.2094031343781264,0.0562307744399232,-0.054377410310149636,0.715826648150991,0.720879744873288
2205.8869954070933,0.24134329739605057,71.68971731759311,0.07947210968425096,0.3230014729957251,3.8566021162840967,0.5498671458380893,0.6957528013988936,5.735245081693899,0.10756506715952129,-0.1071820609672294,0.6449237285010562,0.6609739206239059
742.0784760796777,0.6973952204932821,120.15279556632463,0.02678673810126457,0.45439418026036427,5.9336394946592925,0.6672052407155453,0.69953534872737,1.8172724241413805,0.017468903664037836,-0.017539233273800997,0.6939919788168099,0.6952290586258194
1762.5796006405108,0.7348905603085909,195.13134330498286,0.02034099937787481,0.8345040413871543,2.223649327958232,0.5528383326470604,0.5827176373542372,2.4341447149049684,0.018696187637540024,-0.01877260807920624,0.5731793320249352,0.5755204724441662
236.94140063670685,0.8006860780260163,77.94939496827998,0.03578597578154601,0.68684363488438,4.082185755821541,0.5911481461598989,0.6269341219414448,0.0,0.009262486896379592,-0.009163738152318867,0.6269341219414448,0.6279142572242016
1199.106424398834,0.24102258830079015,52.785739055789875,0.040115856844220255,0.6769579268036824,5.276313476452603,0.5150567532556575,0.5938171429497058,2.45081693897966,0.053086066078412576,-0.05121592612418396,0.5664954077099358,0.5656568842480088
1703.3343656481973,0.4779764794237349,124.76319161148169,0.011010436194531547,0.2400360013758207,4.985357943899357,0.5620803318060137,0.5796994140849866,4.6932310770256755,0.012377896475201242,-0.011904201495313089,0.5740722882420982,0.5754008464942814
1766.519233008522,0.41658812800918804,110.73784556884587,0.0640957317932618,0.357829463254582,5.725182245506494,0.659843276050236,0.7624851293113684,3.1177059019673226,0.0725986553107434,-0.07601442055917357,0.7313264230630293,0.7373087796198163
1025.3347087449974,0.24212444763392343,49.03446803794465,0.04748118647412167,0.9958681553900502,7.813951198261481,0.5442044387888336,0.6151526245671326,1.1170390130043348,0.05080646074380331,-0.0550200260233317,0.5962458992816677,0.6005025900972419
1913.6716226182057,0.5104566486380594,141.22857234257313,0.021219073612816407,0.6993232305422439,5.005212377160614,0.6078461115311354,0.6416378049428303,2.4341447149049684,0.0237668218153053,-0.023418199982981055,0.6304542226625894,0.6332970224063095
2085.7423893652203,0.5028893082986808,145.2555488959989,0.056696633168896414,0.4295723202663627,2.2563433794825754,0.5756030214672698,0.6714048974129317,8.40280093364455,0.06424330519886115,-0.06428844311620185,0.637236326084074,0.6491497444009959
2380.082711689923,0.6349362338795754,195.909786884171,0.017576130578580772,0.7190441464386033,7.780276098311127,0.6815890493088514,0.7060993561224536,1.3087695898632878,0.01855072911184213,-0.018349003822244643,0.6991651798874322,0.7002788861478452
1472.7060107395328,0.5386526699136782,130.73649640808853,0.05064743679564684,0.8343379559793246,7.167424052110725,0.6637687769884882,0.7335163400207405,1.2420806935645217,0.05084783350147426,-0.04858440965978402,0.7144162137841351,0.7181840685233072
1193.1433082601704,0.306972190613207,67.06181974999383,0.049842139871714354,0.24078594523002872,2.365750003387136,0.5997335666857722,0.6979529163347191,9.586528842947649,0.06026270781516416,-0.06104646644617783,0.6638336238349654,0.6653918756597663
1672.8962801119071,0.9687325757657539,250.59269541002908,0.06479848877680125,0.8715164614808933,6.560412624925343,0.6406478793812278,0.7090599709082381,1.2504168056018674,0.04922952730410695,-0.04778302828278976,0.7054463681580291,0.7075209541344829
124.33016593767911,0.7634920806282894,53.842199015593806,0.018433726289738238,0.15280041909928696,2.9384729126339324,0.66465843228835,0.6830921585780882,0.0,0.002704004552463307,-0.0026938348590316097,0.6830921585780882,0.6834970296053695
1885.2385434400514,1.0538951646846912,289.4080204980683,0.07852833810552874,0.9039555877365839,2.797556305861995,0.675676548184996,0.7665803132283919,2.2840946982327446,0.060212575699122375,-0.060450293011735906,0.7542048862905247,0.7542048862905247
2112.729123492749,0.9839772738737278,286.0467206204507,0.0206179931981544,0.2051126449959858,7.54285327750449,0.5347653298269008,0.55879370351526,3.2760920306768924,0.017082429174208432,-0.016574394295760804,0.5553833230250552,0.5572380671651077
984.6921545022429,0.6103863645446543,121.13929946116163,0.018710976948069512,0.11857085922929267,7.9645428186026965,0.6753314489669922,0.6989407391629113,3.4594864954984996,0.014336618831191167,-0.01546821808787223,0.6941132800702032,0.6954768049261161
2289.6110304415297,0.4561067623449067,138.03123102726016,0.02540711009218074,0.483279902357884,4.719916213868041,0.5011198877728481,0.5424549295128765,3.9263087695898635,0.03042631739025069,-0.029585415572296058,0.5287365662329991,0.533266870881161
1970.2074701435988,1.0970003343278156,307.95888339942,0.04700836090714626,0.4494328255112061,4.35651135932722,0.5192154264344201,0.5735294833943557,3.14271423807936,0.03594996951826601,-0.03569308917850937,0.5662237873415663,0.5711527605436238
738.7883640736283,0.6519195097711681,112.0686130598075,0.040229360079428816,0.5905312711687992,7.09439389182444,0.5450484605399224,0.5947001312029145,1.5588529509836613,0.027671755740723825,-0.026671569386285184,0.5852778206193512,0.5872964508532015
166.3940341751487,0.23440290075446668,19.123256624129176,0.01939181637148009,0.6134346863239623,6.849108860227549,0.6773611878561263,0.7010556286434526,1.75891963987996,0.0073572024457976785,-0.005977055690810935,0.6967530042276064,0.6981868816983806
1624.271684739931,0.5628289272058042,143.46162400095895,0.020816029570930324,0.46127650549913113,3.994490803446701,0.6740051761714275,0.7063772234048095,4.218072690896966,0.021016288389545473,-0.02163849020984889,0.6959620250599742,0.6988751664981383
1268.1265057854573,0.403576309959076,90.8943630851364,0.030216074677104597,0.22282314808842013,7.511512694414787,0.5100691692472937,0.5587240521288138,3.217739246415472,0.03331523513188257,-0.03258963045906554,0.5436364205570003,0.5448579171697828
130.83099653414615,0.3646900401741819,26.382091551085793,0.0667611812537438,0.5711201079679732,5.755059724261918,0.5715463350831469,0.6383075163368908,0.0,0.016321316768377097,-0.014013291746932392,0.6383075163368908,0.6412240638161356
264.8271653180081,0.9705423462429514,99.89085966173776,0.02343259904877852,0.12975328049060322,5.436224815599163,0.5166578440769202,0.5400904431256986,0.0,0.005928026202608975,-0.005906100644761491,0.5400904431256986,0.5406116632983023
329.8284444636021,0.9203393283342727,105.7114499802387,0.044412671252259686,0.3173576070224287,4.091758540157112,0.6458481957686343,0.690260867020894,0.0,0.013572989449872633,-0.013798038180954894,0.690260867020894,0.6913713977471351
259.2499474158444,0.30483255433988893,31.042070393122046,0.05313834244933988,0.6462745610203966,7.83477310721223,0.5749098962510899,0.6438631439520316,1.6005335111703902,0.026773543854389698,-0.02512538033617732,0.6280482387004298,0.6322689275149748
256.18630522603803,0.6837836913646652,69.2192181003111,0.05468427682332533,0.2256425072076242,5.317171841211181,0.5395534243316529,0.5942377011549782,0.0,0.016490796610117625,-0.017020596001241853,0.5942377011549782,0.5961147944192641
2127.352138914564,0.9516453462054468,277.603422379746,0.040074036719890925,0.9700688714615235,7.8786432466984495,0.5258502177895239,0.5659242545094149,0.0,0.03030483416715727,-0.032500867297093144,0.5659242545094149,0.567285990151109
982.5131315979223,0.7402893230419803,146.75762104440452,0.015938646670701107,0.44438995343272336,3.5670325040995445,0.6904100441933407,0.7107396862896324,4.476492164054685,0.011526997891735832,-0.011706376159699909,0.7063486908640418,0.7080415485776524
1087.8059747955292,0.8864037726927614,184.90017040838265,0.03706937544585217,0.21863086337695192,7.178909180965085,0.5000833833806207,0.5406217907412642,2.217405801933978,0.024756536145877632,-0.02482333332281176,0.537152758826473,0.5391382468871935
234.25809753868006,0.527945965307339,51.10539824022238,0.058082877886311564,0.40753386576169814,2.39787690572585,0.5635680067468297,0.6361494765959151,2.367455818606202,0.01900827003019813,-0.018895617423194903,0.6270554382968418,0.6238317245831567
687.9540615763896,0.20487781983637818,33.98636045721849,0.04743613392262813,0.20498132326976748,3.7249777327799967,0.6282379660444829,0.7330031249173771,5.43514504834945,0.057229781284365226,-0.05906029187895403,0.7022369720270641,0.6870620208157198
1840.2776531751451,0.4371100641704203,118.59393457475016,0.03304355697456638,0.3222183143147187,7.741331601897151,0.5381039453974805,0.5897463760197197,2.9259753251083698,0.038195187035989626,-0.037310446221128286,0.5737743625119567,0.5771082395514443
539.633448720823,0.6005317662483789,88.2298237015038,0.02325144514403984,0.24103761065704735,2.575277226206513,0.6280342496216499,0.6588023478280188,6.093697899299767,0.013762220377975958,-0.013835892645499615,0.6522646692787648,0.6532943434873245
1568.9974117645506,0.7851466026901697,196.69434094504103,0.06413100056065774,0.3937222115133182,7.510542401671529,0.6466409222137511,0.7251846784773054,1.7839279759919975,0.05328328955548042,-0.054619745494654905,0.7107719227744089,0.7167671124119647
2031.3006125948484,0.8488659474440401,241.9670376061448,0.03509189518027933,0.35472923925637145,4.535102417474085,0.5194060721066717,0.5656003193791177,4.443147715905302,0.03147089880106377,-0.031457392634853594,0.554497967286951,0.5588914014423928
1183.0732037582732,0.23882688478571587,51.95400339416663,0.010276217201903614,0.9383490455272234,6.136021163527357,0.6123693894131937,0.6293130371564961,1.1587195731910638,0.012721854766862783,-0.012424502149764855,0.624472299982961,0.6246674252494199
918.6448946153388,0.7134842132165669,136.76916540469728,0.07241030434368323,0.6871421205494782,5.614891987721025,0.5920409005943356,0.6813734013089238,1.4754918306102034,0.05105191018614071,-0.05275532386291247,0.6644512049380188,0.6677506143651081
929.6728735620592,0.8286924025295408,159.8042894607719,0.078668665871107,0.4822819241685311,4.353231224085205,0.5856226944730085,0.677304028358753,3.0843614538179396,0.05156667154865639,-0.05187842308022532,0.6642913603441155,0.6706362847216151
1121.3055233193315,1.0915622960316458,231.1748063654434,0.05947447802565385,0.42326600428953254,4.229014242960336,0.5861593849488111,0.6466923350128514,3.292764254751584,0.03556257749218587,-0.03489264782140366,0.645633862974465,0.6495362639403204
188.10925019307928,0.675034761819125,58.55462578589902,0.06679666660659353,0.6945110138867595,3.1905250805692495,0.6456068482756739,0.7124035148822675,0.0,0.015349000224873387,-0.015301286410172884,0.7124035148822675,0.7144306157126997
1826.7006551968727,0.43628529408409744,117.93270564500926,0.05360122597998546,0.6498541298097426,7.038725743137089,0.5272144623666882,0.6091253728600915,1.3921307102367457,0.05906757331902498,-0.06286352688040188,0.5857657517113872,0.5904478144420131
567.6124108276546,0.6373725533910248,96.03936832451781,0.013090160422461493,0.4740347778415359,6.729314251998339,0.5297428787967996,0.5455884497572945,1.7672557519173058,0.0077320435767191924,-0.007739504711971724,0.5428330392192611,0.5434581285210339
1203.8769686476596,1.0907923100442003,239.36636035210665,0.04541440093974051,0.5484914417098815,5.352761502345008,0.5372008740665483,0.5840724740112503,1.6755585195065024,0.02811400555276563,-0.027394347183899596,0.5826152750062887,0.5840450977481579
453.19331844626623,0.8096191662035976,109.0065326489049,0.037703676693403916,0.36091596539392823,2.1883497195193855,0.6692100994356964,0.7083201591881437,4.234744914971658,0.01593588618049007,-0.01596830131281864,0.7069137761291003,0.7088799533407343
177.5892780275986,0.8749848116749874,73.74606993851778,0.036739199129900674,0.6388190294541851,3.486068004140974,0.5310799332464147,0.5678191323763153,0.0,0.0069984009122235485,-0.007008751655586577,0.5678191323763153,0.5686296225976509
1380.1312020038738,0.8260559254587294,194.08842407937348,0.02368453064616026,0.4927230526893078,4.667929821748374,0.5431958298158925,0.5730577290450387,2.9759919973324442,0.018673834796647318,-0.01880833806660977,0.5668803604620528,0.5696168617003472
1456.1186710051145,0.33134211810353065,79.96593601844727,0.04568244213230061,0.20208836022939955,4.913254453130825,0.5623198109751113,0.6436599996686209,4.851617205735246,0.05655737128355142,-0.0546617273744179,0.6161789070973092,0.6196191088195352
1185.391100995684,0.5903744234988568,128.55481906403477,0.0735553185973015,0.5409420399608165,6.910993423261246,0.545130478582343,0.6464248979984774,1.5838612870956987,0.06348450042246218,-0.0672922228318597,0.6198821830815855,0.6253146090193077
944.9987071222213,0.26758044256987185,52.02354834043115,0.039452345637504556,0.7018298983674379,7.029002204656377,0.613182982359831,0.6826757424692145,1.3671223741247083,0.04722473402468824,-0.04551288303354923,0.6630814378919007,0.6589963931451079
1636.1744070233885,0.3595403698552534,91.97979855402194,0.012604422676340757,0.8125193306595844,3.0022292446477183,0.5182339071065505,0.5412382616716863,2.375791930643548,0.015381678517194138,-0.015326494817013864,0.5330564173394327,0.5344531380714517
2350.1495701758286,1.067169227653259,327.1983016506269,0.053138010412174634,0.44077354541856406,6.9994372457843115,0.5409439918670824,0.6020029801433504,1.725575191730577,0.043682069045070195,-0.04263384559911483,0.594082002279257,0.5990635240066401
1130.5415858312367,0.5213155691005416,110.85976714071008,0.07388899935191771,0.9277996738260462,5.905315557941998,0.5221480280545384,0.618587237588366,1.2087362454151385,0.06742695598085327,-0.06708257651601834,0.5960370274064561,0.601521667260738
1257.262695179926,0.4207955296016511,94.3656917424425,0.07194409642291373,0.2245625191145817,2.3258616551642444,0.6408858067100156,0.7684649662877164,9.786595531843949,0.07817118653806036,-0.07894721679987894,0.7251415000814943,0.73146655935732
1187.8865799235668,0.9545283988427762,208.06850061074474,0.015224074181851824,0.8209685193470583,2.22400851706495,0.5056140023827914,0.523403811912654,2.5091697232410803,0.010200084034570017,-0.010200299647440838,0.5208380765646432,0.5208380765646432
1207.1578041544713,0.3991621607125867,87.71247862678968,0.05156030949045715,0.1232352947903234,2.2123372541778714,0.6454296992343881,0.7390282149510718,10.803601200400134,0.057092526852911475,-0.05700019101365744,0.707185928963841,0.7104094512438174
604.3963899815479,0.7907754112946603,122.95440236645776,0.0624945513050531,0.1533980491524707,6.618523726785435,0.5536842435922572,0.6199942713173404,2.492497499166389,0.03247194208987289,-0.03323650336507199,0.6161787948973103,0.6184674105069256
1034.9102996793958,0.27797527306578507,56.557149894541546,0.0687040988355397,0.6046559076931876,5.027991667083033,0.6937109621805511,0.827147654869385,2.634211403801267,0.0848052132356363,-0.08278834894880777,0.7827886762740598,0.7791087469812991
902.8138238576099,1.0017013578290266,190.35634540449863,0.060378151674522304,0.935675322267015,7.446812316574759,0.6982059610052138,0.7585841126797361,0.0,0.031352575828479556,-0.032649714301937825,0.7585841126797361,0.7602710763225738
416.0242048891781,0.9164147528824356,118.2173901525884,0.06631460484632523,0.6799361753606381,3.673165749429212,0.693029654325663,0.7593442591719882,0.0,0.024474757687487986,-0.02410284052897333,0.7593442591719882,0.7611332176142478
590.613130936503,0.6496178405225952,99.8480271513006,0.04650409789734304,0.24564641035243495,6.335172933999445,0.5177734328360479,0.5728007948827025,2.259086362120707,0.027478004274515043,-0.02805229357851009,0.5642775307333909,0.5664591724685067
1763.4346692321064,0.9637539466615734,255.9622107962961,0.03445774975576797,0.7384787277392801,2.9406440488870986,0.6691898002905757,0.7127876778219154,2.5841947315771927,0.02735873049283748,-0.027361277991029994,0.7036475500463437,0.7066835985384665
2384.8760765277393,0.3374243241497993,104.21717361751769,0.05843016317806326,0.5552479869008733,5.188995990994272,0.6412979437201376,0.7392227055911784,2.6675558519506506,0.07394777452639792,-0.07519650259114129,0.7075452081793786,0.7182215496521576
1272.9771984074494,0.7402937528159452,167.04919704521782,0.026163071358796405,0.4406559368397672,7.191442100429012,0.5219805023296771,0.5544641544441223,1.7339113037679228,0.020677653088413857,-0.02143125465928561,0.5481435736884734,0.5502287009600778
1534.1806262407358,0.36585835601140126,90.63192852102122,0.06925777185463604,0.6211395584681948,4.418292696021627,0.5499649347303636,0.6708915239594201,2.634211403801267,0.0830624677486512,-0.0834423447384195,0.6313304884657335,0.6374417388067919
1148.4272780551225,1.0618510933295682,227.58590628058627,0.045644650282053445,0.5225405785298742,6.477642881001854,0.5758094141663813,0.6225463279253173,1.6672224074691564,0.027376708448867994,-0.02798545046186077,0.6214540644484348,0.6226653695541936
1125.8174797139056,0.5032529584144572,106.79485389818429,0.020564382873057396,0.7424282927823855,7.238185483301742,0.6811185298485531,0.7105811808612997,1.342114038012671,0.0198548893872141,-0.01851700859490514,0.7017327636834473,0.703287863595947
2213.927051290671,0.6066054221941937,180.51692919020206,0.029884633454223743,0.6741313746407411,7.72822947143619,0.6454101296337209,0.6876832346212588,1.3587862620873625,0.031266332765179525,-0.031779562514117024,0.6752947630879447,0.6782474224620907
1287.6365478163757,0.8199277170621035,186.08107693896324,0.06407765387180779,0.9273423351952637,6.579294523832925,0.5866381111271811,0.6526145229607758,1.2170723574524842,0.046673399650404096,-0.04770623425611038,0.6507157649989889,0.6532745464852867
756.6556443171619,0.6498934982566322,113.06321375542726,0.032972456122383025,0.9484881334190326,5.047795060699773,0.5944112671928017,0.6285970853412487,1.2504168056018674,0.021569320740422622,-0.022163578062141254,0.6273837233151847,0.629043625189643
935.670923571671,0.7754662912624404,150.02183966795553,0.046403589503466354,0.2161440306084309,7.2152468649829675,0.5718025664287597,0.6247576600079303,2.217405801933978,0.03119535195745895,-0.031892343198241815,0.618206155932226,0.6207436037347636
1138.1882318995702,0.38510035099722123,82.16955889982394,0.04873787453325225,0.7318495561857247,7.286991923755638,0.5103215329944525,0.5871952750235694,1.3337779259753253,0.05339037790657812,-0.05049271564987583,0.5646796537862812,0.5644588888966212
2435.996583278508,0.8334359678183212,260.16002883059457,0.029900907908806222,0.28402727951256945,3.7765275119275876,0.6751451503332885,0.7160946242757422,5.010003334444815,0.02871641120359077,-0.028517447049485032,0.7050460582420947,0.710068150083799
799.336415670281,0.6165390211015123,110.24410183140547,0.059401663796956286,0.884790877351497,5.951426974076625,0.6506218393068846,0.7179187395606816,1.2837612537512504,0.04197742318839761,-0.042732932315229635,0.7100235031038409,0.7132663486786602
515.9843111102934,0.9896670449220251,142.17962122886647,0.029300342853267748,0.21554034765086413,7.857465742044016,0.5403279850908322,0.5696283279441,0.0,0.011727713696082628,-0.011755578035555225,0.5696283279441,0.5703821986492117
427.9647281871435,0.763418810091608,99.88421035678311,0.03232042046472667,0.220014284662444,5.606726703295256,0.651797045444447,0.6850420443276657,2.4674891630543514,0.013904780117915563,-0.0138337012419889,0.6841174659091738,0.6852549226749125
2003.6760980971758,0.3399613409110452,96.24391657360354,0.04898069475579596,0.8323105336133145,2.9665220685451112,0.541536450354135,0.6305157822933003,2.325775258419473,0.06170569026473711,-0.06191091697368118,0.59851312613984,0.6073646501126315
105.78735383602628,0.6721707407557593,43.72466356306086,0.023627718780336565,0.7518183181542092,7.773283133705634,0.541751097799814,0.5653788165801505,0.0,0.0031918760038305133,-0.0035537909441944607,0.5653788165801505,0.5659360123909988
1657.8328282324783,0.3906510153126603,100.59799400641965,0.01126048012857928,0.7826987747931263,4.604028059905357,0.6893573723029306,0.7085454792213997,2.3174391463821276,0.013503174611740906,-0.013063916991784918,0.7020085990774546,0.702743655252779
1382.2861171441734,0.3417345820781156,80.35592385460693,0.04148421092580946,0.28260261532541486,7.268175636119447,0.6381806361775049,0.7084113648131444,3.0843614538179396,0.050034062968689466,-0.04740319305683882,0.6861650086810971,0.6871024001474902
918.9731311712886,0.6750382905264265,129.42250777820462,0.056863613174912,0.8045719449808827,2.4808832592232504,0.5045037683990493,0.5819125613856576,2.5258419473157723,0.042409801615799256,-0.042400428757152366,0.5613673815739613,0.5613673815739613
374.68647320773556,0.5554966791553068,68.00572422613178,0.042669462705746446,0.22281546719246353,4.466918827397632,0.5883245572723661,0.6409983227921583,4.026342114038013,0.02092679238496672,-0.020272755123788073,0.6331389823095134,0.6331364074155127
361.81591282596804,1.0249939641761607,123.30910210019118,0.05194021493113954,0.44968197741065385,5.04144310083324,0.5628394972937614,0.6147797122249009,0.0,0.016075829939390964,-0.0158848325433817,0.6147797122249009,0.6159336954609314
2150.3944759470232,0.7175135374116535,210.43557594090916,0.04464270700754805,0.9197968627860379,7.027878189404406,0.6625603782851699,0.7174044042670868,1.1753917972657553,0.04264608899099086,-0.042017669936044166,0.7072030852927179,0.709533812629213
641.462090156426,0.3378108003215211,54.11143156162089,0.05830675637989234,0.5217780307072564,6.102276277741061,0.6521254464222233,0.7519225205925876,2.7675891963988,0.05250006994770122,-0.055860833862635184,0.7264452027168214,0.7167677037928907
808.7524176274022,0.45618538981052786,82.050109258502,0.04435820963807286,0.3461943821738476,6.003771656097197,0.6493460891761433,0.7183155994754877,3.176058686228743,0.040116534072576496,-0.03817149022420802,0.6991012098024035,0.6990477572797739
1232.8934705277866,0.8514197890387789,189.07604611947593,0.04573062983495434,0.7415845497703083,3.349809486774352,0.6477686091866084,0.7045010863631881,2.5591863954651553,0.03396665535239478,-0.03376776619309489,0.6934992390215627,0.6949229355807183
1816.2976562968427,0.4399451363442599,118.58288929594286,0.04891796937281226,0.8697805010869615,3.497135881834634,0.6471959568029353,0.7289157075079826,2.2424141380460156,0.05657535430834793,-0.05676058831905417,0.7000273020836602,0.7030719233737135
2389.520121152529,0.9796177277818086,302.860041412689,0.038106405787619334,0.6464869596893246,7.950620805516223,0.6136874822751437,0.6597368407004396,1.4088029343114372,0.03262646158086491,-0.0326350274465782,0.6517938880627631,0.6530431646895951
376.0662458328798,0.24088767930088484,29.544507900624318,0.06532201568208199,0.48126549286166154,3.4808773437751666,0.5695344061321894,0.7152206132958575,3.292764254751584,0.05549085915545999,-0.05368045314585129,0.6790927646034958,0.6440333746647529
1917.6948797114856,0.6187226020704464,171.3624770140352,0.07079496447681136,0.7614330298999293,7.8440849026725505,0.6777007533579686,0.7745743123524318,1.2837612537512504,0.0723759821246759,-0.0680022297866454,0.74849571783478,0.7530073423755594
710.913308286422,0.793153309522298,133.75051364422725,0.011438012416970072,0.9919960519866384,3.5660366528155794,0.6329590187247167,0.6443970311416868,0.0,0.006450242663528612,-0.0064629126948606685,0.6443970311416868,0.6447782809981925
2137.9686908789567,0.34441819645517435,100.7202405612367,0.06935155399673354,0.11102109921174019,4.651862828512444,0.5944075245062277,0.7127954785794233,5.318439479826609,0.08534656045802536,-0.08861892517070331,0.673446856418707,0.6830883919389186
997.8177118209661,0.7277462716704499,145.3903523856802,0.07403896440918424,0.3942902028702602,5.475559322998545,0.6754925051486645,0.7682870497557278,3.134378126042014,0.05504109101598798,-0.054698444804109084,0.7495314695578488,0.7562438009802437
1955.1889482433076,0.23665993832494642,66.1834053904398,0.07599535348893637,0.14198221383275147,5.532550846245978,0.615070724063033,0.7514726540351576,4.818272757585862,0.10350357914836371,-0.10016224668677437,0.7053887165978071,0.7155328166156107
1987.3365536855586,0.33359874666407996,94.05678207781078,0.022555927444389265,0.7768962394645245,2.8970285144697505,0.5938890254131279,0.6355702308320982,3.442814271423808,0.02864447670654911,-0.02848283544183322,0.6204586754008926,0.6252145131097716
1855.9554165062366,0.7861177359044131,214.19106984310795,0.024742293027916664,0.37356423281747697,7.813849419446246,0.5897341240309768,0.6204738933650404,2.834278092697566,0.02166006022776362,-0.022262036908279853,0.6144764170588934,0.6171118381881424
206.6979434473133,0.3976264095196994,36.155410359717244,0.03397045627632864,0.9995404638651273,3.8161492848615115,0.505279169756509,0.5392496260328377,0.0,0.011236204496587349,-0.01137830665925602,0.5392496260328377,0.5410497364282039
1331.0117861328063,0.2752448464765794,63.509711877962765,0.02918473190870053,0.9931448584845451,6.227831113580926,0.5101333258565741,0.5547250182556619,1.1170390130043348,0.03429019234012036,-0.03467169529911409,0.5424396538790313,0.5443630162481923
1176.8481246203103,0.3544737613659644,76.90849256414272,0.01860612594814849,0.6283588720139218,5.033935337841294,0.6485733168631016,0.6819440321669638,2.5841947315771927,0.021622528300484545,-0.021123629306481505,0.6707633417616602,0.6712110574412649
2241.534947756463,0.4220136716884958,126.36571923021809,0.07460943906587779,0.5661925952986859,3.5530095091107032,0.6691571676205218,0.79550052052948,3.942980993664555,0.09090702777858166,-0.08898118317708084,0.7517663212501859,0.7664575474188421
185.27180326965401,0.7035584397256647,60.566829062718796,0.06051350745209767,0.3519799184405289,7.180951505379307,0.548056912671597,0.6085704201236947,0.0,0.013529671570971286,-0.01408817605086563,0.6085704201236947,0.6103043218061078
2115.698278556174,0.27069046744921155,78.74623962693026,0.021194931430790192,0.44288612551171735,7.124333076789076,0.5289170730253565,0.5652334780720742,2.7009003001000336,0.02827413942654004,-0.026450130257106987,0.5535583210995898,0.5556505075562883
2201.0517755061796,0.4067583739515144,120.69287357098239,0.04167558790161702,0.417460963834304,2.7087573596871413,0.688861947903828,0.7619136346978217,7.010670223407803,0.05098453944873948,-0.050313256176928,0.7357761221903812,0.7448554630157723
1151.6278978053124,0.821298135220575,176.2734566384272,0.050268737366482186,0.5515443251669867,5.699465741341093,0.6796684612404857,0.7398135934747735,1.6422140713571192,0.037149034243601387,-0.036162241584413495,0.7299371986069679,0.732946911342817
1778.349701665863,0.6792320715096991,181.15768523825793,0.05516301724661835,0.6457548524581194,4.598727244917878,0.62495280202609,0.70491433727137,2.5925308436145382,0.05219974452096291,-0.053845179370574536,0.6801158192727084,0.6890557505987103
1164.5675203939927,0.8818529400847213,190.33054869487157,0.07782387384655999,0.9638788217475063,6.924414718549883,0.620351779411897,0.698175653258457,0.0,0.04904263126735751,-0.05239212048353566,0.698175653258457,0.7008970042676762
1898.3967713697773,0.360243465731799,99.27036097056843,0.04353129201197459,0.3315742884922279,2.020969886656083,0.6933475149344152,0.773558300591173,10.470156718906303,0.05358697970637577,-0.053801873870367334,0.7443903727826414,0.7531688402709771
2173.236548444419,0.6623287566229342,195.27970357256635,0.027790660168330476,0.723677689179313,4.608806507299565,0.6606699066845398,0.7019307792943713,2.425808602867623,0.02860959961815916,-0.02879163306692028,0.6884605668528703,0.6929540474958475
2498.8434644342783,0.5141743467408831,162.5585910035495,0.027108213043463343,0.3406442399152824,2.5600774740840317,0.578809239300031,0.6234821568033078,7.610870290096699,0.03119025778418176,-0.0315282626898601,0.6078657748181572,0.6142381882930684
141.82012652058233,0.30295600166114806,22.818048050770404,0.029018702309086923,0.24387649831853267,6.392954597004351,0.5211209581735801,0.5634517824858988,2.4674891630543514,0.008182330607847595,-0.008677681946049768,0.5562960180966541,0.5516741654581349
2178.385852058859,0.39900305333985764,117.78056101634166,0.017601343188009738,0.10909597998813268,6.291230025932879,0.5513233491877084,0.578980903857202,3.7429143047682563,0.02039493612931316,-0.021682564460743122,0.5707777412845858,0.5730878589001888
1322.7966523306595,0.3004544420049402,69.11227170572602,0.07897071462653744,0.21284626516295976,4.47155555985127,0.6703299004668931,0.8158519482731582,4.993331110370123,0.09733894927725074,-0.09909009166633997,0.7678137756002843,0.7698438126702298
687.7286763529763,0.44027460681155606,73.02342527828871,0.0665949661123513,0.34600569147281146,2.017227866568878,0.5855827440979899,0.6996777971124005,8.344448149383128,0.055664012063390673,-0.056153758159636497,0.6665697363190434,0.6633969784691975
130.08450322833997,1.0188130554464303,73.49152825128864,0.054926925692545474,0.6247128395991179,3.2095370651741786,0.6399892370857272,0.6949161627782726,0.0,0.007433229507040071,-0.007443913174029265,0.6949161627782726,0.6958102061698177
1725.4111448280298,0.25441721653282845,66.83789935347538,0.07165925715674008,0.621472026636825,6.754801286231661,0.5525828144257688,0.6800589106602046,2.409136378792931,0.09422833457724716,-0.09496479749131972,0.6378386800115377,0.6446060426802034
392.91471940828995,0.8322046158681062,104.33001391696959,0.06557178803786136,0.44743018025736225,2.1421536518978677,0.6636508049307729,0.7292225929686342,0.0,0.0243704276949632,-0.024494626116274638,0.7292225929686342,0.7320069738824633
594.6253751930576,0.5051287477077394,77.90293149443434,0.05397617054439913,0.18995924729017244,2.431974596830779,0.5051407543150549,0.5874670322375688,7.8109369789929985,0.03856047872718507,-0.03805697436726677,0.5662853578182333,0.5651878460217336
2299.935664574693,0.48024446984179014,145.66332261575616,0.056246117058199235,0.9903117241159679,6.016704761371661,0.6050189591712359,0.6819689134805331,1.108702900966989,0.06320560502919456,-0.06156265908650478,0.6612650762294352,0.6665382121060572
1350.2078404413726,0.5392254336099966,125.31431277748457,0.05198457591685598,0.9629122505911338,6.728264202189861,0.5848453234066475,0.6498473644867393,1.1587195731910638,0.047519628108477874,-0.0491763551945965,0.6368298993235035,0.6406265127551551
897.8675896780798,0.9951783766608093,188.5979962458104,0.019505007793861568,0.8646267312678716,3.530460568053994,0.6431258471551835,0.6626308549490451,0.0,0.01096657888300064,-0.011012099423180393,0.6626308549490451,0.662988828092436
2034.9293938595922,0.6292968655371254,179.5395931782464,0.023459878329959202,0.8602909691161378,4.2050500703198885,0.5641360520965039,0.5977743422846101,2.2257419139713237,0.024384335743642818,-0.02407342771768937,0.5875959304264631,0.5887164610289263
1324.0388376482551,0.5915776169935261,136.14198906054636,0.0578136551927107,0.22347802753539886,4.614137924287238,0.6783403622450408,0.7632230305777692,4.926642214071357,0.05500138076335617,-0.053868972825051376,0.738148797570935,0.7444250483389975
186.55050265534106,0.6116044998379938,52.83222236624867,0.05623723764696472,0.8989399783377868,5.562717361599054,0.6648968542478657,0.7211340918948305,0.0,0.013913255043621278,-0.013879394451265221,0.7211340918948305,0.7230426511521375
634.4584455022874,0.5175284926050736,82.44529038529224,0.075949259174963,0.8973776017834176,5.347717896132227,0.595097667558969,0.684986313660801,1.300433477825942,0.05185092531053853,-0.0537573328422221,0.671046926733932,0.6759706563681632
1182.5617394907003,0.25291069541031447,55.00587825669157,0.0724663972769597,0.8363345575738019,4.737506868367203,0.5558879945438947,0.6881392497872265,2.2340780260086697,0.08968585434740327,-0.09304022123623765,0.6457486923486162,0.6416411953519412
923.0094554236733,0.3108445272856005,59.727769459858486,0.060525281891400586,0.6010028708993719,3.40462053694937,0.6246011144155379,0.7438682209538773,3.9263087695898635,0.06935985490802647,-0.06920996893197276,0.704657432307751,0.7005700759501341
2450.1525142119394,0.3101556219285613,97.09708963278406,0.04209395074377295,0.5447429388299141,3.0007832829428143,0.6063160421994629,0.682115912822425,5.193397799266423,0.0549216852141782,-0.05433923278549343,0.6548290548226586,0.6651685662468787
1554.345420515416,0.3416100849366458,85.17937477959042,0.02083067293062135,0.8707138440703804,3.8683246200202692,0.6260666774157262,0.6624176303609337,2.2257419139713237,0.025575135857056716,-0.025051979460857333,0.6498648076251607,0.6499429808966107
1604.2553816205138,0.9552537880243717,241.98336774954905,0.061792624186206645,0.85651879009445,5.7512887379039945,0.5898914321027988,0.6573558211260476,1.2754251417139046,0.04704695888914544,-0.04591574325917847,0.6516840562890055,0.6536647788629628
1044.5596511513793,0.5411267899952923,110.61032136657161,0.03928751685364105,0.2163783269383933,4.543750226019002,0.5778889814405243,0.636492476848261,5.00166722240747,0.03606248479036128,-0.03467183778540208,0.6198094437591738,0.6221336915077142
182.97199196375553,0.44761767979370604,38.29389441396408,0.06263348823181518,0.6201510142686628,6.8370049805361806,0.6085376088761529,0.6711710971079681,0.0,0.01900556854604513,-0.017168949008575022,0.6711710971079681,0.6740634637009352
2149.8010371406417,0.9164603896415451,268.7465072960805,0.016879919909957297,0.9793057312143931,2.088484681407973,0.6193676075859237,0.6409414428266643,2.1923974658219407,0.014677225598290706,-0.014650980142522788,0.636247527495881,0.636247527495881
2002.0276223602295,0.49870472586581316,141.12648084138783,0.05189988546080106,0.4259102777627035,2.363689850045011,0.5016923038178662,0.5890102467291023,8.294431477159053,0.0587326728795148,-0.05848590212743134,0.5583451247031062,0.5688497824595238
327.66887226685196,0.28856863470804217,33.036704105706285,0.052762284417562505,0.5732787078662619,4.732779801038852,0.6383842951204834,0.7330498343954213,1.7422474158052685,0.03569685637107885,-0.033070544016369795,0.7121613866232027,0.6960144353381662
140.38272882987616,0.4438851332741579,33.26269514789057,0.06441749119013396,0.9189793958654067,4.6300195774254895,0.5162967960276933,0.5807142872178273,0.0,0.013470054612771811,-0.015155886122675129,0.5807142872178273,0.5832227724602151
2016.9489741483712,0.9966533899454604,283.0880908931656,0.03895621894856036,0.31901972852824934,2.2638300093376715,0.6182165643789712,0.6678278107131952,8.161053684561521,0.031863704099889124,-0.031813591777662006,0.6571727833275316,0.6626479210833606
2283.686777349998,0.8100992229682933,244.842316577459,0.03220740185263141,0.6785994918609702,6.9924104446881525,0.5951660118698916,0.637244467640796,1.3837945981994,0.029399112121127596,-0.030731415403649966,0.627373413722523,0.629293867856276
2067.396375994813,0.5527187089997188,158.9446946198026,0.03439539750170395,0.6246897632906986,4.788118506166888,0.6954223840922166,0.7491458267171247,2.5925308436145382,0.03704255744465283,-0.038084641348303666,0.7316399871612295,0.7374844098784517
1339.3346164676193,0.5466548260244195,126.5283163335208,0.03764534801899754,0.5931459555518049,4.129472228049172,0.6445813203929871,0.7026707323250927,2.7675891963988,0.03744864241162562,-0.036939117368996695,0.6849061807574165,0.6892558209536417
1013.5910264839381,0.5457299478727189,109.8851894471178,0.053188127456376334,0.154762185426409,5.932129508690877,0.6009944434317374,0.6781083758349962,3.7512504168056022,0.04726625867965819,-0.04704061152620018,0.656845257050803,0.6599653363583488
1187.26267428794,0.8473276916371564,184.65233454646125,0.06307790474034028,0.8616347770712134,4.248818724904684,0.5654075384506763,0.6366590357478913,1.3171057019006336,0.0449909873200894,-0.046011749874239914,0.6284854431910165,0.6305802352811144
1814.4210435868467,0.7236243732264014,194.945053141886,0.05422610824462717,0.5999706163952517,6.636158139223127,0.5380081776984307,0.6101552922322271,1.492164054684895,0.050078856382871594,-0.05105924215352441,0.5922342859430578,0.5979993889510389
1433.7091185793522,0.3422916100492669,81.97034700668587,0.03850763575036944,0.6975944410744673,4.958429649885023,0.5759183073344363,0.6448947912491729,2.4424808269423144,0.04715628213723015,-0.04580799521280087,0.6211764526282828,0.623394296024967
2223.9280033974546,0.8955431430477307,267.10183419364586,0.04684035495002625,0.9550478401079391,4.546191736609963,0.6576145855176212,0.7126255412249949,1.192064021340447,0.04119298097635108,-0.041125283015633084,0.7044549404676475,0.7054608095726815
503.04697552340303,0.4572132293995373,64.85643231900814,0.03366599069337684,0.19523867743407097,5.010828890456407,0.5384520268252991,0.5888559583859974,3.9179726575525176,0.023411542163270557,-0.022428170570760398,0.5765037976380586,0.5748385286080022
1622.0461346791806,0.3710831236157165,94.52197783434833,0.018645438013749273,0.9721780548390321,5.949441834866637,0.6872901829416976,0.7145639312898612,1.1337112370790263,0.021449059800490063,-0.020933664935824502,0.706809849637212,0.7082673492134569
1275.7307007837567,0.23006221675703684,51.97024920092793,0.05020598193020108,0.6024959981521376,2.089853635619564,0.6722484088803663,0.7794262154657476,7.51083694564855,0.06696193189624335,-0.06691018977385942,0.7405411709170352,0.7442061795041226
1587.9296334794192,0.8702220524385316,219.31872224900704,0.04457447743102603,0.6565621941174367,3.5448193593711452,0.6947515535537294,0.7522720605544934,2.709236412137379,0.03620950416497038,-0.036252825669422256,0.7393260309847555,0.7446710144929971
1061.7280181143963,0.3460939592038662,71.32317270016223,0.013914079286223912,0.672554739776834,7.900279107058735,0.6791588993692563,0.7018418020771948,1.375458486162054,0.015652348578159406,-0.014600060758732856,0.6953799483308215,0.6948038421473522
1785.0509619673926,1.091538136093575,291.67165038530675,0.06059797834294746,0.40532601106125643,5.607308798361039,0.5159533284971123,0.5835012557610115,3.067689229743248,0.043619020700616476,-0.04463072575047944,0.5765513068400597,0.5817702041496552
632.037976534098,0.575786212335643,91.55094759420577,0.024127294549413168,0.9581509133453535,7.973585160467897,0.5741871840243331,0.5983144785737463,0.0,0.015255640828959636,-0.014795566112137717,0.5983144785737463,0.5996840058832457
1802.1495665852767,0.5669936575969166,152.23117952784284,0.01976564430703445,0.40323416293189773,3.4002301922939795,0.5656156440814839,0.5966934655300322,5.668556185395132,0.020659837888145547,-0.020983446949214647,0.5864150372874573,0.589534507173064
616.0520521545196,0.30111060715242177,47.2677309171755,0.025219990055368905,0.9151813286468585,2.5113300546591724,0.5649513287510469,0.607783036991546,2.342447482494165,0.023825636868435585,-0.024000904928834537,0.594793833692234,0.5922255477595003
1368.2797468063247,0.5190613905605213,121.43284522342078,0.04623249665132211,0.13907805421091857,5.891417800186266,0.612695760311212,0.6818301322842631,3.792930976992331,0.04536769526577078,-0.04739310816445276,0.6615512163821008,0.6648706789142151
1734.3190380512597,0.7105320342445134,187.14496801228134,0.04065325076979642,0.4151273880646742,3.358611140598657,0.6000135453613225,0.6579730250958569,5.660220073357786,0.03792280782300365,-0.038372513763586684,0.6406667961311189,0.6476209496539814
162.52588570601674,0.4954167452893932,39.94495610229938,0.05745106054951706,0.19784533571772334,2.3773474539171717,0.6304357210582731,0.700382437843915,3.3761253751250417,0.01368415957151697,-0.01384505591405969,0.6949110004428602,0.6899733833968843
1054.6593307416406,0.9216425328944431,189.299123947647,0.07561179127799267,0.9613364083593192,4.553557123365075,0.5528654448550064,0.6284772361329991,0.0,0.04803091996585597,-0.047361946179132454,0.6284772361329991,0.6308324197373386
1560.6729729819474,0.7653736333354129,191.23150694822777,0.05356414552531277,0.3896007523469931,2.382510418503818,0.5420009677651197,0.6169968020765575,7.544181393797933,0.046184536969431526,-0.046667157338171485,0.5955651132904325,0.604243391756272
470.60662725336095,0.31151031120497924,42.73969727462812,0.07483983247501011,0.11246288137657114,5.61114643541793,0.6894947591480274,0.8258512739871183,4.05135045015005,0.06198565494077596,-0.06134717048753278,0.7878094364782744,0.7720740297169562
964.127505985907,0.6743882802552164,132.4363633326262,0.05870485644326118,0.385452725192415,4.865911926243495,0.6634205700665503,0.740851133860322,3.267755918639547,0.04405447407136993,-0.04553353027490333,0.7221254265098115,0.7281567177508118
1888.8535966726324,0.9276044703435566,254.9716986745234,0.07911381145393592,0.43329472744256115,6.482547577614639,0.6205569134203965,0.7158477603172924,2.8676225408469493,0.06601696316162294,-0.06250073505521996,0.6996707248743325,0.7078292354128831
1699.8514413308712,0.865886514349641,225.78571181352117,0.06248119218624204,0.8971706343653376,4.095930051416333,0.630696271222382,0.7051987050038314,1.267089029676559,0.05122631529027683,-0.052049410158450986,0.6931774634086241,0.6945621746180717
772.697035832454,0.7351118346052776,129.23734674166835,0.06258225981203495,0.8119009775454763,4.520747017934736,0.601744044640272,0.6718956165409572,1.3837945981994,0.04012713477269094,-0.0402042335823027,0.6643263044523069,0.6669885383943268
901.2396428084148,0.3521327118856675,66.85848177908967,0.028236218363477256,0.9209233044098419,3.8538172544558957,0.694951866709122,0.7397660047417973,1.2504168056018674,0.029265937308134312,-0.02904499274964196,0.726043172696564,0.7264213829220103
679.5474045169161,0.8507639787329404,140.2648876934096,0.0501732305500285,0.7271830445723187,5.863747679655086,0.6413497167195178,0.6915229472695463,0.0,0.0272231181805855,-0.02637356369670353,0.6915229472695463,0.6932159220104348
2273.3129162451014,0.7071225464562334,213.23293772217065,0.014749414803279666,0.3437428910022096,6.249313882452583,0.5988149255951346,0.6194494948794157,3.092697565855285,0.014676985418800357,-0.014903232171863378,0.6135643403984142,0.6157255006559209
1416.5247582872485,0.7369224098422624,175.41383525943994,0.0367840491089199,0.7965059725790696,6.341209303379291,0.6428598824386227,0.6886602760159446,1.3087695898632878,0.031332374738707244,-0.030505694079182636,0.6796439315475425,0.6813839659056697
1816.7444176838671,1.0013222014888232,269.9297536837822,0.051677494561029214,0.9703649795472625,2.7151561063438274,0.6263917953187729,0.6835705226644596,1.2337445815271757,0.04025537145634133,-0.040006721381681175,0.6780692898798021,0.6780692898798021
1820.6237102459093,0.6294983698589236,169.8770468623919,0.030174587051985557,0.5950337074399892,4.188486081744216,0.6818248142135632,0.7265773051024681,2.7425808602867625,0.030725602687501734,-0.029856394289424878,0.7128731451932238,0.7179410055379642
956.3017900798118,0.3581362934319162,70.04478628633083,0.05034723981158171,0.4563933322423325,2.575388868805046,0.6129684701995817,0.7074797257560874,6.968989663221074,0.05477132660442953,-0.05454815641176189,0.6766275050138156,0.6760225146830093
1390.8313867976833,0.3558773779698756,83.93973990748177,0.05183467182718901,0.6106230764717401,6.641675738249546,0.5723139859685269,0.6594165684262278,2.4674891630543514,0.06003539285240299,-0.06189157620036564,0.6326583885878057,0.6345972641781139
697.0228567927343,1.0560978982736982,176.34278033001632,0.04928522659479517,0.12442596299576228,6.924270104670459,0.5393516121837881,0.5886368387785833,0.0,0.02255025752312911,-0.02294975806937303,0.5886368387785833,0.5898574140457592
1986.4871623500244,0.8346461844403683,235.27473309616698,0.077816960698421,0.9690213714350736,3.6464637479345594,0.6532899162446837,0.7471323096401399,1.2004001333777927,0.06793495376034418,-0.06926544816603136,0.7311068769431047,0.7313491845790051
860.4522058718175,0.7662781449466349,142.160784367596,0.05184222594682152,0.1490891640590482,2.0310904990121452,0.5115528029189619,0.5764552289118866,9.953317772590864,0.03446453504337087,-0.03416507296504711,0.5633950288657834,0.5686681171956279
407.0609140761786,0.43188724221299635,55.109957074690286,0.07348686562697937,0.5667694078120177,6.781350433044732,0.6676623504214416,0.7714659381561075,1.650550183394465,0.044805970390388083,-0.044279235591116656,0.7442919336896299,0.7462761556146018
1863.863436617299,0.5522466119785148,150.78915248856003,0.07047015756886879,0.7678447779888286,6.458908660430315,0.6803148654331138,0.7822110536817473,1.300433477825942,0.07379619138724378,-0.07537241653233379,0.7514744479756106,0.7560447924793191
1536.7923338984408,0.675716986965959,167.5337945908294,0.07231137903179527,0.5090155553477772,6.869424176173057,0.5107692720889615,0.6068179811248493,2.6592197399133046,0.06587472638909339,-0.06651806215000242,0.5830806511207568,0.5915649130506281
103.09586669517313,0.6754632406439212,43.37628381993311,0.015152832567146616,0.9788887121077572,2.0330070442387926,0.6436299272997292,0.6587827598668758,0.0,0.0019120581965707734,-0.0022533859172500317,0.6587827598668758,0.6589663841229176
684.1232698869296,1.0707968047448506,177.13494371810143,0.03670791554395273,0.12455508363747864,2.1616145924526964,0.6106746743449377,0.6473825898888904,0.0,0.016646791036859985,-0.016772377456915018,0.6473825898888904,0.6492406575574917
2468.1087496750747,1.0817961815411477,339.9050254749088,0.03360910806024861,0.5344332842700072,2.6027348347868964,0.6044353711983463,0.6471141322106376,5.5101700566855625,0.02812551250982914,-0.028058925656157675,0.638044479258595,0.6429018053469513
1539.2838377158555,0.425955499050189,105.69478986753279,0.05284801051406217,0.9097234765266284,2.005732000540883,0.5457867548615889,0.6395105226114989,3.2844281427142383,0.05960088373545217,-0.05941950569033382,0.6048784197002177,0.6088478452458096
603.8069519774515,0.31149758273044437,48.409849332989666,0.021627084891597134,0.6633212908288488,2.616166340903856,0.6477063218041443,0.6917686430739657,3.976325441813938,0.020970270658169046,-0.020802900846220357,0.6787217947388143,0.6728658942846627
2228.85421734012,1.0339289517605321,308.71769565670445,0.056212307002379065,0.2776567695702544,2.5117794532394475,0.5464049907613999,0.6178112571492652,8.127709236412137,0.04625112064041578,-0.046759935273108726,0.602617297763779,0.6105483359729368
2408.697245884102,1.0661106815756412,330.9202916023064,0.036734321874283944,0.3932123869877956,5.0600634935543924,0.5583376182934802,0.6026918515504024,3.176058686228743,0.03072519925504617,-0.030317705957746955,0.5950719401677641,0.5991966481531384
2451.189883973352,0.39909925102211974,124.9681631103619,0.0358399877527938,0.48643378813016047,2.750384138486973,0.5765649653540259,0.6392606380779117,6.60220073357786,0.04435502691181792,-0.04425565985972752,0.6166818621707558,0.6253551657582119
2156.153728244736,0.3263249013110826,95.83410070852891,0.05088153655783311,0.4659734242540151,3.023220356704728,0.5024672328898412,0.5936862541017921,5.5435145048349455,0.06534367355779881,-0.06503672765551906,0.5616610768741818,0.5720403283429047
756.0239283757605,0.2556460646282017,44.45666477320458,0.03637379299077147,0.8291888701294111,6.318111565265674,0.6894767423403534,0.752739264619947,1.2920973657885964,0.03997507978365715,-0.039163869625039927,0.7341157854221403,0.7315345423606691
1124.837001608966,0.8370212587326675,177.54615891043056,0.05657392054714142,0.2953416728424336,3.8214950313959513,0.6059659066795521,0.6745264947770206,4.993331110370123,0.04037685500040056,-0.04082129174696199,0.6625398272266935,0.6673472267741678
2011.9775656142124,0.6156314610166393,174.64749801325576,0.02594190753228691,0.9941191212523328,2.6934728381220108,0.6911777814982656,0.7278625163888893,2.117372457485829,0.026768385582263944,-0.026531892060905456,0.7171196890305525,0.7171196890305525
2041.711092233173,0.9550041673770668,272.9181423296872,0.06564423081640496,0.2873538471741598,5.795494264371451,0.6513499624901863,0.7318774378370296,3.3511170390130047,0.052959897532273384,-0.05545836905183367,0.7169941933065912,0.7237951040960291
1889.6459010439635,0.44440883348966986,122.18078000431382,0.0226783571434577,0.39531068552309434,4.87906688226435,0.6147561494127353,0.6518754316793471,4.176392130710237,0.02665577455678655,-0.0256371727353301,0.6397475720557828,0.6428831282510151
2108.6808695659847,0.8921308049341545,259.09794015546095,0.05733053679665614,0.33714036364848454,4.87328299360966,0.5670871748255922,0.6399815025074096,3.3761253751250417,0.05103962878355461,-0.04925827677161985,0.6244177116222484,0.6310466842111258
663.8276309212819,0.2092208243451315,34.09279187449703,0.033762337939948345,0.33050464094315934,5.431413961800899,0.5124603540567424,0.583397934103377,3.30110036678893,0.0406134994773682,-0.03892723421847428,0.5634581515138727,0.5522756741186508
749.2470321044826,0.2402925409895738,41.598991427529285,0.05489925331594053,0.6113706027117624,4.024880138446839,0.5294669200871087,0.6466727658631908,2.750916972324108,0.06458644285515526,-0.06609198390363696,0.6102593206739401,0.597227767550417
2399.007598644964,0.7259532026497522,224.88186430608258,0.05753793566004476,0.5782138779425067,6.839199485877231,0.6792760099096242,0.7575073385093172,2.5091697232410803,0.05778362638546317,-0.05779813620621548,0.736813945569669,0.7454930637290198
1018.5053046343115,0.8210227810075497,165.71691925703715,0.026092123918247792,0.6866695424458346,4.394933779859316,0.501356319880261,0.5323723647100835,1.5088362787595866,0.018217085422000387,-0.01788117282454264,0.5274484437985087,0.5284104763445902
2393.26688421429,0.9815973909848472,303.7099055987765,0.030358558524221993,0.9979815828095745,3.9027660473392047,0.591768837291815,0.6258671278985317,1.1753917972657553,0.025882491833851613,-0.025956921795918773,0.6221273958160369,0.6221273958160369
2143.021662818601,0.47413671619523684,138.81834542731642,0.04153781990712501,0.69902845041093,2.782805328634569,0.5844700737383435,0.6547570519321905,4.701567189063021,0.048057716159781466,-0.048387101560914685,0.6301664067240056,0.639300231284681
842.5838496679036,0.8090968752783363,148.53783336964884,0.019517857304226026,0.30945833119084365,6.2682572225148965,0.531244873944823,0.552935170662502,2.0923641213737914,0.012428689537929886,-0.01208003994092881,0.5507627312490491,0.5517885878634025
1112.8462293757352,0.841592649883357,177.5617876955147,0.06358278691010037,0.18539306080450163,7.111973656516869,0.6447944602259932,0.7160279637191497,2.300766922307436,0.04478479391085801,-0.044296155298230055,0.7083772471360935,0.7123843018398105
914.307012863953,0.8874225670972162,169.70963120771324,0.06098092057384614,0.640802103857547,5.350887040435066,0.646940697779917,0.7137043112562801,1.5505168389463155,0.037587631682699026,-0.037971380134745575,0.7079216183537632,0.7099630360260933
2498.2237640930907,0.720697024384297,227.82343321081015,0.06661025102335737,0.7698463455840246,7.134850412202955,0.6909049722768277,0.780589967845259,1.2837612537512504,0.06745358685060165,-0.06705200169991689,0.7575152233001851,0.7610379716554272
563.3996979059565,0.3489136727556047,52.378889776862174,0.051044627989043065,0.504365556597854,5.4243361575150155,0.6596085468971017,0.7480174291143914,2.9009669889963323,0.042945339433565655,-0.04493145783101896,0.7250895892714274,0.71570770864866
2336.1147521181915,0.5756742426787024,175.97617752784075,0.06025528518805372,0.27711926905726847,5.2073116961271415,0.5043609555561039,0.5954868571694797,4.476492164054685,0.06718842540406436,-0.0645304673610983,0.5667516041914907,0.5772025064621998
1309.0013611194327,0.69080281321295,158.07170664534362,0.0614811735044832,0.6845363111862925,4.1503804058348095,0.5011461801426242,0.5868389999540157,2.5841947315771927,0.052442420342370816,-0.053575631487012214,0.5626273536471075,0.5688001556277413
377.16609669507744,1.0757545881657071,132.13246174350553,0.07456332108207141,0.3925838467730308,3.553117639543326,0.5872832587380075,0.6618465798200789,0.0,0.02288023649877515,-0.022800587998189892,0.6618465798200789,0.6633647284421884
1755.8560710689746,0.5211449053921764,138.11248804577536,0.014710569341180889,0.4625155831999568,3.5635339668885915,0.5649860022422424,0.5884751628408249,4.3347782594198065,0.016080573635629352,-0.015794535767710147,0.5807913982501601,0.5830406962508485
491.0973898895306,0.7929560625010827,111.13809093615436,0.04686416532716575,0.34377680556581885,5.323174887837448,0.5985415694334476,0.6470219038009597,2.150716905635212,0.02176378428605204,-0.02120651616678683,0.6454057347606134,0.6470314262137254
2010.3396557584672,1.0603858424061816,300.69668212290543,0.019146935628505918,0.8955221310171846,6.228781629709412,0.638510709059581,0.658497568855632,1.2337445815271757,0.014761760549185972,-0.014236718284268958,0.6576576446880869,0.6581867860433886
998.3221531419334,0.509517375918429,101.8179500812876,0.010394763937576188,0.983984387173577,5.639034994238292,0.5804657247847851,0.5932331738480571,1.183727909303101,0.008746781023145678,-0.009082469063547718,0.5908604887223613,0.5916326659508294
1405.0451725412286,0.23647433068663623,56.06078105127352,0.022155566870416823,0.6610239324670623,5.08557037810172,0.6574149645855266,0.7003171633244863,2.4841613871290433,0.029773467559768917,-0.029404954886030395,0.6856788925734032,0.6862376038371467
1680.982457068809,0.7412921083814485,192.22105784929028,0.06706859930137195,0.16143679499671057,6.1453207785877115,0.6431181426578031,0.7322452006655851,3.6595531843947984,0.059455534764464774,-0.06085864661209983,0.7101867419591751,0.7176652629296929
760.3925192320264,0.376084672838655,65.58953436778796,0.024969673281919944,0.27832677708879483,5.142693145421568,0.5271252622731657,0.5693618210305741,3.5345115038346115,0.023706392425631995,-0.024379043398954338,0.5576384606989128,0.5553257374644358
1682.286067406441,0.29457043305389263,76.41332064407067,0.011882274821717935,0.387361218201284,3.1511583423982463,0.6977324110820164,0.7198838489375896,5.8519506502167395,0.01541666960703151,-0.015169278895615665,0.7122001238377282,0.7137637285532444
827.1911214813217,0.3998576774229624,72.73414983752004,0.02377388764494502,0.4364676143231413,5.635093371989467,0.6563890550092565,0.6962496991843632,2.9926642214071357,0.023380134116928002,-0.022022359023496134,0.6843477143759247,0.683754869187564
974.9829945833642,0.7633738820385105,150.75294782563546,0.04374419287955713,0.8618458116280585,5.414250662950611,0.55797833437582,0.6059277021923355,1.300433477825942,0.030865552674265644,-0.029762798263870988,0.6017225272553771,0.6035727081418356
1788.609417227814,0.9380580392206963,250.90970620780945,0.04258084597347756,0.988477514994087,7.274581275147881,0.5393909339330982,0.5819717799065758,0.0,0.03056990439024336,-0.03270870967549569,0.5819717799065758,0.583417653587963
1988.2140931749695,0.7408561199147896,208.92742052620093,0.04743679084654843,0.5625447279216116,7.120466856694574,0.6221745577806896,0.6847598218468138,1.525508502834278,0.04390483385425777,-0.04537641671454887,0.669611348627238,0.6750857644635186
1390.4943641289608,0.2439739160822442,57.538430243795915,0.041381200883099024,0.9172374058409569,6.2704203760677135,0.5101907956112307,0.5782161743044564,1.1670556852284095,0.052889538519222457,-0.050300724003631135,0.558791301032029,0.5598170678622321
2221.5814771625014,0.9440004992393487,281.4059931995562,0.048267894809866964,0.12016491866405334,5.3745777082028034,0.5109178099852852,0.5707443596136499,4.009669889963321,0.04200624327082509,-0.041491642555043444,0.5591857047951522,0.5641108333715407
868.909503129953,0.7660186570124652,142.80934148217233,0.07390391587175221,0.4220160735335309,7.16014269730072,0.6836722020801033,0.7695576464428948,1.800600200066689,0.04687375775603243,-0.04983091378134076,0.7575761179518554,0.7606306797097515
150.50531309755434,0.4154850539772784,32.23749718282507,0.05969036094592492,0.7811587387715936,4.354501101302325,0.6313509225545709,0.6910412835004959,0.0,0.015005201137645892,-0.01440947455186008,0.6910412835004959,0.6936000417693245
1569.1806816688843,0.8657974654409542,216.9116021796962,0.06030608994215853,0.1772837181913252,2.9495010856403656,0.5265454294518632,0.6044184974938178,7.260753584528176,0.04901429284385231,-0.04883523693459808,0.5868515193940218,0.5941838182302049
2337.9521676227655,1.0221883835176904,312.5926395241688,0.0658188588717879,0.20504670460836338,5.445628819517515,0.5374461252179703,0.6171962298423365,3.684561520506836,0.055440762115854275,-0.0552953879203827,0.6032649840897581,0.6099481724923487
984.121450141126,0.44038214897367167,87.37436872405407,0.06802516870412262,0.2300062595673459,5.877075011660454,0.6967789327552334,0.8048689813677821,3.5095031677225745,0.06699046831503491,-0.06670300780440863,0.7728226268447556,0.7735410147341372
1748.9309998087203,0.27131014010626375,71.75998828800903,0.07354946513737674,0.6787717099206365,4.737865877631221,0.6319384957082237,0.7677064000991766,2.4674891630543514,0.09506997087041667,-0.0977635422652759,0.7212544422322824,0.7285449599081298
2209.7063931343287,0.6294145051237244,187.12595464018122,0.04719250379685605,0.5072026592961582,2.435548557941991,0.6574140253854717,0.7318107542261214,6.76058686228743,0.049587240737858716,-0.04995626162904456,0.7061783072119621,0.7163464866317965
403.38818474041346,0.5551130092594794,70.51361624038819,0.03707759919254104,0.35203671287806415,4.41504275536651,0.6236018220764856,0.6701537834647991,2.209069689896632,0.019241229208244975,-0.018582258202383514,0.6626473434501895,0.6625970102147647
847.3295492985083,0.35526074392844886,65.40386185637372,0.07085572573550866,0.9737493848714219,4.751502943257924,0.5654039424689171,0.6689908235504538,1.2004001333777927,0.06842696831312524,-0.06901726782056186,0.6370616926212528,0.6441751410081853
213.95698666775039,0.23316638654904784,21.570448460450756,0.03750173969517814,0.9372178164708692,6.384251260409386,0.569853883774155,0.6073556234693331,0.0,0.015858087696096188,-0.015784183335600166,0.6073556234693331,0.610565167502047
2423.3114204369463,0.5858821129301577,182.4084064585961,0.0293754920782252,0.4837179202519215,3.2692593619029964,0.6771277540401591,0.7236832542729907,5.360120040013338,0.032410710679736596,-0.03264978691816389,0.7076864071165857,0.713918388312513
966.8159450024567,0.7921720680448894,155.78348780637148,0.03723330391790145,0.9115582761675662,5.85428451029378,0.5976503780562599,0.6348836819741613,0.0,0.024726222660335927,-0.024965225199140625,0.6348836819741613,0.6363736231703704
417.1431260352124,1.011724996566984,130.6877923074691,0.048277180779023966,0.3565476756652758,7.267561350900225,0.5108880854788815,0.5591652662579055,0.0,0.0165907508362673,-0.01649516881247977,0.5591652662579055,0.5602920720656809
853.784601590972,0.6831455610819329,126.2459356320852,0.03378700352303052,0.529060829840972,3.5858975139859033,0.5260166181865794,0.5703731755623744,3.0760253417805936,0.024327735994287746,-0.02415535124098119,0.55980362170961,0.5634876096270249
188.44993268044414,0.34188190842092775,29.682748241091446,0.07670625598173683,0.6178628200030646,4.933760751667709,0.5768647678611417,0.6713635826158839,1.7839279759919975,0.027104854285641022,-0.02681097812416313,0.6535710238428786,0.6579464489594823
1800.2083503601248,0.32713352831548403,87.78421692325794,0.029329090735686444,0.6903119076973775,4.874386187511368,0.6540185077918177,0.7063456846326621,2.4424808269423144,0.03694201319157353,-0.03722104841654282,0.6882044573670472,0.6916407626557033
2253.0636254959677,0.9410353322335907,282.5027329453766,0.022894539998251244,0.1823232119742807,3.016643603270291,0.6567061383200461,0.6867884393361727,7.1440480160053355,0.020074784947128537,-0.02015713005529684,0.6796006783182973,0.6829758692285638
2293.194614782505,1.032903980933472,312.83144701623297,0.030875105255931193,0.8563072402122025,5.21741321013258,0.6645583696696414,0.7002327972872878,1.267089029676559,0.025226730712678457,-0.02575772679002005,0.6954334749255726,0.6961028599843652
1416.0756217120024,0.3313038978012064,78.84964896604883,0.015545368575116819,0.9614972342884056,4.554815338589473,0.5701041289794635,0.5944374157332186,1.1670556852284095,0.018375559357178786,-0.018115035022144288,0.5872343350140854,0.5878152533398787
955.127403443945,0.5410409703279249,105.75253866795873,0.07614977795260366,0.15643412866285827,2.714367724293795,0.6579303030963698,0.7752169052346328,7.660886962320774,0.06688084717359727,-0.06651308002482216,0.7408126101932401,0.745927711175325
1418.582779216333,0.3156830821648568,75.19840785432072,0.012412209574483546,0.3018109134513047,3.5648644262616265,0.5028426059149284,0.5260182090840894,6.035345115038346,0.015432559514459189,-0.015456118497442113,0.5180187552922083,0.5190273169903135
618.6172920092641,0.8644870432571599,135.9876635170619,0.06988035827459027,0.908412246792746,4.33948419586126,0.5638827451807116,0.6337631034553018,0.0,0.034633076014352296,-0.03441119853103376,0.6337631034553018,0.6360157334514736
2499.66603569893,0.8924064058294301,282.184834273795,0.04761464566352881,0.32929428942045696,3.927832717310628,0.6030728697658774,0.6671204279056535,4.751583861287096,0.04466399074748861,-0.043696959429362185,0.6506875154294062,0.6583003617502622
1400.9990074978016,0.21231077984631005,50.25982302550191,0.07715800596900321,0.6180456226164072,5.5349494664548,0.5422942267507638,0.6926460197698736,2.5258419473157723,0.10637335240796324,-0.10317063625368401,0.6421754763102594,0.6432802278446652
1935.9692291229949,0.8635380680826585,240.30383872029887,0.016661058138333486,0.6354949350339282,5.949162471979279,0.6671136349147755,0.688164637024439,1.4838279426475494,0.014587898937685676,-0.014391285698810033,0.683774693053109,0.6851749694292573
594.6188294025056,0.9898713171257654,152.6609865511126,0.0423036750195317,0.1868712573750803,2.6337273290652554,0.5395608907346339,0.5818645657541656,0.0,0.018795661288334695,-0.018668847593620676,0.5818645657541656,0.5837379239827856
778.6016943647404,0.6467652240138198,114.13906961242112,0.0624125838421192,0.26805331181748904,7.955910766997219,0.5323043863540625,0.6087295492254631,2.042347449149717,0.04242901199589475,-0.04419344741332163,0.5947169701961817,0.5979079881406235
1538.507122533154,1.036046392284206,257.01528612958776,0.0682755196013779,0.6831002814968439,6.292957980745391,0.5268411253410729,0.601962099606014,1.4421473824608204,0.04713827719731264,-0.04903321846472272,0.5951166449424508,0.5970734039911108
123.19132902459575,0.5907339059243355,41.46789253628931,0.016266324843681214,0.4219773057215419,3.3424567614184255,0.6832693444761485,0.6995356693198297,0.0,0.002687677136295312,-0.00264736421625239,0.6995356693198297,0.6999939461631943
2212.134397619338,0.9370485636779078,278.73907173722085,0.05997610088897914,0.23866473619362433,2.2902045571949095,0.6307775715709385,0.7107011986378556,9.74491497165722,0.05251575526290114,-0.052367823186379246,0.6907536724599176,0.7002728717978195
1641.4195292202382,0.532481856279033,136.4409102388443,0.0430880666504918,0.5402344494141904,3.4395687964790382,0.5628333223815172,0.6318581242481861,4.093031010336779,0.045920437696742984,-0.045130548570510576,0.6091723820390404,0.6155533119672044
1104.1349311924037,0.7428611269204308,156.11646302441113,0.07690734442121747,0.584636148567136,6.386983457259209,0.6614002204791106,0.7573374372751079,1.5588529509836613,0.056903715137384424,-0.05959465831401795,0.7383075649003281,0.7417711685126847
372.41949114052863,0.7878122007985469,96.15434177832685,0.04374775041780972,0.6151878480231029,2.2305016146142673,0.681243147309477,0.7249908977272868,0.0,0.016243310715688235,-0.016222650715941235,0.7249908977272868,0.7249908977272868
2386.6819589810802,0.2031337313161506,62.763812575013965,0.024895411442905763,0.262174756338055,6.687827103679108,0.619616011822364,0.6617465498971161,3.176058686228743,0.03323323540104795,-0.034401363635288396,0.6534238902384687,0.6531469084961194
525.6007919121562,0.9325738597869746,135.2200957256821,0.034743241026402395,0.5147711886637921,4.323839631923873,0.6042760412882459,0.6390192823146482,0.0,0.014853724803629993,-0.01490243930834236,0.6390192823146482,0.6399902684463064
1252.3419251889409,0.4471256023961985,100.0739388924195,0.039718922624568824,0.9175034348688701,5.01736481887547,0.683277282084475,0.7410862680531511,1.2170723574524842,0.041270978014016864,-0.040035650064228066,0.7234256658947664,0.7266817022613028
1420.304914763115,0.8919355639377431,212.59559976238904,0.030551391676179908,0.811372141039967,3.5859296779099132,0.5039099943285946,0.5404514958430814,2.3924641547182395,0.02331259655466697,-0.0233852632497915,0.5344613860047746,0.5348479260477317
485.7494636264633,0.21948758752883316,30.594694824133267,0.07629438493240001,0.9999793183759248,6.573381581717124,0.5216256327503175,0.6281499343430647,1.2170723574524842,0.06589703653013543,-0.06178757148982685,0.5979200176827175,0.6092211838858346
2257.469104798359,0.869398564939494,261.25211940539316,0.03325711607814615,0.5520501206280389,5.970556047571813,0.5048100951346542,0.5479784606929857,2.6508836278759587,0.030588577193708277,-0.02954269633351393,0.5380672112128004,0.5425314508455485
1303.6981890397483,0.8591558899294867,196.19615797688942,0.023175776032743296,0.4994115161313998,5.195180775109599,0.6471130743918464,0.6750461995189102,2.8926308769589864,0.01731088208878138,-0.017516486977928295,0.6702888504245897,0.6724823482865998
2414.688905903458,0.9634479932038624,299.4255565904921,0.05350628941609652,0.6252766073513284,5.619120158436024,0.6090357285319548,0.6761838841736508,2.5425141713904638,0.0476280980358308,-0.04610835481505306,0.6625420179480512,0.6684483415863341
242.47091262141655,0.8284667551293847,81.58961895371502,0.06014357600907222,0.5612323260403247,7.222325632415258,0.6344873605513357,0.694630936560408,0.0,0.01530323119560712,-0.015871894739408823,0.694630936560408,0.6962315159455977
970.3951788568407,0.21772491823877083,42.89557037050819,0.014141315254837606,0.4166184354776077,4.772631951192097,0.533374223901685,0.56255528984339,4.159719906635545,0.018344050646116352,-0.01849726771823395,0.552881170723726,0.551405340288217
554.3879354143171,0.4071902229014027,60.63651355447149,0.06463593377033909,0.7941590568565943,4.297633912482673,0.5344728763168791,0.6313768066456951,1.417139046348783,0.050205221609446626,-0.04853527728522046,0.6027851715260174,0.6044566710323227
366.18012415232613,0.2784163808424559,33.69552002079242,0.03738954756295605,0.14098818998900747,4.00181022275801,0.6923066485082274,0.7641966600238195,4.518172724241414,0.028059076718106018,-0.02800250246410953,0.7488109157365648,0.7334599300756515
1318.0110774640928,0.9403801911516703,215.9200629233486,0.019048616212677935,0.3412709041687344,7.679278667264053,0.5767103793868047,0.5977271904424382,1.9006335445148383,0.012888513690317328,-0.01354781486283387,0.5957589955994826,0.5966852533526648
1656.1747082759737,1.0785141012463306,277.59324741454174,0.04855514294315149,0.3748113543058623,5.191690735712374,0.5109274398661718,0.5649974258403889,3.226075358452818,0.03432544250547923,-0.03499299752605133,0.5594825828093233,0.5635892334007955
369.6876978224588,0.20645399454704294,25.10561041318702,0.0718947029095503,0.704152386009636,3.7899785907964887,0.5442322838414609,0.6915262385336531,1.567189063021007,0.06263802163455931,-0.0593867479817421,0.6556611648840894,0.6253206894056486
1739.3838427786718,1.0275788583067544,271.04591845486397,0.030939736373647747,0.38940319844810367,7.1254443511626375,0.6786751631767505,0.7130395736899321,1.8339446482160722,0.023121353933571055,-0.022930326751222672,0.7096148995503982,0.7117959233008414
2293.6877603914686,0.46383878720602534,140.49607986436067,0.018421879731744424,0.4959978147986879,3.7745891908470863,0.6767733333623671,0.7071212174723444,4.126375458486162,0.021932497882574585,-0.02155845520642672,0.6967431195099686,0.7002855562024756
187.92386032850771,0.7704924226726453,66.80197926100213,0.07343269560236798,0.9790033301254594,5.900783595788259,0.689984591404476,0.763417287006844,0.0,0.01566282698899248,-0.016358267556857247,0.763417287006844,0.7653419056334891
281.58271030016147,0.5233505113966158,55.54252778372815,0.01061002881287136,0.9830653949717366,7.416358872600195,0.5056105112496403,0.5162205400625116,0.0,0.00401086188417703,-0.003870614312854951,0.5162205400625116,0.5167358932947183
143.51836110343834,0.5302725446957296,40.177496374328484,0.028097657675363125,0.8622390495182519,2.9629064196311736,0.6581298925401714,0.6862275502155345,0.0,0.005824831223937573,-0.005933648369880569,0.6862275502155345,0.6871671765639205
1430.7032799775918,0.5396525942644891,129.0978623876956,0.020200383321336515,0.997922175363704,5.70791672552922,0.5878764465135988,0.613368194135626,1.150383461153718,0.019156504798853474,-0.019337928373935,0.6080768298349354,0.6095538465010526
990.706135726556,1.0151554075677698,202.08540748552093,0.06748342657335327,0.8300672095314013,5.697190837774357,0.6775913165391603,0.7450747431125135,0.0,0.03950805710972701,-0.03795304799098054,0.7450747431125135,0.7469489598672994
818.268093092969,0.8333355216469605,150.7640163563147,0.03831134196743248,0.6399989277037229,7.988918003676157,0.6969049561350636,0.7364898050278156,1.4754918306102034,0.023371251504792138,-0.022419108514645552,0.7352162981024961,0.7366023110111741
1330.2856395218757,0.7164771069483422,165.27408648573862,0.07281252383961107,0.9870721412624694,6.671646815756478,0.5130368915917262,0.589806774823871,1.1587195731910638,0.05546437913901272,-0.05887523754331283,0.5858494154313372,0.5894111671172089
874.3353624252735,1.0069061059282771,188.30332641746415,0.06378467540953364,0.7680097639219844,6.007539382808846,0.5830527699264767,0.6468374453360104,0.0,0.035264716515677065,-0.03410364289172068,0.6468374453360104,0.6485908306944583
1067.7791688272841,0.9280392388317211,191.7949009556841,0.03056462042355497,0.7163486854308762,6.35725114054374,0.6689111978723057,0.7011816962160518,1.4254751583861287,0.019826879363219106,-0.01962043126191967,0.6994758182958607,0.7004548025121724
867.7254176968378,0.8677003401543819,161.65566294100364,0.017454292830508082,0.22425555605671427,4.504016241040409,0.5110451552710494,0.5304000443541537,3.9346448816272095,0.010779507093886115,-0.010547723880838624,0.5284994481015575,0.5296665723688277
2374.475971516812,1.0117062294584247,311.7943989800102,0.013425358686809021,0.8544805497030509,5.0532450445401516,0.6403925776747099,0.6562537478443736,1.2754251417139046,0.01115074893571822,-0.011503634193633677,0.653817936361519,0.6540915739532518
2228.6348063156493,0.7192770383699287,214.75616827564806,0.01814289701992406,0.10232074943792763,4.981529193508679,0.689846426424872,0.7154386490690788,5.243414471490497,0.018247275137088632,-0.017837257483201703,0.7079893234447961,0.7109637823166002
1474.29249187167,0.5356452242794063,130.07656499424806,0.012164541195663936,0.9234814755503803,3.9629399651482533,0.6409554802630192,0.658191906878436,1.22540846948983,0.012054463775499102,-0.012359895317721047,0.6531200214586831,0.6538950941871106
1766.1692850675158,0.42849484523187314,113.89161761350995,0.014464425452250775,0.44650034080465917,3.9027860830231993,0.6400512797744651,0.6644510485940723,4.276425475158386,0.016887930961125716,-0.01690758870445138,0.6561930463102021,0.658246137435715
2067.4779895836136,0.4002008756525073,115.08758517762054,0.04697617488435096,0.1365475126493455,3.2855349376007714,0.6523523210644165,0.7325862607724136,7.119039679893298,0.05756813575392123,-0.056480005796385374,0.7052006292927461,0.7132834885760815
2004.1559691737739,0.8987640171066231,254.47283644418005,0.01996715474917891,0.5959312547215756,4.536250486660298,0.698297259359018,0.724183042856523,2.717572524174725,0.01724635123960571,-0.017328370460810753,0.7182644141081969,0.7210078477056199
1669.7676857400065,1.0416818822561562,269.21120524312295,0.020174521350590634,0.5057859457902062,6.629645600635212,0.5735715456060805,0.596102918277346,1.6588862954318107,0.014740719660915988,-0.014682462264449693,0.5937460669566711,0.5948994076520755
1618.0203907687521,0.6605319551362947,168.0412190981888,0.07943505864525946,0.25648528605894233,7.612092171980766,0.5803141907606594,0.687397897249552,3.1260420140046685,0.07465790340891511,-0.07374496578443504,0.6597492494059188,0.6690714454317297
1223.1831193055068,0.6757416953209812,149.47083207585564,0.028575658460350588,0.9672916983497137,7.468923231408737,0.6945810200422725,0.7247390862887035,1.1670556852284095,0.021476259903822296,-0.023053463876521886,0.7231566785026231,0.7246584926857645
2492.6069733028553,0.8028200856628749,253.4983448172839,0.041617984706402135,0.8656605113466743,2.1428292670180316,0.6668808089427006,0.7283263892388051,3.367789263087696,0.04053935545752342,-0.04043243351550452,0.7084987936491027,0.7149006086671998
1293.486458106416,0.8058980243750762,183.31205664183787,0.03618322429397554,0.43176083848013436,2.1903029168653263,0.5847578860858026,0.6326852964946861,7.494164721573858,0.028305317387843587,-0.028171250795648608,0.6209411103797782,0.6257798369303126
1080.0500690063923,0.4023119916812642,83.62091548375854,0.027312629147783728,0.6257256223982605,3.9066286552370184,0.6660503818034579,0.7136040328141766,2.717572524174725,0.02931900033390243,-0.029201300849092816,0.6984590433559199,0.6991418245174656
367.3242564569596,0.7198804519175392,87.25999431718317,0.021203130899737167,0.5754165642285929,5.315275321701912,0.6284595373051458,0.6496626682048829,0.0,0.008495959409694697,-0.008408796545287128,0.6496626682048829,0.6504319700657248
1125.8198734549449,0.6585272166163291,139.74561197592408,0.022666683125690534,0.5167138147626967,4.238182334565743,0.6332262209308819,0.6646072757259279,2.9759919973324442,0.019064914183958868,-0.018843385642521776,0.6561575545703966,0.6589624798123699
1143.5721363915666,0.9014074858821983,192.7893053942042,0.03981944690015845,0.3121940556765628,3.6421323137515076,0.5090570450183273,0.5555213100689375,5.00166722240747,0.027512951795872126,-0.027263487048803093,0.5488764919184858,0.5520986047812412
1395.805145442184,0.9477927955102896,223.95243885686273,0.06383781947722991,0.4940105197046243,3.1767221308670734,0.6726968886594905,0.7492542495278022,4.401467155718573,0.04647329697999963,-0.046641049807957184,0.7365347081367204,0.7435086066838598
236.27448170816416,0.5593004526822447,54.37303511372513,0.06996305996687659,0.45385901866377676,2.7072528245417598,0.5531899000691592,0.6367718621134354,2.2007335778592867,0.022135152533183284,-0.02231746371209718,0.6243007937059913,0.6259193265117377
1540.0706601830761,0.33683231692511384,83.6015004169505,0.05584547287896491,0.49434573807932114,4.0063370049231315,0.5481850961046327,0.6492632173239514,4.076358786262087,0.06755585353242703,-0.06943671406001475,0.6143334225727798,0.6202063090520171
2075.9919660561027,0.5570065527170615,160.51038418000047,0.06169354859243594,0.496319673373646,2.5512031213206763,0.588101195033452,0.6886677162379438,6.727242414138046,0.06767980824100957,-0.06710930020068415,0.6536380003372744,0.6661623746200857
1318.4506713658334,0.6120579741440393,140.5576537099983,0.06713691982237908,0.9197662141387264,6.720672051266204,0.616556380442192,0.6986008700789315,1.2004001333777927,0.05880900809096905,-0.059471414939782315,0.6836933002645711,0.6878098724891318
1399.4799053317377,0.7801544271112932,184.58393768638024,0.03014812075075622,0.8306621615338166,7.141089065621966,0.5534434326363661,0.5882641684612266,1.2754251417139046,0.024370588875023975,-0.023739633006881405,0.5835915533871223,0.5849001011933237
2266.7636995361863,0.9638594515925007,290.23302652367005,0.03971407372377572,0.918100181883471,2.7226339628690486,0.50559731184178,0.5561413065972155,2.250750250083361,0.03436502470783061,-0.03435295952504773,0.5453113855655558,0.5453113855655558
934.8803814257304,0.7088921289446106,137.08444339304415,0.034600983017300635,0.9478609603042236,3.5282613743308704,0.5562426787185357,0.5950967969502834,1.267089029676559,0.024895781954883792,-0.02470130292680175,0.5908436617358364,0.5921401561447115
1623.5862701076521,0.2034774941075374,51.85421466057748,0.060928993664821955,0.4397225347838415,7.866487205859777,0.6382835186059497,0.748576815618337,2.642547515838613,0.08221334395506541,-0.08315766841827568,0.7135939105560053,0.7157189808880682
225.31589219762338,0.2833650278677763,26.901231255555654,0.0161717674846911,0.9573600339027494,6.104309247305526,0.5855212014577871,0.6016929689424781,0.0,0.006720709969326811,-0.006623947746474573,0.6016929689424781,0.6028977828043002
581.1584557120746,0.986275771792223,150.37500017560757,0.024108914936993832,0.7360112948282357,6.579946169272076,0.5589312177710817,0.5830401327080755,0.0,0.010547028668408098,-0.010395249381166186,0.5830401327080755,0.5836774253109902
1311.7953692095414,0.4006903540865545,91.78504603595229,0.03652507602188487,0.9686209584520079,6.1588282079265815,0.6693228412381029,0.7209012610762087,1.150383461153718,0.038419906162902716,-0.03865962692423852,0.7059380612774792,0.7098073449836582
1397.4389715201783,0.4151357679362206,98.14915717931392,0.059901589966703556,0.5505111647115098,3.061093208642352,0.582485977923642,0.6877874246140795,5.201733911303768,0.0672002478845935,-0.06793214860711405,0.6520397944880085,0.6578498378292268
1623.6165256391344,0.8617986710140144,219.62286224572682,0.02702545571232462,0.8883976054143979,4.2773066424480675,0.5542273435785496,0.5862403956059784,1.267089029676559,0.021674035073014665,-0.022203960307012213,0.5812527992908743,0.5819906182497606
568.2881330889395,0.9237542009626765,139.27421386160287,0.03479152024762437,0.5350591250991412,3.336918941383254,0.6372182142337863,0.6720097344814107,0.0,0.01579117043909199,-0.01574516521907274,0.6720097344814107,0.6729283748413838
1974.4801781258136,0.5054827240580075,142.05702065012562,0.07615555697599814,0.1275495486042125,2.797658619644242,0.6177574063120982,0.7436115293431148,8.73624541513838,0.08571405510058325,-0.08568558477824018,0.7002498071820252,0.714046437224907
1783.3764689161112,0.42561469055815315,113.67582672009826,0.0487849767823944,0.38654762233853146,5.324535473729542,0.6318655355528504,0.7103915638331446,4.093031010336779,0.05674276580514145,-0.05704442537733032,0.6861784827791592,0.6915488905846654
2434.7393285657377,0.6101271740190655,190.40423303609373,0.05537512281899665,0.6202353231279387,3.905329363325438,0.550612826339544,0.6361855260363949,3.7095698566188733,0.06014360986714385,-0.060786633794501346,0.6078601024566556,0.6189850252499011
2470.889732187337,0.38616712553136384,121.40371526333908,0.06531926869519658,0.23192865191868492,6.826107616167505,0.5371456885979096,0.6410333000853176,3.259419806602201,0.08012104301144538,-0.08099120686280098,0.6089338654791319,0.6178391175504269
2421.175945638801,0.8173888909170657,254.37352124585368,0.016308277057308022,0.7238594075131097,5.621724576689311,0.5675092493387917,0.5891373758915242,1.3671223741247083,0.015711597784028395,-0.01560020169284127,0.5838175263960996,0.5852780613718117
725.7663946161151,0.8468847035733371,144.29547491870622,0.06189529610649062,0.3944852640572829,7.2573626650370215,0.5537654437776982,0.6189395035498226,1.8672890963654551,0.03370787523266061,-0.03504108035946124,0.6156607398841888,0.6177950582696915
267.67462233954643,0.7398810603448209,76.55886833841167,0.017494940098213133,0.3489976578398367,5.043118358290627,0.5572719244714595,0.5747668645696726,0.0,0.0051975518773483284,-0.005348311274936561,0.5747668645696726,0.575318348855996
615.9912218081065,0.832866873415089,130.73529344696576,0.048289953898160695,0.8557851234252525,5.487437567932865,0.5966894423547556,0.6449793962529163,0.0,0.024358318076161154,-0.0245469216831405,0.6449793962529163,0.6466249726683996
727.0152438658916,0.9128592875821677,155.6702391950457,0.023780970599505707,0.3180055698758443,7.04953158051842,0.6482385051458421,0.6721226141080656,2.034011337112371,0.012111971080099133,-0.012777988611915184,0.6720194757453478,0.6727384517491187
1570.8963735508494,0.2350284777079161,58.91477885947275,0.018908033279930854,0.5499617141688488,6.478033540897346,0.5928201728383646,0.6277418103809189,2.5675225075025008,0.025654786928533575,-0.024422439564508146,0.6161744332885151,0.6171923850773546
141.5032585954794,0.3658429988001396,27.523772816683646,0.051213668973415276,0.7247953537191921,2.2005698762714263,0.5086663506921001,0.5598800196655154,0.0,0.0129802466586443,-0.012112014929737961,0.5598800196655154,0.5619761687185755
727.1442770952711,0.2751515258479085,46.9258573858161,0.04793623625353553,0.21133178376101242,5.889316009408535,0.6554450638615174,0.7463523194209455,3.5761920640213405,0.053317589935497865,-0.05022775013089615,0.7203255209051556,0.7102922422120203
2429.239993005056,1.053566265473943,328.41808408610393,0.029135560516469476,0.12646864236085556,3.9764732966706076,0.6416960237425307,0.6777506025348774,5.668556185395132,0.024728325511710572,-0.024190596410042033,0.6708315842590001,0.674488543614329
243.5229022540943,0.5237413919042859,51.691222003722565,0.030862418328283486,0.2974110722370791,6.236784528381891,0.6318194010048748,0.6678282203662964,2.250750250083361,0.011078935286329738,-0.010609596868808512,0.6626818193331583,0.6640585813193781
1385.185825682424,1.0196971757134379,240.0243108961966,0.017219719691119073,0.23472030203031774,4.300698075316479,0.6311764103725801,0.6502591780535116,3.9346448816272095,0.011799192328201903,-0.011941571522609615,0.6483961300636991,0.6497284687075585
1501.790301388989,0.2666384187211388,65.35177208237731,0.07708973626225273,0.37455833481525236,4.153835682698563,0.6247259598086847,0.7688754205371524,4.451483827942647,0.09923987969467869,-0.1016526329447105,0.7209606969563014,0.7254066540725076
2368.397241903363,0.7964194151929449,245.13149153644716,0.07683413306833929,0.26883200693843107,5.71285957383761,0.6657757783752569,0.7689223726343035,3.401133711237079,0.07295500764035485,-0.0746572201837972,0.7426099114435962,0.7524203102908433
1321.658723811633,0.5259563082464065,120.93146873076148,0.07893309710223141,0.22688860635699445,4.46557716517194,0.674674750512132,0.797388463371199,4.968322774258087,0.0790806541741795,-0.07909363800350512,0.759563219735913,0.7670763852211374
2261.15379161421,1.0823438914037968,325.5069883505173,0.07193933145850671,0.1458613228486713,7.57859899776493,0.585633438281357,0.6664300485203782,3.4261420473491166,0.057629689820297626,-0.05574880211227402,0.6575727697398638,0.6635784707235467
1663.8860498957968,0.5548482822504073,143.14165421102186,0.06695676536294841,0.6183273486904894,7.073267855324026,0.5387542943041534,0.6351265145480944,1.4504834944981662,0.06572741596203564,-0.0702090224185628,0.6079683235251276,0.614053146354901
543.9594274117654,0.5963391214263083,87.96432020644002,0.010332608147373638,0.7235676594066323,3.776322366848066,0.61145986924289,0.6244640997138212,1.525508502834278,0.006167399301973456,-0.006239835988846071,0.6217924773902637,0.622326564850749
268.0085451060325,0.35357992344442457,36.60934120415403,0.0536001419015353,0.37509636439993876,3.2883316555138022,0.5457693001615536,0.6364077681090287,3.8096032010670227,0.027040444836581447,-0.026093943706376604,0.6181539890091508,0.6030342325673196
615.5664753411891,0.7605658544874934,119.34501937756487,0.021738385012862002,0.4264357232619014,6.1273211935607135,0.6027342114695301,0.6267892930626725,1.8839613204401469,0.01169641945260839,-0.012085452767802195,0.6244725964823921,0.6253165700088443
1533.4740898611612,0.4258162815173737,105.4606587940996,0.0752900411215644,0.472491323484702,3.7217836196740075,0.6808652368116944,0.8090371911832804,4.251417139046349,0.08608011651712891,-0.08576686479095304,0.7659802210714991,0.7748297353395153
1672.6950766345287,0.7525512768246054,194.65899727237104,0.07207142565163177,0.15268625764424598,7.0260770720454815,0.6355728728610202,0.7293507217423967,3.5011670556852286,0.06488504013630475,-0.060550227443582044,0.7076442985126519,0.7153576959974989
963.9827074723105,0.43071620827147006,84.57769250693212,0.017336412991709037,0.9469667532220211,2.8514726199772173,0.5518877071461769,0.57777823770369,2.2257419139713237,0.01667611897445553,-0.01689585153335838,0.5696985982513969,0.570021796161273
1758.6572309667276,0.8391371940973935,222.56330813896332,0.02125380932218158,0.8327180446890649,5.061723615058175,0.6696913356230217,0.6958957751362742,1.300433477825942,0.01775746018698412,-0.018319906690117887,0.6909451449452033,0.6917067241447216
309.4849356341069,0.2385469991843207,26.541392869221884,0.054589326704604486,0.23502141739883517,5.149694274399799,0.5028217518569017,0.614163794392509,3.8096032010670227,0.0367965172874553,-0.03972093382211472,0.5842392760778474,0.5631033849558199
1971.8302253156805,1.0095771531606514,283.5334283929217,0.06872179333750017,0.9625175318353765,7.418574527952738,0.588803603658073,0.6575253969955732,0.0,0.04998474699802966,-0.05265625322646008,0.6575253969955732,0.6596194421968969
1056.035700264752,1.006565301174389,206.8765432432976,0.07488571567500589,0.9755523534862333,6.609903409056696,0.540397765988276,0.615283481663282,0.0,0.0415739029835745,-0.04379826399499018,0.615283481663282,0.617411696314919
2367.889926665734,1.0524273201345977,323.8939710436133,0.05662919547390801,0.8715522397145362,5.367058526983714,0.6888253890823445,0.7532682878468301,1.2504168056018674,0.04654133892167955,-0.046892231866838045,0.7454545845562525,0.7467541927593959
325.44735182101886,0.9775673268362937,111.53650825751794,0.013885254032599754,0.4051963469962184,2.8119538556915717,0.5958270184925825,0.6097122725251822,0.0,0.004066481382903918,-0.004037489839055783,0.6097122725251822,0.6099483646345438
657.3907791819279,1.0568651414005976,171.3804873793327,0.04915249335573867,0.9079576626733523,3.6683508143069057,0.5051955119893121,0.5543480053450508,0.0,0.02199229898916678,-0.021869069205011228,0.5543480053450508,0.5553923396680122
1961.572008841412,0.8321398939747748,233.09258953298053,0.04818441519719356,0.8338084567562913,7.040506235888795,0.6175806616036348,0.6754624220749281,1.2504168056018674,0.042688706724472815,-0.04045849236343072,0.6657650768008283,0.667750051512939
2418.226700449449,0.8477407528555947,263.6583700303873,0.05738127633138402,0.42527961330278086,2.0135514716000458,0.5481885347788356,0.6301503355558867,8.77792597532511,0.054014547461717605,-0.05423206947114468,0.6055698111102196,0.6171938376097125
1933.4092163551118,0.8388841289934568,233.28878748840768,0.0331715501381066,0.6630246770845949,3.171724876838823,0.5527255438538088,0.5979715636303203,3.7762587529176392,0.029640430572217165,-0.029383204090644273,0.5858970939919154,0.5912909574485985
2373.7794253659918,0.5718625156420352,176.21456686119473,0.02714913160091982,0.5383974221550923,4.322095278724197,0.6459058074698211,0.6881315874123601,3.859619873291097,0.030248949977081954,-0.030171088132438593,0.6741681138751952,0.679391245126271
2409.0786555781146,0.7325636820119228,227.4054504273072,0.051380303085584056,0.4283504728511348,5.387785591851772,0.5638657732774276,0.6357505094371324,2.9926642214071357,0.05128775614223299,-0.05213056266728949,0.6152460763630117,0.6235145546638431
102.62097834962063,0.9794865555906367,62.754742269224025,0.04006108598651937,0.542879636548597,2.501005492555569,0.6674221026810784,0.7074831886675977,0.0,0.004477071536795629,-0.00446965519800879,0.7074831886675977,0.7080515429163942
508.80896890621693,0.5695590429058843,81.25425753725148,0.0688185882944717,0.5120046461921676,7.586914012798783,0.5418628606841379,0.627313612114815,1.6755585195065024,0.04150845657277471,-0.03920347473030133,0.6106814489786097,0.6144300428596053
1816.5587918914512,1.080198671205555,291.1778690821492,0.04847295460542177,0.7229655087795935,4.359359957606051,0.6502674679450937,0.7057650459159768,1.4421473824608204,0.0361180157207209,-0.03628301451374438,0.6987404225505155,0.699902417271892
2281.29773565695,0.8327500103454764,251.5565483845829,0.07551500979666854,0.6297873867930787,5.462824642705778,0.5609254776218311,0.6620306064139709,2.5425141713904638,0.0712703758919178,-0.06981871932648759,0.6364404874184997,0.6467669533321699
1803.105978793086,0.9937572695805399,266.8830185516662,0.055242135829025193,0.30973529853872467,5.264654688330119,0.651187483390283,0.7165354043760138,3.401133711237079,0.042946064339413434,-0.043275627434313825,0.7064296192193081,0.7116705779581141
2354.4719556946065,0.3409364445684986,104.62854464521902,0.018924796367659244,0.4716491772096154,2.7536670167756654,0.6960857825010236,0.7301601813509238,6.668889629876626,0.024171449697268036,-0.024067873842114458,0.7178084479926113,0.7224139816708314
1118.330481478142,0.6802494671611146,143.8743210148173,0.02589614469049399,0.5042135111832363,7.908163609167319,0.5977374302733939,0.6309205712174499,1.608869623207736,0.020654661747575697,-0.020963747110247517,0.6236335749638878,0.6249618063046662
121.17742193076691,0.41827477722556755,29.120748026052436,0.07849183813349529,0.9901607620696593,3.262958538630234,0.6230528175687706,0.7015446557022659,0.0,0.013504463666090554,-0.01684233597567487,0.7015446557022659,0.7044114957414334
284.57999321299474,0.7196974782001664,76.78602022444122,0.01881444910405062,0.8367953712783921,7.637449925613467,0.5345973616098965,0.5534118107139471,0.0,0.006142963280350561,-0.005704821365329337,0.5534118107139471,0.5540472065918743
1210.5092046275777,0.29183869862717077,64.2180218784049,0.03373980049510825,0.15858797928447385,3.5872791681045624,0.6980447334178603,0.7630275829123089,6.76058686228743,0.04215975715762731,-0.04168350092914489,0.7407521329656128,0.741574922178871
207.04784157136444,0.9730714966568037,88.554391002141,0.015421680442787342,0.5760972380056242,4.712718754564074,0.686310932004129,0.7017326124469163,0.0,0.0031588522807868735,-0.003194115362539188,0.7017326124469163,0.7020479289362364
577.719669484215,0.36171381384167167,54.98619494916053,0.06240998619974827,0.7531475257903185,6.195090622956792,0.5052254232344762,0.6022334424593094,1.4088029343114372,0.052107597050448644,-0.05162755255780989,0.5735750516268429,0.5736369633729936
723.9032481397808,0.9559056600688696,162.66169423093456,0.05206006850197409,0.6419754286589634,3.77549963242887,0.5520346177113895,0.604432100167836,1.6338779593197734,0.02650631048391075,-0.026946686365257568,0.6040946862133636,0.6053934181173377
2371.7317312438113,0.8549797509678911,263.3410766735708,0.018880628246128628,0.9439362479293875,5.494220910908329,0.5666724733914176,0.5891584036036767,1.183727909303101,0.017352853988372278,-0.01675481587492275,0.5855531016375461,0.5862153957541409
1053.1346713590362,0.8528640593173564,175.0458279460728,0.03633908561802585,0.6208703192067463,6.2629969798904295,0.5390749994611929,0.5806984141028972,1.533844614871624,0.024009421486678218,-0.025109465552862694,0.5754140850792188,0.5767385928275413
2366.1795669821186,0.5205554942918689,160.14776430109245,0.039356232995384,0.7286629310810385,5.652710536326585,0.5880239673878358,0.6485668568178429,2.325775258419473,0.04531760152249918,-0.04458777483067569,0.6292476481228109,0.6349363723766951
1659.3808967218995,1.0125454768148403,260.8660586689206,0.0660198531651793,0.8418331089592963,3.5504504514038775,0.5838806698595275,0.6591948845241741,1.3337779259753253,0.04959733030392456,-0.049541845629626276,0.6499005230247068,0.6499005230247068
1429.165939969742,0.23977173724533465,57.32833311279026,0.06388545262641272,0.3911170819735801,3.6955764682460854,0.5518584018712293,0.6773435959120928,5.551850616872291,0.08610811886123375,-0.08375192269126547,0.6338049107716637,0.638658468950705
780.1102370081546,0.5042133489420491,89.06812777914216,0.05233771906533115,0.6252087897100569,3.534270521611252,0.5412848553146414,0.6232543199899403,2.8092697565855285,0.04348299148284774,-0.043636783800749215,0.5995875308048563,0.5999402272335854
2083.259656171256,0.2834510039087299,81.82380981494696,0.04589759888406493,0.5685047867703485,5.444820840869729,0.6771300231814271,0.7573435589793279,2.6175391797265757,0.058716851283248724,-0.060896046051733495,0.7310510080534951,0.7376221006974081
1597.3934562274424,1.076270389623221,272.05539228785517,0.07099471583441093,0.2932662335384904,3.447099861351807,0.5689548271830341,0.6494960703097111,5.168389463154385,0.05017409265435086,-0.05055335325459688,0.6399495430174451,0.646428499825959
1039.6345961923153,0.697695608276926,142.2775396641423,0.02627588430274372,0.3001106630023891,4.288339744208478,0.6344046226425504,0.6686070167152556,4.776592197399133,0.020608215390439503,-0.020282835901327137,0.6606805069452941,0.6632215747292867
1751.501471430852,1.0785050660362607,285.4680039416247,0.024169080374526985,0.4535732366712827,7.788064987634362,0.6380017485331104,0.6644424245663904,1.6922307435811939,0.0165077480575407,-0.017711593566850693,0.6621708289076375,0.6631271884662455
1521.4684595728459,0.6856814462612123,169.15462264883288,0.01528572660953796,0.9040364279343193,5.753031292490646,0.6143334815856067,0.6333168342402152,1.22540846948983,0.013748827095112605,-0.013156261360090574,0.6296192081951447,0.630429204437791
1394.8008239724222,0.5527227865890005,130.55498599078854,0.027826528395262493,0.7797897868010358,5.0574051065699726,0.5067879064578441,0.5470899468585618,1.3337779259753253,0.02721735441436478,-0.027764802150660347,0.534939081418218,0.5365894297845446
1057.8267994531918,1.0357432744005495,213.05385673101583,0.03617261930786041,0.4719097071330164,5.743766738330214,0.6603349607631764,0.6974619801276501,1.7922640880293432,0.021793898840881315,-0.020875132419932052,0.6965075800710369,0.6978233942689451
1704.3066824913092,0.965049258010652,251.97261910760758,0.017977941092848882,0.932133297986784,7.423531594468316,0.6038297173171175,0.6218076584099664,0.0,0.012935043490944119,-0.013482478487029177,0.6218076584099664,0.6223889166944545
1599.3813706892824,0.3915317451812616,99.03141681134461,0.04135632065869723,0.2824330248278311,2.1318600736461173,0.6961806136254105,0.7709703265350749,10.65355118372791,0.048636087239156404,-0.048889248614110224,0.7445844274003741,0.7509122637724791
721.9516377044922,0.7337974780080518,124.69822264380906,0.031017526847650412,0.43355945818939146,4.386569351493649,0.5670093462649515,0.6039598969444191,3.2427475825275094,0.019024477313446347,-0.01946424072750528,0.5980268731126019,0.6003256791842534
1629.7594224158458,1.0648426434397456,271.87994965697214,0.040004425500436314,0.9759940516488386,6.006783424068699,0.6214272390042017,0.6614316645046381,0.0,0.027170423415612963,-0.027615305174363367,0.6614316645046381,0.6625205121710335
669.0492443174153,0.25662863530944274,41.982099383976525,0.06963543392042802,0.616582957549842,4.486483174549291,0.6623934644176966,0.8085652948087289,2.717572524174725,0.07819039850041855,-0.0754766930619559,0.7607566486258036,0.7441440793715239
845.3929181855651,0.9052555303680387,166.46789392161924,0.03295746847840579,0.9287930677637473,3.6078012467408156,0.5275108235149142,0.5604682919933199,0.0,0.019090760234876082,-0.01900121834245091,0.5604682919933199,0.5613072244060233
1775.4321000385885,0.3465625277582937,92.35568464371418,0.076455413520229,0.6899996011499794,3.3851639677071557,0.5417637868570857,0.6811825074889659,3.609536512170724,0.09418209658021821,-0.09570780123389068,0.6320612967672969,0.6447691542683935
2317.300093889012,0.7470721215649019,227.44880816080087,0.07256152046706917,0.1992026843612427,7.552353173475057,0.6040098623988176,0.7014974918596237,3.259419806602201,0.07192133644350299,-0.0681541074398105,0.6765713828658868,0.6859068884357864
1704.2125991952412,0.5355879243871526,139.8371802908977,0.014139822540407835,0.9621751972076462,7.967589974650892,0.5729093697520886,0.5905633106342156,1.1253751250416806,0.013378719808320965,-0.014250324557737868,0.5870491922924964,0.5881424770382859
2365.283031404751,0.35095366186540783,107.94967321170711,0.02082791147610029,0.16580065600825433,4.3476164455049044,0.5104604500363198,0.5454003506181083,5.218406135378459,0.02648748073789808,-0.02638562524914129,0.5340046013636095,0.5379069708165541
1047.1772550709522,0.32455138578470144,66.42377653357661,0.06113694569010702,0.8500263844027672,6.1268925667777285,0.5400988304872312,0.6390761938097832,1.2504168056018674,0.06911244795852446,-0.06514435866755106,0.6096093325013701,0.6093373022060828
1940.4356629790936,0.4245501773299475,118.27927292570841,0.06316420178779693,0.6106578174067517,4.200275097747259,0.5166984756032116,0.622811935882375,3.67622540846949,0.07562623194571796,-0.07387123357605412,0.5873968581083467,0.597325509231622
2086.022823536862,1.045687628718403,302.0588005963926,0.05661424460004463,0.9680874100240949,7.604668514257947,0.5389216801607507,0.5955359247607953,0.0,0.04066683950163039,-0.04321918580650531,0.5955359247607953,0.5971904593705506
1854.9096366357123,0.5143743374939251,140.11049506065632,0.04412621523959383,0.24126888803396118,7.848676568345915,0.6452274766152817,0.7109667968559619,3.109369789929977,0.04814953492913275,-0.04702617444424099,0.6915222698261152,0.6961749522569085
740.5799431143234,0.5343245211512302,91.96468209264549,0.039573804878014915,0.7727803517294562,7.554183600617507,0.5642880265969143,0.6140608351839358,1.3504501500500168,0.029262291337677132,-0.030164702417075757,0.6038618314749292,0.6064324940548714
1234.000211873007,0.733886815551231,163.04845892358776,0.03753407946802209,0.5537631910291168,2.634245774120612,0.5335348775440332,0.5849083744212094,5.426808936312105,0.030602272954602112,-0.030309442330781068,0.5710689570120553,0.5765410940850297
1062.6430173283477,1.0234451105934974,211.0028141852991,0.03445506320212435,0.3248135277445123,6.457173325095655,0.6898260332153219,0.7249535789581892,2.042347449149717,0.020896855831433227,-0.020224185022149434,0.7242810964174462,0.7257326649930305
1201.8966809525139,0.20774446001046482,45.550485969154735,0.05817045320329326,0.47355472145453037,6.041873219697291,0.5555433031658407,0.6689655751512054,2.7842614204734915,0.07930551068164872,-0.07667256572830064,0.6330873756956222,0.6290909406235012
105.7795451607098,0.5100465968710435,33.1772738492588,0.059335463982905914,0.45380195470827034,3.3150448379193556,0.5928013728268203,0.6521368368097262,0.0,0.008998147255832744,-0.00926648580670153,0.6521368368097262,0.6538765381308748
1905.636455916125,0.30748977811307543,84.89472483625934,0.058422642355265356,0.7006096214235525,4.2244272781104275,0.6940672382758988,0.7993936285034446,2.4674891630543514,0.07535511063240494,-0.07548164874908657,0.76330050432423,0.7720026728665826
2247.2927187528435,0.4845453327218629,145.27612012778,0.012176376537569016,0.37747432607056897,3.2283316552462598,0.6094503828095186,0.6296334103908348,5.860286762254085,0.01426060515473085,-0.014042898488404959,0.6226504856883114,0.6251309267180997
2304.986610837171,0.9833037590337694,298.5739396152076,0.03140804089653787,0.4857377802000733,2.2192531944773988,0.6088327015298298,0.6503890667593841,7.0940313437812605,0.02706818833828683,-0.02705793090362415,0.6402407424263676,0.6453347994545634
252.08315212174927,1.04474554960619,104.90892476106262,0.07068536843965906,0.2927688637937527,6.196212079172272,0.6136040764866666,0.6842894449263257,0.0,0.016068803573907612,-0.01652319430763174,0.6842894449263257,0.6857004904557565
2023.2585100388394,0.628086896076368,178.67978295403137,0.023424037946604463,0.6758590601105485,2.48168196197567,0.6169175982336844,0.6537934938747109,4.918306102034012,0.0241685294756576,-0.024294124104481663,0.6412021566189275,0.6461831996442119
610.4915331146982,0.8164427934112044,127.58381321592516,0.0679630213209676,0.19857225635386522,4.401611312891554,0.6467043175551993,0.7188276940882482,4.101367122374125,0.035378299181925865,-0.035410810142177694,0.7146673388761668,0.7182819552502435
492.8873476452604,0.709871303032142,99.67435880897132,0.057028728731300625,0.419314246515444,6.991893645215606,0.6021316370093427,0.6640775874752707,1.8672890963654551,0.028631407152173074,-0.028189641677446465,0.6591603657406433,0.661442437275055
1604.787615857224,0.32678551703430087,82.79451727206649,0.011621212217286833,0.14567371374248766,7.423520889189295,0.6765284768496502,0.6960661882581871,3.409469823274425,0.014540794148953207,-0.013424227052405403,0.6900036454907933,0.6902284130758758
2038.219453988422,0.37965088211137477,108.40264528836367,0.04678210563646523,0.816505390493536,6.048015087534643,0.5231042387351875,0.5962512094466993,1.2420806935645217,0.05566498858260045,-0.05749045142529269,0.57440233874053,0.5766764603880113
2249.298879549817,0.34461415350016605,103.36813705966232,0.022025698538933484,0.9109077662536375,4.907701634567097,0.5745783651912933,0.6089785556594218,1.1753917972657553,0.026844610615874512,-0.02774998001982044,0.5987325705425143,0.5997923715060939
1428.7761815153356,1.0832575995489004,258.9666513217209,0.018374131866873002,0.7812539639128587,4.005955173464765,0.5234098541695248,0.5430986113168764,1.4004668222740915,0.012402423524230623,-0.012286161064385815,0.5417839860363978,0.5420472090561957
1112.6400528470526,0.6938775899527438,146.3828511670566,0.024417314640970286,0.46474251318694226,5.814056152833743,0.6152896039440444,0.6470083588120061,2.9009669889963323,0.019837411222044906,-0.018889179681651703,0.6397069185850147,0.6421777293006024
1835.5854257316414,0.9527640796436612,258.16815520381994,0.03863982322385616,0.4806705479160047,4.980152806730919,0.6132706756762607,0.6605787910107509,2.950983661220407,0.030954099611530318,-0.03144402815761351,0.6519104989001169,0.656422997689218
359.97441817094,0.4813718187752967,57.76256582130949,0.0220324256763917,0.44726748610971845,7.840124435444219,0.6165461913361959,0.6447685327558743,1.800600200066689,0.011231669405420214,-0.011461955012474502,0.6385786170125877,0.6398760173778077
1130.515647809311,0.709343205701338,150.8428390997226,0.056835358879902556,0.4914581169613609,4.686258825517323,0.6402802258763417,0.7155925656819816,2.98432810936979,0.04472343079971577,-0.04586088040771244,0.6971155847562442,0.7038338371240528
246.07019969368304,0.6860725114595099,68.0658896835862,0.048312946855239104,0.7810770350155428,7.8958685140199485,0.6591509573573616,0.7074639042126007,0.0,0.014557793034147264,-0.013397911714826722,0.7074639042126007,0.7091077915699909
1309.0926703611233,0.35250786164646075,80.66478830250988,0.051178268014321945,0.8508689980414174,7.594484381871995,0.66506207589882,0.7435751326855075,1.2087362454151385,0.05803986305576464,-0.05671188490530441,0.7206745519710157,0.7228007283015847
553.5246552701524,0.8413182779143984,125.18687688034485,0.07161084632400903,0.7129152699642777,6.114512245569291,0.6000324572502157,0.6716433035742247,0.0,0.034409653038989664,-0.03327230842801187,0.6716433035742247,0.6739945784091926
1628.7429331012122,0.46494264730071905,118.67401942462271,0.016216706075002165,0.8449434142708604,7.658865844349094,0.6713644670753888,0.6945902085369199,1.2087362454151385,0.01760350757081823,-0.01697845495369807,0.6877381208195207,0.6890883475291713
901.3925290739272,0.28417713617713547,53.96051750268818,0.02960968713419846,0.8585518382289101,5.934887045799297,0.6933388488205874,0.7430314259911307,1.2587529176392132,0.03350064842592794,-0.03203468431064777,0.7282925519308883,0.727339079289208
922.4344442490482,0.6963249082624783,133.75489414170264,0.06530267551467596,0.3105927484586311,7.784539847957994,0.6184795344983629,0.6974565816011218,1.9589863287762588,0.045110573495218124,-0.04826743531518473,0.6837822100130388,0.6870674070597136
118.95415196716766,0.22263794806521117,15.357445718358052,0.07175512114811167,0.6807533749849698,6.578435114383172,0.6568032001913816,0.7285583213394933,0.0,0.01709902255767696,-0.018164189503600135,0.7285583213394933,0.7325626113288232
1109.1034630018635,0.9187501215280718,193.51446599833722,0.07562727113687767,0.25495399699265947,6.584818397252124,0.561558401523113,0.6432534547347772,2.184061353784595,0.0507012738451104,-0.04858155191939722,0.6371856726599907,0.6416147232920149
871.5832073292493,0.5714793659327477,106.70505081143332,0.07046036639356598,0.11985046057904425,4.6035572408615835,0.6360095299138541,0.7339372153032792,4.309769923307769,0.05763600500703515,-0.05662968016711577,0.7092801388469296,0.7130870123749987
364.9970998780527,0.9130282373156751,110.32118338347674,0.07593318185281471,0.18184133896928073,2.9176888269852688,0.6948194449892405,0.7707526268420553,0.0,0.025450320620127455,-0.02523539590274081,0.7707526268420553,0.773230545852993
574.8535378857798,0.2710457081328841,41.100881347271276,0.07665347754771301,0.903360438828522,5.934352836398786,0.6102861854575107,0.7306872857428768,1.2754251417139046,0.06509245908921994,-0.07115508823238752,0.6931613567134691,0.6968358517037794
2306.1584711266487,0.7899680676002805,239.92975231317826,0.0560877661520549,0.8593170077817577,5.919474063754525,0.6007353774075355,0.6724142439086337,1.2420806935645217,0.05338549949205622,-0.053152357738132844,0.6568231435595904,0.6592523283311326
1035.331594956275,0.6528205035121168,132.8505985684854,0.04657350543610361,0.4247486930064267,4.688710453882076,0.6603743865727042,0.7237401952400981,3.1677225741913975,0.03740362155332952,-0.0379842947387463,0.7073819428145044,0.7124104016447312
1099.6320848221308,0.22300378997188644,46.769846140531655,0.029811352524169443,0.30856767768252835,6.76149207099181,0.5898586116943617,0.646792137582061,3.092697565855285,0.039516981334575554,-0.03639232500991103,0.6293063935506773,0.6258695307172016
772.7453032843196,0.9296343954574624,163.44075751191713,0.01134517631896284,0.25682575845809585,6.9617289163748,0.6101303455320805,0.6215528133682863,2.1757252417472492,0.006034094531955372,-0.0062009443891522876,0.6214755218510433,0.6218213056916417
1956.7594589907528,0.95435841328587,266.9993616538424,0.07593744420119777,0.1570821393730042,6.795408459790832,0.641753229643967,0.7325547081161541,3.5428476158719575,0.06276853477423318,-0.06046770821055745,0.7176906738451647,0.7248180120502868
596.8614416237419,1.0385320397061109,160.4673412423969,0.038294131621447444,0.8988494747093237,5.630682227989553,0.6053495893081913,0.6436437209296387,0.0,0.01578291685193338,-0.01621877742189531,0.6436437209296387,0.6445744913972153
482.8574413503506,1.0228948618585816,142.15772252519972,0.04896633351535724,0.10548316494713571,2.1097072464216993,0.6555265210036094,0.7044928545189667,0.0,0.01838808079626402,-0.018419637207074496,0.7044928545189667,0.7062902452448184
488.6472481081351,0.7388645920653307,103.2981584229479,0.057675737335378625,0.3514290336536472,5.415882850468474,0.548051749197815,0.6104949507655745,2.117372457485829,0.02798365056585841,-0.027650231119411277,0.6057274865331936,0.6079094126055268
2371.157025683081,0.9741531407142505,300.0111449390588,0.03016299540482284,0.5759330418553058,5.0037971429234345,0.6920046515900148,0.7303589687016393,2.709236412137379,0.025681033167569402,-0.026560252512071263,0.7221676469948376,0.726263694203014
1045.6690724412497,0.7060047991594103,144.38922337917023,0.0750094616421206,0.24652994605890233,5.302913619670028,0.5211345840723659,0.6179086957662151,3.609536512170724,0.05602506643198066,-0.05865361503639337,0.5961440457144865,0.6030743167066014
1581.9974363644014,0.5291148830483042,133.10147277154095,0.07773452512257205,0.4738682630336737,2.817125825250241,0.6667999921856808,0.7932782055838461,5.660220073357786,0.08189271121134255,-0.08169693704355575,0.7510559234099995,0.762657495845489
2070.080059414994,0.825373657588506,237.5057730933604,0.06241682613189597,0.3382436959204662,5.852321002536688,0.5076039742410787,0.5895371692358538,3.184394798266089,0.05528434008065453,-0.057456571077225266,0.5700208003729746,0.5777420395374139
572.536345336083,1.0390515027977782,157.24201525329025,0.061746470795786115,0.30760528689033206,2.668298537115729,0.6897838889737002,0.7515303597694863,0.0,0.025830488885822702,-0.025566450728186654,0.7515303597694863,0.7542065817166632
369.2503985443186,0.4313630432425234,52.42439370383821,0.022784379509962004,0.10671743837059117,3.884808644588264,0.6948357743197524,0.7292811597525712,4.768256085361788,0.0128165890555419,-0.01311861306934734,0.721792316148419,0.7191887738694438
920.5679339424555,0.6538743915209964,125.47356748413205,0.06221550487452471,0.5959720918712945,6.4615490444738395,0.632327173638103,0.7128885458959167,1.5505168389463155,0.04628321107757345,-0.0480276500144549,0.6945426785126276,0.6977925692302381
1560.5512551976356,0.7846840164905708,196.0486340439591,0.06594150534547757,0.7391722553209937,6.750649524231149,0.5291195276567062,0.6113263477443203,1.3504501500500168,0.055949793792785134,-0.0554873855224652,0.5950610330021838,0.5979500749057174
1726.4169585052969,0.8633197210929799,226.8686590760995,0.030997650274778417,0.8871195950589541,3.8282696198162025,0.5487664238752994,0.5864014720286387,1.2754251417139046,0.026005635671626216,-0.02590839523868215,0.5797640741500778,0.5801974289287644
2181.0323571532267,0.4223178543047841,124.73849286981981,0.03908517237022601,0.431130547033137,7.388370935349634,0.5910471476575928,0.6529608952730689,2.717572524174725,0.04714409844209969,-0.04544909158964122,0.633325241806483,0.6386282257309449
1766.3414399109174,0.9146350141794461,243.11689907539497,0.053953250652302345,0.9493250484924233,6.815045175536048,0.5800413255349726,0.635391124193129,1.183727909303101,0.04139791397109368,-0.042323770375061284,0.633994576187275,0.6359017736846495
2381.9484238184396,0.6721173499442008,207.46329860860843,0.011580412606142712,0.3340119516876071,5.730377522223599,0.5313629804648874,0.5478392231058183,3.1927309103034345,0.01182010616224162,-0.012173160832011436,0.5429990136704625,0.5446863153893429
1501.7633077436888,0.5254382200767769,128.78118000148143,0.04740698360407919,0.10168736308592759,7.09052812801219,0.5723850975551057,0.6429652719581603,3.6262087362454154,0.04944267995727048,-0.04584204320421041,0.6220850693435216,0.626147603265184
436.38024226708734,0.594124271304572,78.49460888382518,0.044032410544218394,0.67366243944657,5.147374642113679,0.5087047164134125,0.5595665317963262,1.5755251750583528,0.023032362438569133,-0.022124376382878397,0.5527371269576309,0.5548766244146084
2191.6295729866356,0.6108580386082652,180.86472193929487,0.015389144077310625,0.7955454128762666,5.96092651269841,0.6298875545538443,0.6517061025581856,1.2837612537512504,0.015857276539619273,-0.01646792081036968,0.6452766986311549,0.6462978432488259
1124.5936041653465,0.5694473563588895,120.77620560794416,0.047543704547114,0.14553497160919296,3.793746585307525,0.6975788347124747,0.7684454072533073,5.693564521507169,0.04331391699660342,-0.04326906008131924,0.7477860295292847,0.75219752436481
1689.261973907382,0.57704074887559,149.99783181272997,0.025565417205831713,0.7706884257102101,3.5617418582371485,0.5324740207692591,0.5726526017567737,2.4341447149049684,0.026384427490471315,-0.026368446369991298,0.5589102160348646,0.5619661249720891
470.83576056228947,0.8563369512482593,117.5193553212291,0.054996717800210225,0.16282548943410757,2.690256892173215,0.6267693734707154,0.6817660912709256,0.0,0.023033368126290733,-0.023177504147196774,0.6817660912709256,0.6841757682828108
1470.6786444931815,0.8173991543346322,198.25450869039628,0.02246272358542834,0.7539291155954504,7.616578803983298,0.6202100629070882,0.6466138550563738,1.3254418139379793,0.018235589573689214,-0.01722027416003328,0.6426727864925166,0.643592769882605
570.7120471426813,0.811589469755696,122.62384202708263,0.03401571784822451,0.1443589717471493,3.814032172114991,0.6811170203900263,0.7172748658049378,4.593197732577526,0.017071681389750504,-0.0169786107909575,0.7151327382382509,0.7169284648434138
1086.7343684223406,0.9781988042279832,203.94770577640222,0.04560615404659542,0.56528019006364,2.031297926389366,0.6274208146577944,0.6790170544180821,5.743581193731244,0.028795907813066682,-0.02864172982701827,0.6730269687043898,0.6776283851953043
358.7532280730086,0.630873573213849,75.57362251016494,0.02822217989606693,0.4531446692463834,5.222464134000805,0.5028928229203946,0.5348041027051892,1.9423141047015673,0.011906818627502156,-0.012241217126511989,0.5311150028164615,0.532312247289545
783.0005998518948,1.0906507408626784,193.01752466710823,0.014017938807439173,0.38745413934163153,3.9285288497878894,0.5758771841865525,0.5898951229939917,0.0,0.006860524461899114,-0.006843533016431042,0.5898951229939917,0.5905297698719978
1743.4742042616288,0.4229694188146682,111.6983421386862,0.0422188540895237,0.6803772101672042,3.9339323499715317,0.6897545161006509,0.76150364869832,2.5591863954651553,0.04980416251009596,-0.04875186393378233,0.737430848235865,0.7429318567223046
2451.2143238624353,0.30770621091876005,96.35114964453976,0.03406739190805671,0.2871748628258278,3.1207375733426908,0.5981959676676559,0.6591625112603519,7.360786928976326,0.04412143778032174,-0.04457232465650614,0.6374540917451029,0.6457280935713116
1453.1850595237095,0.5830868365378393,140.5800504595996,0.029078841116815253,0.3507594168282757,7.952768938044385,0.6847354747980501,0.7246471543821931,2.8676225408469493,0.027047623148642553,-0.028409379766653878,0.7145780151339741,0.7174007546071193
282.1572183744572,0.7908955867965131,84.02233189343674,0.041981432523939106,0.7199326874792458,5.581764233243321,0.6778504800164835,0.7198319125404227,0.0,0.012495601379804936,-0.012795208805775058,0.7198319125404227,0.7210620659789462
260.77195429318004,0.514638120851935,52.56085111813054,0.07898458880429093,0.2640568140915551,2.7640006370398833,0.6457944012001151,0.7477152860887623,4.543181060353452,0.029375266879858423,-0.029121808382655632,0.7330677993559527,0.7286966375895058
1965.8443840419125,0.8050461929071944,225.7487552259481,0.06433370801319478,0.724349414883855,2.814624093735061,0.6216443794957014,0.712309945393201,3.6595531843947984,0.05890719873875226,-0.058719997435014236,0.6859780875088962,0.6963185736830673
1964.504038142878,0.9789649456920211,274.4249537398794,0.027236466987859538,0.2146876848446847,6.686542661495478,0.5513096690071331,0.5835473904261625,3.401133711237079,0.022190654008471658,-0.0215106771180728,0.5785461359949926,0.5810650189892265
176.6307479701296,0.942692207284374,79.23791998906731,0.04541937936676021,0.39396981918557983,2.068574631389295,0.5070654889415895,0.5524848683083498,0.0,0.008229191896191987,-0.008239100597612794,0.5524848683083498,0.5524848683083498
2002.2958493447072,0.6407352964683781,181.33129704714517,0.02048054345075221,0.4226550645241164,2.9918308852251374,0.5225763106360773,0.5539339106294309,5.81027009003001,0.021104459145438872,-0.020957005138162284,0.5435622707632184,0.5475035211863719
763.1387696179447,0.6945576927161577,121.35008369825646,0.024700462546855886,0.4093039731562904,4.867585303738758,0.5840059478366304,0.6145758037940818,3.217739246415472,0.016355069668194985,-0.016575810832904526,0.6087064103834863,0.6106757075819838
408.70671789109514,0.2349790719822994,30.04450603120077,0.012482110886425726,0.41516111622508056,6.312812471223937,0.5262510597458542,0.5500701731304434,3.051017005668556,0.011004430520499677,-0.010590889498374927,0.5450653364544927,0.5403213346373819
1988.7522792746213,0.8441068783824532,238.07718568033738,0.010276044361992783,0.1240730856836606,3.17019929322831,0.511224182210117,0.525134775385758,7.35245081693898,0.009255451874745944,-0.009102545444838728,0.5215002265721098,0.5230135471177284
1375.223452648734,0.2356645353125742,55.27272318898467,0.06618520865967784,0.5436658620512295,6.367726200034865,0.6501405101871682,0.7749315924377326,2.600866955651884,0.0889690751026775,-0.08491065820149879,0.7336079235458661,0.7346936999037912
1316.2334552085586,1.0328265886281196,236.98664239806882,0.07931685416987157,0.42329321741309134,2.755184841495401,0.5726476357295733,0.6616660583650843,4.90163387795932,0.05306913417420642,-0.053125799352235416,0.6519644898994449,0.6590850744978016
636.0493528342482,0.6779051003555752,108.12952734823548,0.03648713208766811,0.5324044728581118,6.579125456456009,0.5548041949083704,0.598185913480202,1.6755585195065024,0.022113595556242493,-0.022237407837528814,0.5912913269960385,0.592943929949652
1389.939339135341,0.5016451243958195,118.2835947507223,0.0649472604884463,0.6755829691669267,2.0510283830636644,0.6320102682210437,0.7422464152011726,6.168722907635879,0.06686221660680464,-0.0672087224784616,0.7045827296423889,0.7138051150004848
508.3888193597976,0.8520264111827354,121.50133460119626,0.049713706679182075,0.4613344099508573,6.164398575243551,0.6713186571737559,0.721032363852938,0.0,0.021633882320901972,-0.022479332425712845,0.721032363852938,0.722609374610994
1968.9849132689756,0.6908413489147169,193.87843857120257,0.06058860241816709,0.4725230989534782,6.734156729378772,0.6658103783245636,0.7494589885004475,2.7342447482494165,0.05994779546195331,-0.057560397761676804,0.7263989807427307,0.7355145487557523
429.505208503357,0.4142282236345517,54.29425764493665,0.02889921161444109,0.24947354708388242,4.355210041384524,0.5386066422899225,0.584287788403717,3.9179726575525176,0.019090157278054735,-0.018860983963309617,0.5729241928756601,0.5699232303478271
1529.2943462238627,0.29145389860785437,72.0850835461384,0.028894340711872947,0.698968581351721,4.391270738800095,0.5842925483706816,0.6382496147155132,2.4674891630543514,0.03625603833218655,-0.03741000473929696,0.6196936844134767,0.6215476278581453
2015.0206071001342,1.086060397961888,308.33563469034584,0.04955474482779491,0.17116045431724697,2.6174178453418158,0.6937001444058832,0.7532207970199207,8.73624541513838,0.038555922088951707,-0.038206409614193734,0.7432548892336781,0.7491491023564083
1730.1637905963319,0.8772222065004376,230.77205751235482,0.0573034630379879,0.261655841525638,4.690172964948572,0.6596160875238731,0.7311547555785634,4.751583861287096,0.04799603745224757,-0.047194308080606415,0.7169195505618611,0.7226976450496398
2179.2711110609757,0.4136019632717349,122.11477627667156,0.05171732535836745,0.24139171246460805,7.74966123873051,0.5504408577984975,0.63200700078357,3.101033677892631,0.06276130277359439,-0.05924377936668348,0.6061695295620665,0.6117464568158103
1843.924308649352,0.408001649804169,110.80604649297042,0.053123776001497924,0.6933378763203908,3.9705686207285162,0.6637667730852101,0.7548407609614831,2.5175058352784263,0.06387313417048715,-0.06282654573561776,0.7239274664995898,0.7313004957162437
2224.890155793881,0.9695629372285957,289.2412891879659,0.033155875362530215,0.7699062331113886,5.356944529215345,0.6185256648984023,0.6590462854644064,1.342114038012671,0.02818794354711199,-0.028492987226500257,0.6516815402609325,0.6525931473351193
1245.8202046203085,0.7402350331719845,165.24461507717092,0.0194957910625025,0.46796250980570975,3.066030571927676,0.5560211061942851,0.5823417286472814,4.543181060353452,0.01570244917985924,-0.015927743940291346,0.5755168972567877,0.5780487780863685
406.75488621312104,0.39124604469981805,49.90526258921623,0.06473504790514012,0.5948528159599032,2.14185871107341,0.6577048967604231,0.7703211739510808,3.184394798266089,0.04151490217936261,-0.04198267761553084,0.7435710657810662,0.7283947670584712
2282.7241502307775,0.992386348204374,299.87308921171257,0.06761118180113253,0.9929947985208432,5.518411733227598,0.692517525702981,0.7636559742707139,1.1587195731910638,0.055590902857966966,-0.05481824354415132,0.7601287075041135,0.7619519762574289
2377.226158003426,0.4819148574530954,148.60573213529412,0.07044036292391095,0.8132253990028995,6.654792664406513,0.6792561542583844,0.783633068973808,1.2337445815271757,0.08110835122527946,-0.081565447205169,0.7523394107007542,0.7564044723215592
1022.0560238087385,0.5600494692986437,113.23840324018009,0.054803661644254556,0.7640240840329079,7.278422615945687,0.6751690641318564,0.7483064665380067,1.3337779259753253,0.04780411978132129,-0.04587169748979498,0.7299727257761109,0.7335980732117449
1831.2150985270237,1.0612035000393705,287.2092015266256,0.022504003326236963,0.9553058624620776,2.3851488922017294,0.6111243762383837,0.636378556623866,2.2257419139713237,0.01694142467497566,-0.016971820256210513,0.6336283795646206,0.6336283795646206
316.4726968194934,0.711200877678323,80.01849954868733,0.03730767987190037,0.17344848835214818,5.88870083014513,0.6462395999245684,0.6838020200032696,2.600866955651884,0.012987533041541804,-0.013539198813209986,0.6835472797964688,0.6848594756174221
518.0449926879551,0.8249930473778921,118.75831427753045,0.022533328440341303,0.22365680438374885,2.8841795991484744,0.619815693790867,0.6433052239982298,4.643214404801601,0.010387869188548116,-0.010425949192196677,0.6423490222312083,0.6434937155903353
1969.0979395038476,0.7372043313264323,206.8957324303512,0.06665460171127716,0.6323296069633323,6.7839274840909205,0.69530450022666,0.7842231351395275,1.4504834944981662,0.06136340089338642,-0.06400158171094435,0.7619591019379371,0.7682342275451096
1038.303539123739,0.3349479592342053,68.26050531180233,0.019477776819347037,0.6377298369909382,5.282618395132052,0.5368470757084062,0.5722419086149302,2.5508502834278093,0.02242653726960772,-0.021816214957861315,0.5606601110636459,0.5600274984978487
2217.0519104024165,1.0610735316087698,315.9827742937212,0.027725095017231118,0.28619463781096033,3.2835311138452834,0.5774843059382719,0.6115355131813108,6.3437812604201405,0.022632732199157297,-0.022577819957399024,0.605209400955503,0.6086801487041515
2147.745220717471,0.7363645489470061,215.83121137269396,0.014728740221286896,0.5256811766548605,2.5419900981685553,0.581242822801688,0.6029693327118193,6.585528509503168,0.014475810765434794,-0.014338556192153845,0.5959715630229749,0.5990500184475691
1068.4483415279608,0.7835173991386812,161.9777661782887,0.04846177768741708,0.8872793041051774,2.097651095992834,0.6547997644189298,0.7155338591507193,2.3924641547182395,0.03501937954544704,-0.03516309588854477,0.703261542106347,0.703261542106347
154.38001829402018,0.47386084562872943,37.23714404906906,0.07157641967256945,0.7213727545094095,3.0319800701968598,0.5981569088223886,0.669733328494958,0.0,0.017193978353004208,-0.016405333810114123,0.669733328494958,0.672497126028648
1832.570034347166,1.0436089892055767,282.5518123811186,0.05440248394527427,0.12220787028963456,4.998211158177702,0.5305923278341655,0.593128365553535,4.143047682560854,0.041847215374230744,-0.040457267346061566,0.5849948117794398,0.5896148024296575
214.67092113981118,0.7386595712134258,68.4480271517411,0.06438453317572972,0.1324544999467639,6.701535625793117,0.6412775759623017,0.7056621091380314,0.0,0.01652850910978609,-0.015644642394516194,0.7056621091380314,0.7075543435232501
1904.7685316040672,0.42025553544413047,116.00175024305173,0.03755168188454004,0.20777574448649708,3.433345701406799,0.5605579342954861,0.6247353893644528,6.593864621540514,0.04446008708529017,-0.04480287494661123,0.6026196149152843,0.6088103562720677
866.6479348882867,0.3575358992871307,66.56884221796294,0.023209825864980035,0.9113233598129441,6.703361688893635,0.5688955406982874,0.6026565875154213,1.2170723574524842,0.021850669957994187,-0.022952450095009402,0.5923988223777997,0.5947154914588781
2374.3444947543057,0.41503044151309154,127.90331881225269,0.03847743174150355,0.8321727802911135,4.65731822122176,0.5469250645816292,0.609623910929717,2.209069689896632,0.04725193738970941,-0.046192200450350114,0.588548639710571,0.5932283584106789
984.4851222915721,0.6506489651372135,129.1163729770896,0.05344510685622362,0.4650458496233709,4.587825986719846,0.552788722560285,0.6254747731132386,3.0760253417805936,0.04184450157597222,-0.04277751619571775,0.6067636865552579,0.6125152317586183
1384.8335162017881,0.3975106103925918,93.55726211448311,0.07072683526756532,0.7726303632396713,4.461673930485104,0.6494455694065695,0.770434776248837,2.3591197065688565,0.08154395616553058,-0.07903830228812248,0.7296260567786107,0.7312799982050556
116.79026034249524,0.510040300378157,34.86083632402095,0.0408210803702752,0.5228186567911276,6.492388866262033,0.6925614855123428,0.733382565882618,0.0,0.007467655926327501,-0.006637364679640998,0.733382565882618,0.7346922522122953
1011.9931130627273,0.5155398645750873,103.72442292347415,0.052736065860627734,0.353128252772421,2.8481020028911352,0.6923081740984397,0.7766602711882967,6.3104368122707575,0.048837310220596765,-0.04835218244750805,0.7506680955264419,0.7537727562991773
2042.871896341653,1.0626495977217152,303.7670368248293,0.025248301507874167,0.11602829347270353,4.6235694544286385,0.6867217925983162,0.7162373874511635,5.385128376125375,0.019822449005674102,-0.019888588969961138,0.7119700941061904,0.714189131378515
431.9808132922214,0.3054669705511386,40.15378436419382,0.014826694897208944,0.7885161990387772,6.715559203001233,0.6390752111326927,0.6612722904171946,1.4004668222740915,0.010355774226314639,-0.011137483922719842,0.6543786567456796,0.6554230549498398
227.9004282936066,0.8509595022336836,81.24777163871603,0.041404016592318106,0.24210497974294448,3.7707560629076124,0.6002293679865922,0.6416333845789103,0.0,0.0098956239456803,-0.0100115646138427,0.6416333845789103,0.6426717859979483
891.1635334472345,1.0727743040674333,202.5429175217605,0.04323192191950396,0.43493545922692933,6.03899257380822,0.6301090113711829,0.6733409332906869,0.0,0.02305124927374976,-0.022583962608520226,0.6733409332906869,0.674423675863504
105.85427297264181,0.7566263284706687,49.23405902213641,0.02706382823383236,0.4377102774291295,6.238093344409066,0.6114772442021391,0.6385410724359715,0.0,0.0034943743948822846,-0.0035141323429538312,0.6385410724359715,0.63910397356055
984.7723459722326,0.35066931665341167,69.5978277581445,0.04538375310734273,0.38742942115648293,7.477566850448451,0.6068693280578101,0.6829288097853955,2.8509503167722574,0.04703373214991996,-0.05004365439406254,0.6607763406207134,0.6594458758428371
2178.31358600899,0.5511629256351602,162.693496377946,0.06792060146515724,0.15088321195487078,3.7887141534080895,0.5156351866089399,0.6224766303060303,6.643881293764588,0.07548838918715235,-0.07536913261809011,0.5870652842816079,0.5992874510439004
175.96043371569738,1.0269760207908072,86.15843679232611,0.0601808121079776,0.6625990580216236,5.194956856470998,0.6139108072433683,0.674091619351346,0.0,0.010593097077103656,-0.010449337298414206,0.674091619351346,0.6751739538460582
1632.8569153274884,0.9439218152660931,241.23486974597756,0.051782198905686985,0.7737226867997942,3.6858683109784094,0.6953523475632943,0.7584607848645214,2.45081693897966,0.03998871394679111,-0.04064011111937254,0.7471345464689814,0.7480056614230863
176.55330024886942,0.547918935749584,46.04518533342976,0.07174346860525928,0.26247066641757116,2.848028557601948,0.5730861533799827,0.656312585589209,2.9009669889963323,0.017682271531499604,-0.01751304635519029,0.6478366737097888,0.6474384445633584
1127.667281240386,1.0400546545955551,220.8903012567435,0.06852836742961747,0.5176806739214628,7.837850605289618,0.6284556808318128,0.6977356125442447,1.6255418472824277,0.04149706527311829,-0.0416129953353149,0.6969840482614302,0.6988604750389023
2196.780956756539,0.42145128243814295,124.93115437883716,0.0442274852009988,0.12674549202078997,2.053281159598693,0.6410906441878929,0.7187866916314157,12.104034678226077,0.05340960849052468,-0.05302760358828637,0.6907104355294663,0.7005515325177176
383.9046939174417,0.693027413399736,85.88001678755515,0.0587205237547014,0.12901112760667535,4.692448394874092,0.6368303873971679,0.7002900240790894,2.950983661220407,0.025072987213825466,-0.0245854171890898,0.6955509111518693,0.6977846127705454
2235.35437085164,0.46930709054149083,140.33315922786733,0.07819515707790312,0.8600873496937277,5.903810432491126,0.5783851014492263,0.6944872392431961,1.2087362454151385,0.08964657859018835,-0.0906634672709129,0.6595815006064784,0.6640566622952703
1806.6649028787965,0.9345739421633181,251.23634545029716,0.03123099124205901,0.9935470584163264,7.451716218527833,0.5971002880685845,0.6283312793106435,0.0,0.02239789028216965,-0.024055689477090234,0.6283312793106435,0.6294012979667933
1834.7917978609485,0.6716080051569038,181.94463526104497,0.06326513865379184,0.8442839834901832,2.139335330942255,0.5158264059401299,0.6132223070812138,3.442814271423808,0.061673737312403845,-0.06161194012177836,0.5790915445939216,0.5892143957508582
907.5217981041449,1.0258522693691148,195.45345502555497,0.03787915082003728,0.8987609936817318,4.774603475790517,0.5577705840623146,0.5956497348823518,0.0,0.02088673330543211,-0.02030411393101174,0.5956497348823518,0.5966538689659805
2261.5484393499883,0.70460369202681,211.92288484450063,0.03523390065210289,0.13996630326503512,2.6655987946893434,0.5278620655283061,0.5806070667306646,8.844614871623875,0.03589936354644464,-0.03553051836007719,0.5632521831442919,0.5704742628530682
975.6070969854551,0.7465996601699096,147.48751524401663,0.03153130800953509,0.1589748703883202,3.5888524239040027,0.581736330179922,0.621764075142253,5.785261753917973,0.022931479086084852,-0.022675254851027987,0.6132676381894571,0.6162836049299827
2481.4478288135897,0.5536882142758448,174.44071148689818,0.01624367931232108,0.6230033330265401,7.517840435757738,0.65733913977235,0.6808146020017581,1.4088029343114372,0.017303548078008563,-0.01847913191211063,0.6741092354900117,0.6764654060285629
2106.9239420493677,1.0354086164920975,300.58423538310063,0.054558045236987665,0.9954304575881489,2.199689419277905,0.6669679352287124,0.7299469630274242,2.1673891297099033,0.043799195918351554,-0.04392010826490419,0.7215259804657002,0.7215259804657002
2156.825606853428,1.0250303516857686,301.07468209320507,0.04347186203450944,0.80898033125854,3.170482394727079,0.6206260450356429,0.6753556891065128,2.409136378792931,0.03595194303336762,-0.03557118392772731,0.6640979070701524,0.6656980967436017
960.7483656723074,0.7365562855957781,144.39121235040017,0.057289235501081025,0.412361800071561,3.297429795817232,0.564337581771867,0.6381821078414808,4.7099033011003675,0.041733705306553154,-0.04097080993564383,0.621626817272948,0.6273558848889471
1693.4973882578622,0.8091868103055295,210.6061535869455,0.061892185521686925,0.2138829477154354,6.9111043415267694,0.6376295603081911,0.7157591246775834,3.3594531510503503,0.05373323529924968,-0.05049446697591339,0.699521745829878,0.7058155102571136
173.21218405753402,0.5020380644915458,41.788411354754054,0.042669787913453404,0.42455574134813334,2.704501329250479,0.5414692569010013,0.5933506969085706,2.334111370456819,0.01078845604162619,-0.010876155142254556,0.5862381194051951,0.5858030488846869
158.94734778431808,0.28376944521730657,22.62675475039351,0.028641008240718135,0.8379732390721576,5.159825059623202,0.5848995781382211,0.6135405863789393,0.0,0.008623313578657041,-0.00871718048019115,0.6135405863789393,0.6152062540771916
1689.1910655005177,0.6873595042925047,178.67069454915793,0.019205974872893838,0.3003610274417706,3.3351341659436455,0.6199905025224683,0.6478736445874991,6.218739579859954,0.01803566492336925,-0.018305262741536776,0.6393043981591304,0.6423802237987899
1207.8984788544315,0.5488265563047684,120.63694494699725,0.04896474210172516,0.9731042072043015,3.8851607363352607,0.6040390867267035,0.6687413561346136,1.2004001333777927,0.04536546972870473,-0.044713050975914104,0.6530038288284287,0.6561329014400695
1252.8880375458775,0.8449787285712604,189.16113151079895,0.06112031875880413,0.7561636492717365,3.209117479632469,0.5898186272722376,0.6664912511312439,2.5425141713904638,0.04598143021680755,-0.0454878699754555,0.6509389460310416,0.652669705914136
2046.81925846993,0.5433771534865794,155.47877754874787,0.07889785821029502,0.42830806761297924,4.98600096405181,0.5949051189605093,0.7155478544957294,4.05135045015005,0.0875054805216416,-0.08551371947734374,0.6777681112888118,0.6897263229575538
1140.793125926182,0.9610682314876595,205.2993929283495,0.02086926662836095,0.6108982357725847,5.7116094641325414,0.6702442616138742,0.693118422331693,1.567189063021007,0.013640313110018159,-0.01367128511105379,0.6911135282422352,0.6917571870735202
1562.0803838226602,1.0640183130090028,265.9688575100795,0.07105173985826503,0.41386595351745836,7.159438671745007,0.6916955628186912,0.768252405532842,1.7922640880293432,0.04909005809212133,-0.049675843595449146,0.7627473026769562,0.766404853950337
717.2732342190071,0.7491879259979677,126.9004253492329,0.029726273863949493,0.6846105511739958,2.5618568272821314,0.6468376043738114,0.6830729083909578,2.8176058686228744,0.018059428268431748,-0.018035427404283023,0.676563878237761,0.6775637376906815
1107.5675886288227,0.7285764608087932,153.35228465943945,0.01181036817664487,0.7258973096892954,4.9759481248114605,0.6250502015375684,0.6400160770729203,1.4338112704234747,0.009148735674747872,-0.009244515463131962,0.6368605697142132,0.6374072705535015
857.6031337028178,0.331238156079273,61.349854019109834,0.04048002593972994,0.9495812091577269,3.366764159922832,0.6351678024070503,0.7000391640706326,1.2420806935645217,0.04211298826027904,-0.041808961795953406,0.6801420356833202,0.6804962896527177
219.62450568289933,0.8462898067402356,79.32124171780772,0.02669060307610452,0.5063653542063993,4.206518603568645,0.522568068663471,0.5492586717395755,0.0,0.006244833021020599,-0.006267636374299296,0.5492586717395755,0.5499121434893213
929.3966860282617,0.515112462463867,99.31906276543927,0.046547394732082616,0.9751163796459886,4.820105135063782,0.6828852311265268,0.7410412158109061,1.2087362454151385,0.03904639172155817,-0.039356234015404716,0.7294326258586094,0.7327848890217136
1207.738380550133,0.29678897078744554,65.2325246960078,0.026110702669315818,0.4667659084518403,3.952212637821108,0.6731658575064983,0.7229628285743535,4.201400466822275,0.031827189584244193,-0.03251814358677071,0.7060395740753397,0.7065802941825428
1728.7494452717233,0.7204776067268062,189.4595535279185,0.04438606858656834,0.4575435564601602,5.673154638992068,0.5249214330888762,0.5857672273405555,2.9009669889963323,0.04076205461182921,-0.041301209027805263,0.5693075016754445,0.5756750979545984
490.07965172057357,0.47280471805703,66.19804026783761,0.021982923152275208,0.709388847122335,2.148609928437472,0.5320354983333501,0.5663372904774401,2.842614204734912,0.014252755565631034,-0.014237428082998497,0.5567304627770429,0.5542820418185135
2266.259462797128,1.0977888333998784,330.52447173558375,0.04413133344796652,0.5458330657195825,6.640392573424629,0.507237915524115,0.5580902281485943,1.5838612870956987,0.035127611987976815,-0.03486408667610352,0.5513692489720815,0.5546400853913324
1124.8515565623475,0.2898450936334639,61.48137273407295,0.03806484678595402,0.9854396570159873,6.5217996848201665,0.6970091751370435,0.7542057008164588,1.1337112370790263,0.041451042821455966,-0.043342355897975686,0.7381413814771106,0.7409892082223337
1890.516701609444,0.7472990646259297,205.50135677613298,0.06279545830490704,0.6931825056738862,4.78439617941145,0.558509266801042,0.645633011743734,2.4841613871290433,0.05911251932220256,-0.05885627207550595,0.621304725105949,0.6289114480298392
1348.4273424024518,0.4326441265112875,100.47883314382905,0.04406734425095018,0.2315218653289774,5.392370593820245,0.549056738162421,0.6194807524079555,4.601533844614872,0.047792514280268365,-0.04854112727976974,0.5987016424511639,0.6009496623021383
804.6594494597672,0.6491253276041496,116.45673455354283,0.02137683771151065,0.9661418952723272,4.681665892357257,0.5704558459253501,0.5930473970860327,1.2420806935645217,0.014570376165702625,-0.014810040562956183,0.5918326836368608,0.5929253698031889
170.07185222219422,0.9589289268010097,79.09201427719951,0.05380837407144691,0.4747646393571675,3.4731967960308543,0.649027483735077,0.7028358578065239,0.0,0.009394114547727997,-0.009465844255083856,0.7028358578065239,0.7038758052178984
2369.1389817800014,0.5427287350868182,167.0736963813054,0.019441324786546192,0.19827527254546362,2.0381718340033155,0.6487910881543444,0.6809786581333854,11.537179059686563,0.02190073507793885,-0.02196040386591297,0.6694951124429874,0.6739921341572882
2455.3489261640093,1.0935359774782116,342.70440010467684,0.06489380780400479,0.24596540046643922,7.866256735478729,0.5655626886003902,0.6382307040853208,3.1177059019673226,0.052517581836002754,-0.05226114165865285,0.6304564964043949,0.6359521601925893
900.6870627821048,0.8186032576031952,155.3783218537569,0.013433443095211597,0.8431927569168033,7.983783658926464,0.6550139556179835,0.668447398713195,0.0,0.007964821814089498,-0.008549641603751292,0.668447398713195,0.6689536152819243
1976.0235788975997,0.5512823035098959,154.98872603703353,0.014614497231095985,0.813400690810981,5.582948521428803,0.6818677378244169,0.7031016642012363,1.2754251417139046,0.015287936714360585,-0.015933136306548988,0.6966316596070934,0.6975855217699138
378.3109604003981,0.47461075678469755,58.38375648498808,0.035245930760637055,0.7149517376902222,6.72647097861893,0.692204081716884,0.7328566991535058,1.492164054684895,0.01773093934821335,-0.01908558150434855,0.7274500124775211,0.7296028705220203
808.9771799779706,0.6442727677078226,115.89585560445435,0.012027265105690889,0.3276890902979991,4.244021048717842,0.6187612413050896,0.6346085292461418,3.601200400133378,0.008796202800254234,-0.008581178535962372,0.6309151831223138,0.6319019918592892
1230.0291846380178,0.5280275537992977,117.12356672710912,0.05368545765705392,0.8457541094053003,3.4500867979087353,0.5685751758520825,0.6506475265276774,2.334111370456819,0.05254367774277269,-0.05193010411384235,0.623403441034402,0.6249986389858339
1791.8167592488478,0.9001465388826773,240.9849987824931,0.06777778102142532,0.28839809700732577,5.235601767466494,0.6800022197050568,0.7639595334513963,3.4678226075358456,0.056120002333935375,-0.0560802220962747,0.7477800007264821,0.7547416274319153
1040.68109221958,0.5868947811994002,119.74270795441583,0.078937606073048,0.20174738142925489,6.233611936769816,0.6700368254081783,0.7805751179963367,3.5428476158719575,0.06870484868924921,-0.0660098074891382,0.7513618450145523,0.7571927585275151
461.90443992164177,0.8430079124065137,114.58762416711879,0.04288167554073096,0.8676017962071789,7.444713901015437,0.6744969806309147,0.7173786561716456,0.0,0.017482942249432774,-0.01750087351359069,0.7173786561716456,0.7187290121906811
254.52433018963063,0.8811697491334769,88.91074033875994,0.07450693024900806,0.6592135966038378,5.605256362870941,0.5090010774796222,0.5835080077286303,0.0,0.019398239248927605,-0.019310073431910324,0.5835080077286303,0.5853432063852504
2154.4792532942524,0.2417632047462454,70.97270497663335,0.03194567244692718,0.9332767587584939,7.698470856377073,0.6983801080951845,0.7473299642408011,1.108702900966989,0.04115231307274198,-0.04032528878951386,0.7362683359588298,0.7376010617301074
1243.3654854709268,0.3596865917429098,80.21464173560194,0.04415611407803587,0.1920816325747443,7.235216653819819,0.612107446653301,0.6861236545743838,3.334444814938313,0.05121602708415683,-0.04843451974671498,0.662884258136891,0.6632738425139391
1070.8141580002125,0.271577632232724,56.205788597044844,0.038366847377164136,0.879572447551098,6.220435594863276,0.5164911035021933,0.580399097509205,1.2170723574524842,0.04588596155950273,-0.043862461336724834,0.5616561017289539,0.5611943384288476
483.777279342822,0.5530776416367542,76.93763492288997,0.017096255788014308,0.9406370727939438,5.913752267785255,0.518964600260789,0.5360608560488034,0.0,0.00947775913067567,-0.00943147260651645,0.5360608560488034,0.5370049991085905
1991.3379097131058,0.5315653357147486,150.02344313565388,0.02714094511872546,0.612986447745722,2.080232798723248,0.593079532020851,0.6384364634466957,7.460820273424475,0.02978591615821445,-0.029828357671726823,0.6224011824744677,0.6281428397251931
2125.131983428407,1.0352518363870116,301.8345558638239,0.03397882930915078,0.6781929293485399,3.360940630213001,0.6120426141969418,0.6544052700891423,2.6675558519506506,0.027490616909020073,-0.027805763922677727,0.6460214435060926,0.650166092983514
709.6665427676537,0.7142208577647078,120.33437041113591,0.022020548210526167,0.9471093010846691,7.32150485844375,0.567383649889768,0.5894041981002941,0.0,0.012854392341661231,-0.013036361841173748,0.5894041981002941,0.5903689569818094
1963.9909334198624,0.28595371765897515,80.14851536612413,0.061825263609379684,0.3542132166514338,2.813850612055174,0.6356382435807227,0.7514251457999748,7.269089696565522,0.08107819036902783,-0.08082286385435328,0.7095201171363517,0.7220302916431154
1227.5363627665342,0.6771256415573996,150.04324174582547,0.046437084889654465,0.1535031838954176,2.308281494556062,0.6202335007896194,0.6867348117485162,9.353117705901967,0.03919128123730866,-0.03969158403263259,0.6671446182328775,0.6736900661258653
1597.2751416529998,0.24245710086360317,61.285081774322364,0.03649075323214725,0.6515661516043847,5.940083934518458,0.6656551518553102,0.7333827876620815,2.425808602867623,0.04928726148568181,-0.047659388063260005,0.7102071410909532,0.7129143918931493
1109.7574806325142,0.693432003032272,146.0992267743571,0.05049922629261721,0.38084075497028713,2.3229524146496696,0.500845185241021,0.5714103938902684,7.685895298432811,0.04053385727835367,-0.040604484186999946,0.551534643230515,0.5584268348450417
2106.7009986844596,0.3802086402701478,110.37060629390525,0.0541178264911395,0.6193427307795276,4.397798460443114,0.6666986617401267,0.7585154332053453,3.601200400133378,0.06744236435971131,-0.06585881276738373,0.7280319739922765,0.7374006481480816
1776.1638296641097,0.22046731709525566,58.76459178833791,0.06436858513496793,0.5562989362015861,4.082115734497081,0.6453769313023355,0.7685296554213071,3.83461153717906,0.0871134955336404,-0.08869431956872274,0.7253790078773872,0.7342667505734036
1746.5575111510466,0.47952941408205424,126.74670933660552,0.0788127210048517,0.683837638040578,5.6346782747233615,0.5139760726963544,0.6386901010186828,2.417472490830277,0.08875087795625398,-0.0867296805371225,0.5990618708593498,0.6072163718010783
770.3650728273699,0.6022766020937974,105.72416878680143,0.05414379930167735,0.56148726765734,6.578197600828347,0.5525135424935803,0.6238272938068404,1.608869623207736,0.03922177327765553,-0.04011967473105945,0.6066573417952577,0.6096745644559239
1785.1767886779623,0.9349373422020464,249.83490675080387,0.06355349829080674,0.7937619261292301,7.331042343572992,0.516835708496098,0.5884662166356829,1.2920973657885964,0.051077181491474596,-0.04838250527108781,0.5803892067869046,0.5825576073844417
1773.2597712978472,1.071810381004815,285.45268709243464,0.05015554549121768,0.29558468078595335,7.9925228346452775,0.5349354585642958,0.5892019227138701,1.9589863287762588,0.03533401517695256,-0.036851029110160825,0.5850910040555135,0.5879206010500271
905.3384736996624,0.35485596957545107,67.52857722975531,0.04251590081250478,0.47698840864986247,4.947445379063437,0.6855966800110859,0.7609761691724111,2.9593197732577528,0.04480201140540373,-0.04570575128755324,0.738057569240531,0.7361893537019953
1247.9785260021401,0.6631636935922798,148.16795733076145,0.07206774741429277,0.8359821946133491,3.4383321873526653,0.50258519104577,0.6014320769443597,2.3591197065688565,0.06264617166287913,-0.06228526302771273,0.5746529384600628,0.5769554574648337
1610.7990212849227,0.9603648414537682,243.7737434623564,0.04869950788272801,0.29005922801156064,6.448130544051841,0.633907856522254,0.6899779204253706,3.2427475825275094,0.03731718141678203,-0.03606268045634163,0.682607364404982,0.6866701350368506
1456.0780897805269,0.9770025566188856,235.78600781232376,0.0648969647057323,0.7011568822805023,5.9885520141393105,0.6324405268596549,0.7054791854847796,1.4338112704234747,0.045432475571024776,-0.047392747029873845,0.6973374915653872,0.6993386218470592
1360.3953877997535,0.6175294801794624,144.05232303940483,0.059672032164910384,0.649445033323208,4.939883373803259,0.5253322707822083,0.6118431048356079,2.5675225075025008,0.056076588167420664,-0.05496846330679646,0.5858951336269089,0.5923988828083732
1784.6290927675973,0.781398713520169,208.7741248180469,0.03395738981814525,0.42069084959356906,3.480334304811514,0.6923830512730037,0.7390141997060238,4.559853284428143,0.03067798539556516,-0.030566588572437787,0.7263404410911489,0.731616854042566
2164.4832708849344,0.7049441264709952,207.4253391318668,0.038115720259096,0.763142737326781,5.1663690567559835,0.6951702067830228,0.747980315592391,2.325775258419473,0.03833416184896288,-0.0378647612929678,0.7332859270421188,0.7367620154646419
232.29427341317094,0.23085716064812764,22.25320646594676,0.04980277125813614,0.2829513004200161,5.625824981301155,0.6562846057094355,0.7505755198622889,2.3091030343447816,0.028707882447118572,-0.026367510605430588,0.735892891891671,0.7105949141303224
431.46342684369483,0.5965474017705752,78.36947698153025,0.058206695841454874,0.8504772136056741,4.978064540218144,0.5412307173812043,0.5994374132226592,0.0,0.028175918166491502,-0.029483218695077303,0.5994374132226592,0.602250433294053
1505.918213405519,0.6090653618524997,149.48395855039934,0.06403477989031402,0.6000184577826532,3.6765370698225848,0.6508785839442376,0.7471900271681438,3.859619873291097,0.061941195812513485,-0.06253227300973711,0.7175821508279948,0.7270320857678335
1342.5928311087032,0.35979189705049475,83.37839596319374,0.04941506261993962,0.9534880538612855,6.233097565626417,0.5597606722915958,0.6326949874765725,1.1587195731910638,0.054968430906248256,-0.05450375798991789,0.6116202912249646,0.6153231890218053
1806.0956207028594,0.45434567990196106,122.11999234924616,0.04798821862788834,0.5739361874087975,3.4843452734708222,0.5695762399759636,0.6504361128029316,3.951317105701901,0.05543812208730999,-0.05475963473053291,0.6228633520101191,0.6305776352446196
2361.2354914865095,0.4255386827738903,130.77920464396797,0.06607189305416901,0.700633522010926,5.195774795154587,0.5275029738930327,0.6370050494719306,2.3924641547182395,0.08061853335667536,-0.0797596683525184,0.5995430984625029,0.610865510252258
590.9698064953068,0.3610798612313636,55.515711335644546,0.051075598128162675,0.9760448770466302,7.263435576649968,0.5050503765859155,0.565513345266074,1.2087362454151385,0.03991411722526593,-0.03905340986184601,0.5561259747140781,0.561148569930835
756.9438987096316,0.34153171304332,59.42824135506859,0.07829744893285312,0.3120492111380335,3.2078791102327635,0.6241750587164518,0.7716737541904704,6.2937645881960655,0.08055756303326199,-0.07842273152873218,0.7268715596749572,0.7175966216653413
1434.8478005794875,0.4032663354031114,96.61062296519852,0.05692554051760696,0.18730649016522022,2.1162143961853532,0.5164829581412693,0.6186265414981993,10.453484494831612,0.0647221255399452,-0.06539019272416687,0.5833551971500972,0.5902920219473858
975.6837423418543,1.0775146950873358,212.86670204247997,0.04830728991665548,0.7792534927139204,3.928974513389356,0.6438678130966657,0.6921751030133212,0.0,0.027098497018860954,-0.026615638527231436,0.6921751030133212,0.6930737601030146
2418.834875493658,0.5219848012538479,162.36445693958927,0.07993416043145175,0.6745689559284995,6.491548474788343,0.55043344776963,0.6705952844555723,2.3507835945315105,0.09073906932632034,-0.09176361940094459,0.6341450695008316,0.6460670149638476
1643.41784602538,0.6599056263161487,169.1943382554567,0.07694818518342052,0.914207543010564,4.380035593550463,0.6893739503076466,0.7908204330610302,1.2337445815271757,0.07183579496472547,-0.07301570837097959,0.7663221354910671,0.7701395817486513
2223.5501266000233,0.7313454653322253,218.11022752150183,0.01574825361526782,0.24471121659358397,2.4612454680428013,0.5215986229298122,0.5448289334878302,8.394464821607203,0.015611274224470957,-0.01566649081465303,0.53734687654508,0.5406593883632568
2444.6856985433865,0.3909505692945371,122.25407991344403,0.058359820763846416,0.6728754319144927,5.786869189118023,0.5413407999192059,0.6380719468746225,2.3924641547182395,0.07328403238344688,-0.07007338997578401,0.6054540432864711,0.6156468253708627
1490.431826523063,0.7629845146264564,186.29524808270452,0.04992837216515778,0.2675462205481108,6.338363582448253,0.5146486323833022,0.5790467309324118,3.3177725908636213,0.042675694754254916,-0.041789915450490614,0.5645770045484599,0.5697726144897356
1518.8800283670926,0.5926333991611821,146.07565923365394,0.02752006151931516,0.8266500901235249,3.055355400033103,0.6865963519795901,0.7291796693406996,2.375791930643548,0.02720635754405845,-0.02708317163722247,0.7143666281655006,0.7165861638229207
2222.956067970849,0.5245287924458748,156.4100907787831,0.03136070516010153,0.2237380150770119,7.497966895603735,0.6255063717646544,0.6725575209175818,3.1927309103034345,0.035579350456019114,-0.03314304654618961,0.6581285188237296,0.6619864289230417
176.2805971441676,0.6598994731054495,55.41279211709514,0.016005926348057083,0.6163756164575576,5.053770309924875,0.5165692091005444,0.5325751354486015,0.0,0.0035248849308064517,-0.0036126367101461465,0.5325751354486015,0.5330621703493064
2058.065423480255,0.43608545944964994,125.12128326153349,0.04790390549166893,0.6751349889674809,7.773827201450999,0.5987623385759692,0.6715989305421411,1.342114038012671,0.055248915330570844,-0.05646535016738511,0.650435661876392,0.6543384361913229
2301.5578534910164,0.5193716072129291,157.586550031282,0.07002060411549965,0.31224360425627506,6.244878574612507,0.5177223987509993,0.6240041634133793,3.1510503501167055,0.07742308939979235,-0.0803557743640297,0.5910012055279287,0.6002452308272777
2466.5208560407823,1.0585427598761314,332.49169178975154,0.04095495469621644,0.5715416961912282,5.586649173908133,0.555007511937934,0.6046097217993022,2.6592197399133046,0.034546524876676005,-0.03427957621490346,0.5959624666341504,0.6005645292966699
1718.7314444923902,0.8287057519440646,217.28730837314112,0.0467553544627693,0.23296662323669595,7.5151156633496,0.523009016469123,0.5802151323423133,3.2094031343781264,0.03975247814535872,-0.038994385335063636,0.5697643709318924,0.5742008842351485
1610.0132049052274,0.2927797369487796,74.29947258393969,0.020227049639304585,0.1184844826259461,4.180184503140557,0.6279165128844075,0.6643167487508647,6.518839613204402,0.026005756229211485,-0.025994150553441776,0.6524663721192953,0.6543121968886116
1351.706127358893,0.8070852361236374,187.66813573543908,0.05725132026096671,0.2261563695948148,2.3440244205302934,0.625071628086934,0.7008837361767428,8.73624541513838,0.045361614893631726,-0.04573393628541725,0.6823229483479006,0.6900098545681023
1667.7383319405824,0.7010333616275342,181.06421966121638,0.02720337264268495,0.8296886952840286,2.4541160929775425,0.6264623578642718,0.6667959711147678,2.425808602867623,0.02535077591543113,-0.02520879248074063,0.6536657305069568,0.6561941973023271
388.98768611049314,0.7890029447899067,98.41845577473126,0.039240805147644754,0.7462927498939043,2.3131532148616083,0.6110165976960735,0.6502574028437182,0.0,0.01505406018305758,-0.014983622694636465,0.6502574028437182,0.6504529060554021
447.7069573121911,0.8141434684494264,108.95015699121363,0.01839689419181777,0.16622499065673324,6.278736789101675,0.5127063869136564,0.5311032811054742,0.0,0.007625317648498298,-0.007870003852637256,0.5311032811054742,0.5316965419375206
638.8739630356386,0.942261677413105,150.6291823124881,0.06667818154657584,0.8687131820026984,3.9565993375322823,0.6056096057500419,0.6722877872966178,0.0,0.031976462880180676,-0.03178181472653538,0.6722877872966178,0.6741522534243026
1956.0336462547648,0.32328696350997244,90.42871265191127,0.06070736154510028,0.18773771445518916,7.479503651761206,0.6274620365023251,0.7281324637691748,3.267755918639547,0.07765009635394905,-0.0724278520588743,0.696834973859775,0.6998164394945032
1283.932750455414,0.636256329200448,144.18937178804626,0.022695343349143728,0.4113256352091883,6.362741991902895,0.6081887241708777,0.639401976783949,2.9426475491830613,0.020517060169388646,-0.019483021065645974,0.6310953613449433,0.6336607766608279
1370.334889840631,0.37572130509102153,87.96485184263712,0.05832536183675789,0.4528305109552153,3.096520030631205,0.6887569503192659,0.7946717939408436,5.601867289096366,0.06772628027190118,-0.06839483001873725,0.7582895458198552,0.7634286326926684
1316.3169924774522,0.675232982761129,154.94011979142482,0.07869603371503643,0.4297655234534441,7.6581241073746975,0.638985072227096,0.7403778669404517,1.717239079693231,0.06460013515882429,-0.06914099971649629,0.7176811059421324,0.7247420844132534
1619.4295185875196,0.4109764717482326,104.59910792695283,0.013622897067145309,0.4940054544566249,2.0610257719743506,0.5142005021540766,0.5387813073213908,8.21940646882294,0.015777819356697975,-0.01582426960833413,0.5300387409181008,0.5321957200181073
1528.7842136664951,0.8520246497657249,210.6954950250782,0.02175638323469939,0.7592503714063965,7.698354959568511,0.6486352161452393,0.6737343333981979,1.3254418139379793,0.017448207824221667,-0.016561659470645248,0.6703915993799388,0.67122769594077
1983.3165269800788,0.8306413222415348,233.95888526529185,0.025731620831832586,0.42480094794025247,7.695601776618903,0.6322421157940237,0.6639874914757948,1.7089029676558853,0.022332605176122178,-0.023007681990487427,0.6579737366258562,0.6606808990403426
1993.6593614417734,1.0718251569602097,302.67699948854016,0.026200584435886604,0.3895180005938982,5.868809917006998,0.5048714947568015,0.5349736835706497,3.067689229743248,0.020040211349007644,-0.02030425330039827,0.5310720791926881,0.5335334511659484
1470.9257856008937,0.927819541563049,225.05511691237894,0.05273103616768877,0.3658539555064998,6.34462450001637,0.5292063249359891,0.5897698759623038,3.067689229743248,0.03992994234946662,-0.03810450629776606,0.5819373611036779,0.5862690273306538
2247.45632626844,0.29082352793640986,87.19772708988815,0.07044437936337045,0.5480284849626093,4.571882020926811,0.6001323521150862,0.7248058475633808,3.7512504168056022,0.09316980638875302,-0.09094670379760479,0.6817561995167948,0.6956052583506838
580.4951274230109,0.6119170216029324,93.24419825188791,0.0694803871129061,0.820859717996919,2.9782912069479757,0.6346841956258124,0.7191517207637194,1.4338112704234747,0.04242217452409035,-0.04254530155986565,0.7041645827387184,0.7070440100020947
2156.409435917021,0.9377908297569284,275.42387810354535,0.0397942710308027,0.14328355631150425,7.587016537842495,0.5791770231696124,0.6269485796096079,3.4261420473491166,0.03418733336388897,-0.03295222703655087,0.6189712942004151,0.6228199285788562
966.343929415225,0.8835634500309317,173.71351150231837,0.02847805508444158,0.8512731308505628,2.456309364915894,0.6481422401432422,0.6798544569189858,2.4424808269423144,0.018192538165530913,-0.018091775292186557,0.6766202952276837,0.6766202952276837
2417.894777059676,1.0961919171867562,340.90650609996146,0.07466630520449165,0.8836861648656785,3.673281346746381,0.6933296725259528,0.7800769203539708,1.2754251417139046,0.0616223356931435,-0.06086322159648825,0.7679959777304445,0.7679959777304445
2326.951825154447,0.680935256322668,207.7444894537458,0.038145435807557575,0.19834052820236941,5.543804466950749,0.6401091897044395,0.6935087480441354,4.651550516838946,0.039417198074498026,-0.03912766166614729,0.6783604107676066,0.6843916937219918
1069.5917996356695,0.5654266045674787,116.95405041287746,0.05013179735000127,0.12500568631644562,7.7471953783204945,0.5579811414193419,0.6262215228100851,3.4678226075358456,0.042978569679667844,-0.04458758348832849,0.6097888826851734,0.6129433006093252
438.13806824531224,0.20493955652113138,27.130717688399294,0.06998240789699994,0.8768866382197021,2.571839627106261,0.5304482605777602,0.6656851276261683,1.3921307102367457,0.06541949031947189,-0.06287582223007813,0.6273179635928394,0.6101870512300869
1174.965355018643,0.3671337557596841,79.59152818649827,0.061507479578572985,0.15223577113515013,5.298255994315197,0.5765583130227808,0.6814281528697261,4.926642214071357,0.0690235496980618,-0.06983619904212385,0.6495320849864438,0.6499518710392921
1215.8715608614036,0.5822814059260417,128.41234231889354,0.020721142777425757,0.29825333677770605,2.3888461934625598,0.5230571150598142,0.5551353086120647,8.14438146048683,0.019120750634119235,-0.019168801187132423,0.5450263983470746,0.5475190625174952
2446.9475738053957,0.4518081305095268,141.35018133646759,0.0314917877537695,0.21439569738890896,6.530985226980508,0.6848285620374563,0.7335740416541127,3.367789263087696,0.036568226612193985,-0.03791635159053033,0.7186481331733569,0.7231091539647967
1995.4012889599624,0.7513542464907548,212.27060864499975,0.06692630409274034,0.46380720963957256,7.156984130484124,0.6597037699276364,0.747487087406615,2.709236412137379,0.06295856601709372,-0.06249124972456188,0.7266300740203767,0.7353806626846583
104.13914621516565,0.6390147214257653,41.242773726473565,0.028523160325545832,0.17760962473092595,7.0771762564866485,0.5015899368602245,0.5301130971857703,0.0,0.004041513086142112,-0.0039998772462518095,0.5301130971857703,0.5308148956226652
1852.3924049328648,1.0893729088974677,296.53302114720975,0.0437413836694365,0.43411647694729116,5.6349977268482805,0.6609395655295344,0.7101006455513289,2.9926642214071357,0.032174060337035335,-0.03268137315311507,0.7046809491989708,0.7085905484854685
676.6047850606692,0.42563128623818264,70.02144544059657,0.05250246098607928,0.9458918387688748,3.790639854552581,0.5753509326458026,0.6471256833321173,1.267089029676559,0.04282319533292168,-0.04246327284641062,0.6278533936318819,0.6322511631973141
2483.999923504695,0.35859994868586426,113.03579882245619,0.015387771786271286,0.6307797149925455,2.145601930529798,0.5360866462549645,0.563961676148419,7.260753584528176,0.019344054842140385,-0.019352716478117725,0.553617398730551,0.5578497065732645
1593.3020336571233,0.7935611606221997,200.33621063561,0.04572976747533338,0.445373241606445,5.45718550653109,0.6286771506066477,0.6881577264782462,2.9759919973324442,0.03842697361423411,-0.03943002225271443,0.6744069180819812,0.6800514685468447
2028.3569110999615,0.9134757453888629,260.195154239056,0.05653605358604635,0.904809324905619,7.0281515215725126,0.5266492016435881,0.5888158627130127,1.2004001333777927,0.04687823854985885,-0.04646611161730094,0.5831852552296344,0.5852173053541591
2396.03065917636,1.0025680720861285,310.37737159087055,0.03246490256555719,0.11816597674633551,5.623855680549725,0.5876835153732776,0.6273877995298773,3.942980993664555,0.027608608386284626,-0.027930828251408534,0.6201484179388348,0.6234418030825026
1898.9599902067166,0.6721397880577604,185.24543208584888,0.015354330467566277,0.3202186782292983,7.295142536759178,0.50753793914301,0.5286672000246198,3.0093364454818277,0.015174308095639999,-0.014550080733005913,0.5228922696105763,0.5249560264231476
1868.0072065558888,0.4627491571562891,126.49253777249527,0.0416847862129748,0.5779048887204477,3.5004881438432065,0.6303920885995326,0.7002779803579636,3.9346448816272095,0.048121069957731466,-0.04758438743655878,0.6764237021155153,0.6834233708192509
1764.2613234349028,0.2765535317036976,73.46672180109553,0.03617489530959944,0.7699395710856624,6.329825359046791,0.6089206687810478,0.6690082819880486,2.209069689896632,0.04533611345032498,-0.047493638327701856,0.6512947641053899,0.6528231379806426
1966.419471683234,0.29688040373585894,83.26253143135506,0.018274788749117105,0.6917403702667103,6.160003207370773,0.662905371064214,0.6944700990729165,2.334111370456819,0.02370231913427318,-0.02357231694271168,0.6840162599217203,0.68620217075323
534.488506655817,0.6650944934879948,97.24841534690395,0.05625819079949078,0.30132961644611356,5.101567193563945,0.6276890048781192,0.6929928366472223,2.259086362120707,0.03145877332141151,-0.03041937523499652,0.68394719567761,0.686868602417249
614.6788275464328,0.5380070692251273,84.36107494267947,0.02514371670949956,0.9126486139857388,3.4207932915799506,0.5241669251971594,0.5547762106069617,1.3254418139379793,0.017180543948313805,-0.016778838488012145,0.5493106419066589,0.5508205014648426
184.37274766514486,0.24045812517021517,20.64989350451486,0.023411036447677187,0.647387660176257,2.105899247066736,0.5573487849514294,0.5997043066218469,1.8756252084028011,0.00996417694936597,-0.010052985166044274,0.5917694233387969,0.5821768311195393
239.60053917591839,0.5632928932692509,55.145256765132004,0.013400371648090032,0.6467875989587452,6.130545593114092,0.6462675099287527,0.6596678815768428,0.0,0.004331724106838704,-0.004439001971466524,0.6596678815768428,0.6602217871948264
638.4241567510122,0.9816501457655691,156.8705383023332,0.05832017171316486,0.15098519736983837,4.644600252208562,0.6535512986744962,0.7118714703876611,0.0,0.0271133920209726,-0.027364471724033876,0.7118714703876611,0.7142575365726717
846.1454241285514,0.5434028965165384,99.97109516887055,0.054072267910758004,0.14993279210430804,7.801610243047504,0.5348962021219456,0.6060364881103777,3.409469823274425,0.041018291408321056,-0.04483906459412633,0.5913329567589797,0.5931093078560447
164.01279915102478,0.20479068383637825,16.587428436013024,0.0379688062499577,0.89582802892784,6.918572475307574,0.682409159649939,0.7203779658998967,0.0,0.011868446986489405,-0.013500241521278667,0.7203779658998967,0.7234362765270167
1381.0775663893576,0.603871610487648,141.93308545199372,0.037010268327475615,0.1417762682121753,7.457127537830921,0.5992352184569455,0.6505376435606123,3.4594864954984996,0.03482485799388425,-0.033932735702967294,0.63692419631598,0.6404494392783994
1192.1618345236243,0.6636507383127057,144.92295631648605,0.06559081626799404,0.30202397738430753,6.25940407396954,0.6421539481708065,0.7300168822403094,3.2427475825275094,0.05617036862113584,-0.05390279557227424,0.7077447644388005,0.7146431631217345
2138.926677419639,0.20781523861748302,60.78624756015744,0.021927688026459245,0.5239421668402799,7.10324232476887,0.6930233723255967,0.7317714594018636,2.534178059353118,0.030355728220070825,-0.029131483294025543,0.7217350992176065,0.7217324444674206
1527.6846752305632,0.3909205778807182,96.63520867301831,0.022920928707725198,0.6754995585876407,3.260414882356428,0.6106174847841772,0.6517065818315217,3.692897632544182,0.026793198932137004,-0.02705042777742602,0.637519664732583,0.6403851121984413
2103.548629945365,0.550837683615881,159.782759482045,0.03649305328193505,0.1325263032019664,3.5245074705473294,0.6396382919238548,0.6975705993140858,6.943981327109037,0.03968829054761052,-0.04055355230692839,0.6781712014410969,0.6848092627390914
964.9389883172714,0.3424690255609298,67.28236070174682,0.017403741363222897,0.18554804033563804,5.954800598707371,0.6225242957587097,0.6525468767757183,3.6262087362454154,0.019076462663478493,-0.019049457009429893,0.6438366167611377,0.6424299577200774
1344.4504134450037,0.6502938033432255,150.80370300071147,0.02071957968815101,0.5505438022840785,2.3596266596022795,0.6851716917205375,0.7160087872715065,5.576858952984328,0.018706850231944766,-0.01857886080172166,0.7064673702551213,0.7095379911643754
239.2661296062564,0.5811771754045267,56.8563738119229,0.010039973948222057,0.8075353949049201,2.9970211312137804,0.6849832035643356,0.6950231775125577,0.0,0.003118540393588181,-0.00316561486907081,0.6950231775125577,0.6954197089952471
205.54659486535485,0.9387086011079844,85.11692706930053,0.05596464689709118,0.3247621469973015,3.2145176553835695,0.5715355866754045,0.6275002335724956,0.0,0.01165620876028571,-0.011635545473117589,0.6275002335724956,0.6286932791889079
2088.166919620852,0.9757608935019102,282.00448142364854,0.022269976566702807,0.4181032357158977,3.4249483034135233,0.5245285695275795,0.552756662213063,4.593197732577526,0.018592847548525405,-0.018750415875184823,0.5467985460942824,0.5497585769706211
1651.4785300694273,0.5112839209119818,131.41005490182215,0.02577688313434339,0.8793979961517786,6.489907585421399,0.6547522297392685,0.6909428850256398,1.2087362454151385,0.027260957216593457,-0.025821681606651718,0.6805291128736118,0.6826292353500482
194.07013883987236,1.0236174043079598,90.18763850877518,0.05023168645819647,0.5534225242160669,2.063512076166687,0.679532442086821,0.7297641285450174,0.0,0.009422646591017972,-0.00943349401154441,0.7297641285450174,0.7297641285450174
1405.3371291664014,0.9426381161064818,223.4936831254404,0.05588576725168057,0.8170242521597924,6.157590491346815,0.6841927804671653,0.7443485613477675,1.3087695898632878,0.04073385508608637,-0.03938503217663228,0.7400785477188458,0.7419094633465098
641.1620472149193,0.3818900942596165,61.157861714412064,0.059877909336158545,0.551255320525122,5.59496702200922,0.6417084938382454,0.7397428280223273,2.7675891963988,0.05085648879301879,-0.05371759744892581,0.7149509744773934,0.707236648942284
1413.8276728000062,0.9089241028995767,216.15030605556885,0.032320714915509675,0.8730913992397229,2.646058117553604,0.6268007953922373,0.6658122178383631,2.3591197065688565,0.024322896259947237,-0.024190381583296148,0.659121510307747,0.659121510307747
2236.3180180643144,0.42742471511153424,127.83695222422345,0.03287842724467391,0.374897600643465,5.385582270650202,0.5825743631130297,0.6353948172948642,4.101367122374125,0.03970495433265186,-0.03930496471916865,0.6186290365700854,0.6238643718067476
359.1022839877657,1.0021584995808142,120.10898406821552,0.02432736404110719,0.5806720098896767,5.568829375623569,0.5081503687295084,0.5324777327706156,0.0,0.007543319104939017,-0.007593867669310588,0.5324777327706156,0.533040171629627
329.7095863704094,1.0745207393865965,123.39870020717927,0.05651586381045678,0.13020865934178424,6.765195323917992,0.601708561855497,0.6582244256659538,0.0,0.015269432168799588,-0.015889112292232246,0.6582244256659538,0.659382396841045
280.47897298834147,0.8126768882430122,86.07916765769988,0.0449546264107928,0.2844278209998309,7.266213632532917,0.5582759716600508,0.6032305980708437,0.0,0.013577925253096165,-0.012809856031734197,0.6032305980708437,0.6045268888763162
782.9359250879387,0.4454962236130509,78.838278622827,0.06372190439623358,0.7355068033424789,7.418874112822145,0.5458678439168559,0.6378004063545519,1.3671223741247083,0.05565834688381289,-0.05458857848266141,0.6101269710832122,0.6149341034115349
1987.27502930274,0.7157410188752864,201.79708600125977,0.03160757267568675,0.13190871916697558,6.91368529910666,0.5482142743026712,0.5912244086171687,3.5761920640213405,0.0306763541981174,-0.029605217186734,0.5798218469783579,0.5837141122138512
1616.1832869158068,0.6939811424538314,176.4505315069795,0.010311467705274871,0.9949092669457862,6.885976134800773,0.5972942541273364,0.6087307248879161,1.1420473491163723,0.008597036366597696,-0.009069675501932438,0.6076057218326113,0.6081502721319747
1732.8192885817193,0.6289348129316954,165.58167327288274,0.062121038989511164,0.2208956912370047,4.678105971404182,0.567107435414572,0.6582991719029484,4.893297765921974,0.06192439241166686,-0.061680670093658886,0.6303351021561736,0.6395885127166241
1203.1725843856836,0.6054253875743278,132.8172818072475,0.0200165764845436,0.9788397136381262,2.0929528567287683,0.5020145889634797,0.5294927150643599,2.217405801933978,0.017726646030048872,-0.017732270900322495,0.5220311654480233,0.5220311654480233
996.2591644807787,0.7583387144121359,151.3837950432284,0.022575725877044976,0.579874603513745,6.336631807780873,0.5188121218080303,0.5462305604913249,1.5838612870956987,0.01562507239348106,-0.01645488592336354,0.5413878476850752,0.5423568872742084
2462.61377923824,0.503030582965365,157.87833516866377,0.054969078965107436,0.19964787236791814,6.256918332327959,0.6680912694124972,0.7511773694507584,3.4678226075358456,0.06078028535061627,-0.06445978056818084,0.7260599590528818,0.734413274426996
352.6843415934936,0.31327683893305963,37.20928910957928,0.029673319007105937,0.11074223383779636,7.916307766023379,0.6196768149905298,0.667403961757485,2.459153051017006,0.02016002451660609,-0.018165259875403586,0.6586067966660781,0.6520909082402452
1558.2146799125092,1.0630659526864725,265.4017917148541,0.0682420478023599,0.8328186378715144,4.037014219409754,0.5669726786929291,0.6408868112863778,1.342114038012671,0.048443071141823356,-0.04787834788854316,0.635214726495289,0.6361055765279212
800.1711035503524,0.512026185598688,91.60382309667958,0.035865613295189544,0.22600332008253401,4.135687176212562,0.5893494070489455,0.6434398516421355,5.160053351117039,0.03017963952064144,-0.029495012336877267,0.628730849571483,0.6291670380305402
842.4336129919805,0.34881227134179305,64.03089823850037,0.036138727872494836,0.5328169958947923,6.32437032000277,0.642247552294934,0.7045382804331042,2.6925641880626876,0.036371317361329814,-0.03817345696196942,0.6866631894729679,0.683611976818129
586.4680745999781,0.23298985565141345,35.6852871483262,0.031265966526494854,0.24142267437305573,4.374730875294164,0.6958692238305209,0.7633342518795115,5.00166722240747,0.03341134926261805,-0.03449772661982976,0.7425301635049322,0.7326573456454198
534.5712901725303,0.48698654908067207,71.21144146629977,0.06075800214237007,0.5582645045757295,2.2635688614403096,0.5323380036322644,0.6270200499365047,4.52650883627876,0.041018373126347034,-0.041207507954782695,0.6031715629875116,0.6005408039064496
2344.59893145567,0.29284849346512565,89.68241017233493,0.05445649510467941,0.8130930839568203,3.5926343763495434,0.645015600627738,0.7435307792293369,2.29243081027009,0.07170171121567363,-0.07115896568124974,0.7082120986286398,0.7197656792980496
507.7484296724326,0.45627524735041136,65.02512553953784,0.031827542161894526,0.9967914915078012,3.287433771307744,0.525841492926717,0.56183558422102,1.2754251417139046,0.019923317276357783,-0.020730552209874634,0.5576690350886115,0.5598860984248893
2321.659449955385,0.3457376244383175,105.36003284322427,0.07154959437405838,0.685410964882021,5.461168988423113,0.6502677423093153,0.7726634002706809,2.3924641547182395,0.09168611605000392,-0.08968193381632109,0.7303400113559867,0.7427055916737593
1842.3974971553203,0.2994735704764824,81.29805652340221,0.07996262772846824,0.9477007538038558,7.379551777171497,0.6244578267884813,0.7443244129050915,1.1170390130043348,0.09728517191648928,-0.09686074530434675,0.7119405214991793,0.7179458078264344
1354.699195197554,0.6826507254935015,158.90954647046934,0.011045586095976272,0.5495225517508987,5.742617405959519,0.6317412417549897,0.6466877914185858,2.7009003001000336,0.009812956903152079,-0.009367642602061521,0.642786827850966,0.6440841086428829
897.1347161231512,0.6241541152641946,118.23625496461071,0.054541742466380216,0.4854749592476636,7.772811193901151,0.6410884219704001,0.7120063293494759,1.650550183394465,0.041879065734642014,-0.04196191681446564,0.6956301644367803,0.6986288218512843
103.05699100213718,0.22095153333402773,14.186189094054255,0.05832101424278621,0.4713805877909525,7.036825695273597,0.5346030818972524,0.5929240961400386,0.0,0.013413950557280237,-0.012301122633848511,0.5929240961400386,0.5961073879467494
133.18459372550046,0.5492741151023411,40.09092936034526,0.061524487301521436,0.9745549600398117,7.301923276106333,0.5968149223874277,0.6583394096889492,0.0,0.010331637212591324,-0.012853702869756322,0.6583394096889492,0.6603119422077556
2050.7614796712796,0.26329741208085267,75.41090657379539,0.05005906433094184,0.9318685717130231,4.378310884944439,0.6920201259326231,0.7748648328526969,2.0756918972991,0.06451872517943645,-0.06586111560556163,0.7492335936705384,0.7521038714362567
629.6442321498528,0.29507042858005417,46.82775072370075,0.04673336352571908,0.9165221847831019,3.867675312468465,0.6600320638797904,0.736607458677203,1.2837612537512504,0.04461522151880855,-0.043647898850202184,0.7131200404559875,0.7125041397974021
506.07343811267424,0.8710133564008458,123.92575744992311,0.048991885897120176,0.257515277854935,6.308523496625652,0.6427512226912855,0.6917431085884057,0.0,0.021147900886910025,-0.021648367222006068,0.6917431085884057,0.6932444453405453
1337.0445499442567,0.40292087387840725,93.17999909689885,0.01926057245714976,0.9615295436138104,5.934875229554931,0.6618482967146768,0.6893814285191533,1.1587195731910638,0.020589473872552142,-0.020382773507681286,0.6813255781838304,0.6831902960509115
1772.7292697205799,0.9465262986730603,252.0483672558128,0.021374357382424644,0.54725520209234,6.00274862301376,0.5206779799790436,0.5460649602179393,1.608869623207736,0.017252789869813472,-0.016562282341152895,0.5420523373614683,0.5439197793296697
459.8966783881799,0.7705843348258519,104.51540507711053,0.07080940629776741,0.6943745610474379,2.217228880736454,0.6940865834180645,0.7687564806661521,1.6588862954318107,0.031266917662782244,-0.03117371100227559,0.764895989715832,0.764895989715832
434.8165621749882,0.4093060101972408,53.97978575184989,0.0782477097333307,0.7939296969880374,7.61946008227104,0.6613239385616059,0.755019947307334,1.3837945981994,0.04825680164048376,-0.049419942523083245,0.7395716482949366,0.7454972708115601
1664.16274000768,0.45609769897670543,117.67542457656559,0.03288170091896678,0.9525439657399327,7.163753696933868,0.5718980896884653,0.6165950957669042,1.1420473491163723,0.034537600420504196,-0.03506475086744529,0.6047797906074321,0.6079103557346113
995.8418022896891,0.4679249512482963,93.39021511426591,0.03282910998375028,0.874600719659907,2.063041139539081,0.5872105242219049,0.6423845568392949,2.3924641547182395,0.03125374868189316,-0.03134785046061439,0.6224668362771177,0.6207084308859795
2362.8152284669786,0.6883727196645281,211.62575821481414,0.04153120531007325,0.38113282422962924,2.443475779171423,0.5448972956055026,0.6081348222720558,7.494164721573858,0.04292706621763057,-0.04297288479676724,0.5869235161193757,0.5962252548622629
317.10018384849104,0.3140294867438854,35.367036607910485,0.021446158088838888,0.3718264888758507,2.0661000799732125,0.6900287771186495,0.7315560896622899,5.693564521507169,0.01338187966495609,-0.013191858814769843,0.7229407023542456,0.7139700015723027
397.1658224247389,0.5448339851236284,68.67206702231132,0.07156692918003464,0.19591117317168605,4.901625510524725,0.6689567195082791,0.7581742198926145,3.99299766588863,0.03726850946815816,-0.036046246961282655,0.7445269052460506,0.7442421470700928
1436.7102976819363,0.38930923588048405,93.32742962933818,0.061485667198880704,0.7132069565807571,4.1731154392815455,0.509259032316275,0.6176502333286522,2.4841613871290433,0.07024806047582334,-0.07218230445103317,0.5800155330521019,0.5846688201483005
118.87525575062537,0.9428535948144545,65.01596142241037,0.0325090153091348,0.22399290874531413,5.111307356977893,0.684166659145018,0.7166756744541527,0.0,0.004216919271055157,-0.004263775253765042,0.7166756744541527,0.7172425401917246
120.35407485375451,0.25052918660877305,17.38275957895317,0.03919314528095507,0.7083693160795571,4.856602752602301,0.6795096876930808,0.7187028329740359,0.0,0.009490303452056596,-0.009517246203479537,0.7187028329740359,0.7206872123140894
205.80293328994753,0.5061267826793693,45.92139740475773,0.034594352257210456,0.4061145033877076,4.926115472740344,0.6581154090389221,0.698164496346048,2.1423807935978663,0.010764105146454456,-0.010443672105704429,0.6927097612961325,0.694201693365164
862.9182793667616,0.8700348859689824,161.64098826857887,0.020252582989535,0.6046523700705552,4.250528153993271,0.6078421604591141,0.6304703732348315,1.650550183394465,0.012261245178160459,-0.012429951413590318,0.6280947434486491,0.6287637005605841
358.59940089339864,1.0581165620848179,126.7267472219297,0.07343498817612445,0.843756673861566,7.356696940328311,0.5293375740362972,0.6027725622124217,0.0,0.021391033330548113,-0.021560177023421147,0.6027725622124217,0.6043539164665985
1308.932255247198,0.4861182428808711,111.2321931039733,0.0721170158912911,0.27049391424951985,3.319672130851834,0.6373428912710022,0.7560529707409571,6.385461820606869,0.0737653065750631,-0.07544471270204242,0.7175110932704507,0.7239657576009014
313.3591818104036,0.859130459224976,96.18565893741498,0.028768910181988565,0.6948418287404327,7.238226718163963,0.6219222746469981,0.6506911848289867,0.0,0.0086210090868187,-0.00906173922624675,0.6506911848289867,0.6514873932311492
610.4409598866616,0.24424897298529497,38.16669683476281,0.013122978018654611,0.17993069381260712,5.478907474818295,0.5696435708081302,0.5958137179374012,3.792930976992331,0.014322768256762625,-0.013648300132838836,0.5887432003446849,0.5847271023730838
683.4567457501555,0.39737590201747214,65.70327832125673,0.07640070723321693,0.20693491830286698,3.828886464635928,0.5942954524038386,0.7260457852533233,5.401800600200067,0.06870423562177967,-0.06829939075704526,0.6875779299862939,0.6816007891431023
101.07886257821299,1.0288578687281522,65.42075505018524,0.01693690135320727,0.7142235406175552,5.77319286297493,0.6618127710209474,0.6787496723741546,0.0,0.0018226962068943074,-0.0018663146403894019,0.6787496723741546,0.6789995347098395
1663.330553349166,0.8924486754943817,230.19852021236542,0.03948740261519693,0.5398340450964609,6.209972612986516,0.6136853442110102,0.6613107932931909,1.6172057352450817,0.03216935875049074,-0.031324097826887956,0.6531727468262071,0.6565787848537619
1327.6925206401277,0.38500256544909445,88.72425747197973,0.028067578256446277,0.42264751695345415,2.055706312541019,0.5834726899160474,0.6353594015859491,8.73624541513838,0.03194736056249206,-0.032187917141364604,0.617298131870914,0.6200729200138277
106.64434183339075,0.7085138923292031,46.27509031011637,0.05928201382806443,0.6059337684536138,6.161119839229255,0.5000026337112415,0.559284647539306,0.0,0.008148089897120682,-0.007861871507818984,0.559284647539306,0.5606035258404627
242.66073588234295,0.8286161967879999,81.63627292119834,0.06620301035697394,0.745931413800455,5.97807345532131,0.641476532762312,0.7076795431192859,0.0,0.016936817696296905,-0.017268386016333164,0.7076795431192859,0.7094309194675968
1875.015821910798,0.8519397485308124,233.31429334068898,0.06166059343818379,0.16661773667366275,2.3796293089677483,0.5722239886458877,0.6557937404516347,9.11137045681894,0.05380320548695889,-0.05390785541229007,0.6338845820840715,0.64337586686638
1366.2321149171096,0.8863571485295549,207.20536315807416,0.03342954731537088,0.3476053689702714,6.688689848711177,0.549867370290799,0.5881312188712999,3.067689229743248,0.025222647569788363,-0.024290833636704326,0.5832969176061699,0.5858794230067992
2070.019304354712,0.35942019474803477,103.42360425453933,0.03516314660107338,0.4609680484837513,3.797062683845857,0.5006713827774025,0.5614541592765889,5.210070023341114,0.044327593545560505,-0.043303735559967506,0.5409776117979436,0.54698320329627
665.2222187709949,0.5038882029909864,82.19540878283584,0.0319537426168664,0.8069999468294864,2.284206575218838,0.5777897399310481,0.6265118846880168,2.5591863954651553,0.02412801978295828,-0.024104069468501344,0.6109648716089421,0.6097434825479144
190.03709339065898,1.0375828095161086,90.4632014437199,0.06531466059217675,0.9839454393142122,7.460963190176111,0.5631625544232168,0.6284772150153936,0.0,0.011672991543537667,-0.01219862639346092,0.6284772150153936,0.6296865044649432
1759.8001895933928,0.4758986787305676,126.26302060117891,0.07217478315507368,0.46967758297060724,4.2553252514253925,0.6828137488466667,0.8010799355339755,4.101367122374125,0.08075497280217842,-0.08147558842000586,0.7618421694891515,0.771860844119682
2108.1766902876507,1.0697721980278716,310.6524665244521,0.014654165990211281,0.3190049902349739,3.8051464872022738,0.5848704121909524,0.6025191197207738,4.868289429809937,0.011734531360224162,-0.011459578373414306,0.5995245781811637,0.6011569416231677
1235.5121102764865,0.4623251852600643,102.77821039455621,0.065331529620152,0.3009197300365508,6.1791038797946785,0.6703536631184195,0.7729519007088526,3.2344114704901634,0.06799281565610658,-0.06692027509271453,0.7413205316733253,0.7452030888362347
1548.875773983007,0.5187430333035388,129.1191226394446,0.02315238695376559,0.22091157496332642,6.46504843489437,0.5938263995167031,0.6287576696224918,3.3927975991997332,0.024225789868468676,-0.0240487302563653,0.61816286699462,0.6202557332387469
211.16692280168232,1.0854555562483583,99.75966621258263,0.05699122280922931,0.8597642962842794,4.6291320279020685,0.6910877241616049,0.7480789469708342,0.0,0.011002741353603006,-0.01121860283055504,0.7480789469708342,0.749098446089227
578.8600502179054,0.3666225106449345,55.78737307891897,0.07232343143392513,0.9025453576051553,4.994116912994253,0.5251572710707957,0.6276563376851739,1.300433477825942,0.05638874359195286,-0.058888891339233966,0.5974807025047209,0.604316139677389
832.5194996878527,0.878737104231021,160.35635193228748,0.06921943356009125,0.4128892729703354,2.367402090901207,0.633145336314556,0.7109475194112946,5.1850616872290765,0.041025363213026515,-0.04088703807649186,0.7023647698746474,0.7077982688826748
1874.7928994519045,0.5816132082773233,159.27254011471987,0.05081683281325086,0.9886343477716749,3.469991596157956,0.6145955387598502,0.6840200083052885,1.1670556852284095,0.05160689271506031,-0.05258957660041408,0.6654123715731011,0.6660431802888624
1566.3049925503421,0.6941964764220169,173.7603036085087,0.07083906905606571,0.6445067787299048,5.04734013434774,0.5246030053322346,0.6233201211442198,2.5675225075025008,0.06549577683761999,-0.06447362851292182,0.5954420743883003,0.6041398578506345
1787.7020783042212,0.31889662534523033,85.27613169602122,0.011859892535495657,0.5396780467571161,5.434671632886394,0.6998108122747759,0.7204234826270888,2.6925641880626876,0.014665989964103038,-0.015200661762940344,0.7137501218158822,0.7148534966850612
1809.5843066926875,0.9637312882048197,259.28378936745327,0.03424716273215288,0.5580232143219708,7.845613943971133,0.5834777104285552,0.6235381144806913,1.533844614871624,0.026401860322641146,-0.027239685277054327,0.6177248731607081,0.618842325248204
2037.4970195257213,0.6733902059700465,192.2406748156896,0.02567732960710449,0.6223767734897946,3.3083721702219293,0.5006053979751482,0.5392232665463237,3.8512837612537516,0.026041610295048173,-0.025663321788058305,0.5267333698143649,0.531648468834345
666.1504371360238,0.3738294491195814,61.022453486888345,0.035964482403960364,0.8997372134283593,4.327118441592055,0.6690375254981982,0.7226945118363485,1.2920973657885964,0.03155029949067394,-0.03095719782829032,0.7059474833130454,0.7084963244035538
1433.4712483157953,0.20685323380031026,49.532107144248364,0.023211569903225062,0.9381502406872327,5.625040677186311,0.6859093717144548,0.7249941962915054,1.150383461153718,0.030805767364002767,-0.029431576457499685,0.7138540448267917,0.7147580424705312
844.2880487282869,0.8449061404544687,155.26865211479821,0.06404176119280819,0.9781296424626299,2.109058899013764,0.6904474430246492,0.7544892042174574,0.0,0.03877206640299924,-0.03871022470102084,0.7544892042174574,0.7544892042174574
1039.8165222499963,0.9541931651703803,194.60081465924156,0.04812990427547588,0.6081845887300289,4.156267329118701,0.6656945180756395,0.7185999410826605,1.6422140713571192,0.030040512871696984,-0.030541878753051647,0.7138244223511154,0.715947860683716
733.6325700108001,0.6430172475607459,110.15188148977464,0.04921221491372328,0.7682689840847395,4.8298120222492225,0.6360565797678988,0.6964983205475909,1.417139046348783,0.03360733845514176,-0.03371104623360152,0.685268794681622,0.6877614028169209
1264.705831235141,0.7933885732627353,178.4475942774322,0.05719004333457038,0.7384974044763194,6.939798763161956,0.6081445121919834,0.6759001304231524,1.3671223741247083,0.044670348664208985,-0.04285310042515607,0.6653345555265537,0.6677282505774198
563.8675932877438,0.81167675745715,121.89942959168746,0.015398265844451331,0.29705952021506565,6.752945171988795,0.5870140288660132,0.6028683714035614,2.117372457485829,0.007282158316314035,-0.007733817069236215,0.6024122947104645,0.6029364254888568
1295.306002362921,1.0886572266351773,247.80344772951946,0.026462074009424255,0.1175974745823411,2.668235657107065,0.5489003719321659,0.5774817415150779,8.011003667889296,0.01686637012377785,-0.016993355725305824,0.5753624459415901,0.5775414711741027
1842.208058551526,0.8982398287862858,243.83252876438922,0.04958422678098797,0.32954175882834524,5.1304513671609415,0.5029915111867869,0.564870382733658,3.3511170390130047,0.041680065882952866,-0.04138637134348569,0.5525757379677748,0.5579039102036718
1736.322262580311,0.7528677998682511,198.4101499247342,0.011525757756708051,0.835310470269516,6.580559210972731,0.5616447491136626,0.5759905346102412,1.2587529176392132,0.010387334877446567,-0.00990902670244564,0.5731705068703706,0.5737159740282659
1624.9039615175343,0.7413436671184759,189.00070597021022,0.020022619545880922,0.27393337100292925,6.099236817368777,0.6867103292540017,0.7133094027655685,3.334444814938313,0.01769884371235002,-0.017906971123947152,0.7067329487998826,0.7090179058570201
1483.0823696770076,0.7110318310035906,173.18157106118443,0.0552677186292687,0.496520470160316,2.3250322610080625,0.5793007693449395,0.6591981946665999,6.952317439146382,0.04895530323069944,-0.049197787350047685,0.6347091107438713,0.6440802300753844
2260.6053042829353,0.9244521203523939,277.98847412929877,0.07491964980039457,0.23754842661916953,5.035746542232977,0.6169456309625887,0.7111923715049884,4.701567189063021,0.06683628284508943,-0.06428133771906691,0.6918652807629833,0.7000075356410858
603.8212239831387,0.3808732153420731,59.192218166560714,0.06474230528499617,0.7046667253469859,5.883125220890961,0.553397491596603,0.6556793093599345,1.458819606535512,0.055464192668632964,-0.051742851193550085,0.6267281098642652,0.624096566382426
1316.2466181932964,0.22076295814039507,50.65529334084973,0.019096223682029956,0.5664257764847122,3.858033653791477,0.6931339513793033,0.731799581606772,3.8762920973657886,0.025665875242929168,-0.026008148130090652,0.7182992032143966,0.7191554989841475
1231.5633358408254,0.2752077407211656,61.0828112133411,0.01124896430787187,0.7527320864629042,3.0290404283018835,0.5375624738010119,0.5602302081338497,3.51783927975992,0.014277160627472637,-0.01432987868758038,0.5522922680203544,0.5526336140359577
1117.1373343376106,0.43765453023811823,92.5155440211741,0.05316039558223327,0.5371232565013874,2.6687036088633804,0.6569481695818896,0.7499281077548545,5.460153384461488,0.0553893213343365,-0.05484213187299975,0.7192136318472939,0.7219794503950406
1122.0612505941954,0.7497508876303707,158.83831327302013,0.010275963277287721,0.6637600300928833,3.697099142185607,0.5988741486419987,0.6123707797806852,2.6925641880626876,0.00794551527905487,-0.007910413865222088,0.6091501119192865,0.6100236302169638
814.5294491710954,1.0966346701780187,197.94537689612844,0.026158962029813645,0.9215736413403309,7.507799790979501,0.5842001305868735,0.6103590926166871,0.0,0.012072969080953946,-0.012521225696625365,0.6103590926166871,0.6109800258185599
829.607477256055,0.5429319922089121,98.90352208613494,0.07925373611742587,0.6569166046038455,5.268681426923831,0.5071835762678855,0.6194651590823478,1.5088362787595866,0.06350000537962164,-0.06547892471178443,0.5886652375325238,0.5915879217293816
2134.8232729528618,0.27542491022647914,80.48485695802654,0.013288065692406694,0.3473722775061928,4.854731630345109,0.67905779200088,0.7027017841683497,4.309769923307769,0.017573281025889398,-0.01751640110546564,0.6946020543739154,0.6966817812280424
1996.1891177988127,0.37786893005525873,106.77560022034089,0.036045566989909364,0.8022162381569945,5.162554684814584,0.5348983884048158,0.594201170391778,2.2340780260086697,0.044188140295886476,-0.04412050727267248,0.5748921014433728,0.5779871408333358
1050.532486428,0.7633422240587362,156.4782660715055,0.07812579723661843,0.6956308493707681,2.0971709733883817,0.6410016553265057,0.7444432002069662,3.976325441813938,0.05720217605169021,-0.05733986511791044,0.719127452563124,0.7275507972456368
702.0755378973532,0.9759430227924335,163.54843018147298,0.036872293575829704,0.2796535339788702,4.807683119061407,0.5510395948630011,0.5879118884388308,0.0,0.018006154415547624,-0.018492324346493075,0.5879118884388308,0.5894650668999476
665.9715723948414,0.7159356206961438,116.85083285694344,0.06371423895956156,0.8514589367438881,4.3860192228223465,0.5133607527193879,0.5804565145645564,1.3587862620873625,0.03824177230481157,-0.037277549525851224,0.5770749916789494,0.579798357224519
1261.5399963173281,0.5904033293255473,132.62619362826155,0.02378852637771276,0.9065304110297081,7.844889518124133,0.5103494376066163,0.5389149304512141,1.192064021340447,0.019983958515291764,-0.02118122151560921,0.5341379639843291,0.5356476171406179
2009.791311657838,0.7811449021473849,221.48130854724718,0.028300538071613562,0.6716405064545317,2.771859150100847,0.5138813016594994,0.5543604959030048,3.83461153717906,0.026369344834201683,-0.02651985050022679,0.542181839731113,0.547516301010699
2484.373780125425,0.7727328726127942,243.5947096051395,0.02772558371732635,0.5050305603133893,7.7005290937870425,0.5877450136773619,0.623933940461793,1.567189063021007,0.026490554325713872,-0.02749063169020203,0.6154705973946882,0.6192649882510545
2261.066876805626,0.9819282781806156,295.30205342471004,0.03409094212635903,0.7264081036693922,5.9629910226955545,0.6542423741239684,0.6957728196788924,1.375458486162054,0.028484375221784593,-0.029304346999890624,0.6883333162503273,0.6893685084318825
978.2299942419651,0.24701284864831946,48.86186362929216,0.021972746877875773,0.6548983189063833,6.6506011213841205,0.6512097269071192,0.6914635629382518,2.417472490830277,0.026537775953599515,-0.027564547723187813,0.6797866046761667,0.6770809561028004
1500.8358042760735,0.2762823311434033,67.69392537107626,0.011210203903006874,0.8039275815898654,5.296258605139176,0.6565424205463015,0.6762355978247675,2.2340780260086697,0.014114626165356204,-0.014517732061562445,0.6699222358323118,0.6698896786016897
490.69230755053326,0.5666808536940293,79.39134508258249,0.07434185009545811,0.2544381921224491,2.369161422875266,0.6306934767563497,0.7312631824925255,6.193731243747917,0.043056551554988796,-0.04271431402907111,0.7103924310860957,0.7115598868269386
1526.887217492215,1.05682745527196,261.17858377836865,0.0734527894738413,0.7744873511985139,2.1149434272695133,0.596077393681312,0.6827083551289089,2.6092030676892297,0.05133796070155382,-0.05157413857484717,0.6695301831551532,0.672969042282006
2250.644647688893,0.5902859793030296,177.11116040691408,0.07735020037290963,0.6872391825795843,2.656742765256765,0.6018544150373367,0.7259669718041409,4.7932644214738245,0.084304576583816,-0.08350735540831149,0.683020675966111,0.7005813628489028
1769.4811255483542,0.25883207501565864,68.86064034363281,0.034125467244953724,0.7453729567485877,2.9424281738422047,0.5696679796541045,0.6360639937837258,3.51783927975992,0.04552342304120767,-0.044993573947827006,0.611886145202549,0.6184849814929924
1755.7847739213614,0.8979868116777026,237.97733314063507,0.04629582556777945,0.9611717749300087,7.5519851527939785,0.594687410781557,0.6409832363493364,0.0,0.0342595897143634,-0.0364396787586326,0.6409832363493364,0.6426608566067932
484.6585842671737,0.8956384074955628,124.70407905224438,0.027019770277520082,0.8585391789991945,5.52286604693059,0.5788186012795493,0.6058383715570694,0.0,0.01090116692639498,-0.011194504837923409,0.6058383715570694,0.606626453822669
1435.320060598106,0.6795278916121346,162.82146587026517,0.07473129921299423,0.2929267447854066,7.568950715310058,0.5062682082919711,0.6036324414860899,3.059353117705902,0.06591365454394257,-0.06637169113882666,0.5809995075049653,0.5888293493025305
1946.0878756793838,1.0277013176404088,286.7332996572737,0.03758365336905707,0.16576046829574054,6.82800518896226,0.668572971138347,0.7116552549424859,3.51783927975992,0.0296566602098291,-0.028366280773988135,0.7061566245074041,0.7093608924084944
907.0177311722884,0.6667339571173156,126.99612181715551,0.06666283476071047,0.2728386795251076,5.77385453834762,0.5861261319031638,0.6721515631038499,3.434478159386462,0.05029741277997893,-0.049230068402890174,0.6527889666638742,0.6585372143433446
518.5978054102325,0.9482961865258637,136.58070089112832,0.032727658253994873,0.9409835040895146,5.413603218918812,0.6029019962769476,0.6356296545309426,0.0,0.01301591733584597,-0.013421853960583449,0.6356296545309426,0.6365215832170144
1115.9342661264618,0.5606038008706749,118.44189310051159,0.06725763923859727,0.7097507645375134,6.642140786740534,0.5842168319222417,0.6783276630991691,1.3921307102367457,0.06100023065582935,-0.060314698712597536,0.651474471160839,0.6559956863490223
727.4493392865651,0.27817869667536377,47.452078543096555,0.06436591929888313,0.47374878746593374,5.0553415525800975,0.593868647039409,0.7204969458982319,2.9676558852950987,0.07159999754334723,-0.0692404912186773,0.6821502441211266,0.6708387171202155
1134.7308552861764,0.8155096193610649,173.74227980333228,0.052611388103102605,0.9748484187798749,2.8334234458953897,0.6147038626465433,0.6720247735727228,1.2420806935645217,0.037673846034373334,-0.038066795932799095,0.6673152507496459,0.6673152507496459
251.77639216555355,0.92712657683738,93.04146270847914,0.05314179332757652,0.48554093439328416,6.813413927863676,0.5910005216983156,0.6441423150258921,0.0,0.013411376565762342,-0.013054282871193758,0.6441423150258921,0.6453862428208137
646.6866287522732,0.6252506849993034,100.56135406654234,0.014958225764613742,0.9080749986754487,6.385750248406767,0.6520631572430056,0.6670213830076193,0.0,0.008931691494326875,-0.009426705009066859,0.6670213830076193,0.6677859179306098
2198.7839296442617,0.9124153299335753,270.591310634689,0.04022968131774079,0.20677276137290468,4.2401886798857165,0.6868169428759444,0.7391713777409061,5.1517172390796935,0.035340714526135665,-0.03576669077581502,0.7270466241936852,0.7325132400222717
2377.817178955311,0.8910837789714161,274.8133104983068,0.024310140814997126,0.2750048726177446,7.278629065284322,0.528383184602225,0.5590352527653407,3.1260420140046685,0.022284171600175574,-0.02106987896424199,0.5526933254172222,0.5554650384637613
1501.9299455979742,0.540426514051161,132.4620529997202,0.031140770557282357,0.7096438231092824,7.757414459911627,0.6555267476480597,0.700009515624972,1.342114038012671,0.0317742411956204,-0.03037951866322885,0.686776695141778,0.6889736247498152
1266.7902234437295,0.5966403573819948,134.3058634677093,0.07353649318256708,0.6202963886263786,4.979834138397171,0.6365671739062846,0.7442309387057765,2.6258752917639216,0.06857609915434741,-0.0674785289532048,0.7123419060494841,0.7197816943401671
669.1691611108635,0.2573619388173917,42.10583404076298,0.06985780083397408,0.6465355306295112,2.9892626073504127,0.5596095853001495,0.7131559093975864,3.9179726575525176,0.07862551288386509,-0.07672208680348674,0.6651127196373006,0.645203184511941
2475.840430214874,0.7709812692172899,242.6247763668238,0.054527849867698576,0.16494729688784981,7.813950405463591,0.6785565779117441,0.7510097201942176,3.309436478826276,0.05392308461441925,-0.0518295272292069,0.7330844277794426,0.7400415975015436
1414.677861431729,0.47845002480578624,113.81391320209421,0.05886386598702643,0.8500369550246822,6.716728458939521,0.6954094744095758,0.7798352455594193,1.2337445815271757,0.06168178517187944,-0.0584412895602411,0.754362194557319,0.7594117196261565
1628.4529568006622,0.48910288840297883,124.82967268557498,0.044854932914797356,0.8346854511555548,3.5920555232922644,0.5462816509887982,0.6194267117760119,2.3091030343447816,0.04886207880098567,-0.049188998247142186,0.593940450920062,0.5966468756458606
1839.6029927835298,0.5999846838638698,162.75420327620134,0.06715992766328059,0.22931522754309003,4.01417877889644,0.5536199813180203,0.6547252570451038,5.1350450150050015,0.06986934968380216,-0.06894735585094006,0.6231448487981074,0.6335737904466494
1774.8835553590563,0.8833962919939846,235.38051052201115,0.041920188712058944,0.5302264387590421,2.792191296734777,0.6403656187626104,0.6955832235074367,5.43514504834945,0.03526422174434183,-0.03502166980141103,0.6822858074746694,0.6882944099213893
2481.562320638194,0.9001296567486285,283.59440571194546,0.025617862623133966,0.660810465634812,3.7697408639855174,0.5060353105832566,0.5406885277864396,2.642547515838613,0.02372696411811521,-0.023766180468081686,0.5316531732063905,0.5359413238213241
531.5748535740006,0.29233421503745727,42.627695838591215,0.023715278749773593,0.8160439793041031,3.75699280418259,0.6514079901890224,0.692772050953894,1.4004668222740915,0.02147708064679073,-0.02093613604959585,0.6809277310480034,0.6778490173432968
2377.27013162265,0.7168458035609973,221.05228564578266,0.04397862594070383,0.7751144580312374,2.58254083935854,0.585642417496977,0.6525822067016881,3.5345115038346115,0.04442970700049547,-0.0447914485216941,0.6296210434376808,0.6393404562804242
1297.1790278369456,0.94794617935854,215.93032353393033,0.06699523621619095,0.863438823864983,6.1872375672062105,0.6061111614369675,0.67384716234035,1.2754251417139046,0.04652567799406294,-0.04519208561315099,0.6731063976531585,0.6752551379415969
2086.910371224117,0.9859541737297428,284.8646925680181,0.043633921486116965,0.9870957170998944,7.248908749875072,0.6020939330842816,0.6457278545703986,0.0,0.03259286136109263,-0.03446452877727837,0.6457278545703986,0.6471238166021471
266.2902288330553,0.4020428457847067,41.493488548392214,0.06434790055633995,0.20003883129881628,4.818800397915579,0.6209704384209455,0.7121445037173663,2.6675558519506506,0.028412084559702788,-0.029826255846947078,0.6996616011164893,0.6892530937184341
2208.0323880892365,0.9624024766041321,286.01541958477566,0.0634994544741813,0.46692481835007915,2.8534955260537824,0.6339298619115695,0.717162784168971,5.693564521507169,0.054607110016625354,-0.05483218701249241,0.6974293163857508,0.7069407261421768
535.0926939723344,0.7051830350677544,103.16832083037053,0.07864747277243411,0.5952787982265472,5.873341203562685,0.6355150943832347,0.7225093239704962,1.6338779593197734,0.04180293480215557,-0.041632380918630266,0.7141625671556688,0.7173990988103592
2092.932058421212,0.591482610296344,171.13921738408249,0.044825693073674844,0.25837481253213096,5.6880793264250125,0.5591516012648778,0.6243628404500191,3.4261420473491166,0.0472219862207676,-0.048093192018225865,0.6050419130289444,0.6114651354214828
1318.299397332879,0.8899014741589082,204.35202640083753,0.011229893327739063,0.6075239739259358,3.040670103864138,0.5558766679567707,0.5696923646906635,4.026342114038013,0.008352273512511341,-0.008263827642812343,0.5671065612845098,0.5684295729643026
183.31187220879502,0.35251648416731207,30.185941231091746,0.07906405753010062,0.9986704850793807,6.319087519337884,0.6223713709542387,0.7014354284843393,0.0,0.02277606733860074,-0.02591921560170772,0.7014354284843393,0.7058679370458999
1964.8166874382362,1.0068988449666456,282.2778866630723,0.04635135416957858,0.1317555994759311,6.256374923480316,0.6969205004144845,0.7514549447604573,3.7429143047682563,0.03648652269011744,-0.03702669778968067,0.7432718545840631,0.747489238839236
719.3270943327071,0.61711900891499,104.67961800125624,0.035289208073589685,0.4514207448068771,6.328399963252141,0.57568087795121,0.620857451593704,1.7922640880293432,0.0238465666018712,-0.02494000884297056,0.6109700860247997,0.6128570206643893
2358.601901100944,0.9106926083872044,279.7236132265594,0.01193529175613866,0.8366939938303523,6.637144534631952,0.6032987456762466,0.6176527094031177,1.2504168056018674,0.010691196722172199,-0.010338911374403233,0.6152340374323853,0.615668206496259
1292.3617521913925,0.9519742131202582,216.44483580414368,0.03973497024141245,0.2435161089639686,3.877392997094196,0.5530404806714979,0.5988331201324675,5.193397799266423,0.027848337984621004,-0.027935660623569444,0.5927754509129104,0.595913648647432
1734.5416711634807,0.36098601503676075,95.08516005157635,0.055134070550296496,0.5193702525373857,7.037965576470691,0.5969997486434936,0.6888206092292194,2.5841947315771927,0.06723968359639251,-0.06635183552823186,0.6594121483972695,0.6650483295064894
2331.529442966519,1.010422215097029,308.56973943665895,0.0229701305372816,0.7175497171166952,3.287748494724651,0.6646608612460915,0.6942995443661582,2.5758586195398467,0.019419964314990875,-0.019692651286739225,0.6876309917833731,0.6904721006929138
1625.735570887766,0.46470592485348605,118.50404080414533,0.027438653986845453,0.486619889540887,6.804337828766786,0.6592323218078903,0.7022657577793321,2.684228076025342,0.030624864072214035,-0.029745551398482183,0.6890980664407794,0.6919341351801044
180.10294133184513,0.47205849392381016,40.066943616741476,0.039599567442880235,0.6270238120998188,2.897162052888194,0.567056604105785,0.6093316231954485,1.8672890963654551,0.010788802271319727,-0.010949936346112814,0.6066561715486651,0.6083177095563453
2225.432849363101,0.6288927620722846,187.63499469257155,0.06209002582304077,0.5363006558467059,4.789895458402782,0.6243851050167007,0.7162139965912795,2.800933644548183,0.06603321463277328,-0.06540173761313182,0.6880052413739229,0.6990027103376834
722.4748292550821,0.42482188937562504,72.21846317308601,0.07925476984241263,0.8820928083873001,6.426529378697867,0.5274289078111066,0.6340263642359648,1.267089029676559,0.06366183573593652,-0.06717939947937995,0.6066836776535193,0.6135334883340537
172.53930684344,0.3578712537773837,29.73040565675015,0.07564116751552641,0.834660793224089,5.138456074931458,0.6937561182736753,0.7693972857892017,0.0,0.02302172864285961,-0.022302666548412696,0.7693972857892017,0.7733646768989093
451.7970469655224,0.7032353960054332,94.5371295595393,0.022825548847909688,0.37578574432387535,7.640810113779354,0.6736557033097367,0.6977647327231224,1.91730576858953,0.010973583433829545,-0.010288936908526298,0.6964812521576463,0.6973975176958797
344.3170855134066,0.42458942500484464,49.82857366016412,0.051615522870743544,0.15521750860674197,5.300507884108624,0.6168982871588021,0.689233281312427,4.05135045015005,0.027006793962694963,-0.028693580081224936,0.67770292430069,0.6718911268584232
798.3212351931028,0.4638106821126111,82.88187801987344,0.026035548813904956,0.9421087331764385,4.333226844194465,0.617053812622778,0.6519355979123306,1.2504168056018674,0.022068689406813197,-0.021772136376560034,0.6430893614366829,0.6451456136418734
823.7789782084349,0.832397603973414,151.1005933188195,0.01710088897410498,0.16447738878519758,6.465702563491318,0.6453335916630699,0.6638476141991392,2.459153051017006,0.010533059922783894,-0.01021439920597329,0.6624344806371749,0.6632846684044171
736.0032067375894,0.5195420414522196,89.14367731763546,0.07700823509329756,0.1938972654957829,3.098882399280026,0.5860076729946466,0.7014030474296269,5.926975658552851,0.06124108166722453,-0.06074582176535117,0.6707424197713399,0.672783781044854
777.0373745332603,0.7841076937689866,138.23775273059,0.058342120606267915,0.5737492755010857,5.667183808416619,0.586684166404069,0.6534856250155658,1.6422140713571192,0.03560058297114888,-0.036412918254017046,0.6450262870103368,0.6472938074136771
1924.9294089403984,0.23788864806164278,66.01021050357802,0.031902393565911666,0.7159870372554047,3.9778706472522947,0.5157070560885899,0.5751694861200147,3.4178059353117707,0.04350436834177046,-0.042710821606578034,0.5548158682197304,0.5606204063294342
928.0322283202607,0.8403452946097971,161.90836887010965,0.018538940567732243,0.7521682277904891,6.652734298145454,0.6270601488845398,0.6465436302401858,1.3837945981994,0.01204244382793244,-0.011481572277013886,0.645599089452272,0.6462742761574466
686.1617165395462,0.9247658214755554,153.20572969926388,0.025010975124492577,0.9152388569542155,6.239874194852493,0.510943985329412,0.5359549604539046,0.0,0.011835851471892547,-0.01248874710642632,0.5359549604539046,0.5366998970739706
2018.2890847879912,0.6557901863239167,186.33163497551473,0.0416854227419136,0.47846007342863817,5.6397803986455015,0.6449157001565922,0.7050654564204204,2.842614204734912,0.041535505971549834,-0.04261474286409986,0.6870958343435919,0.6938119606032408
2250.3438777389456,0.4456503316525028,133.705315720645,0.054154339103729666,0.717708350321317,6.048782838721356,0.5986001295565939,0.6838286476035785,2.3091030343447816,0.06420383121968284,-0.06443764332037885,0.6570208255062209,0.6641414334353877
1038.4541156888827,0.8861409353603826,180.60361995459718,0.0310006862828561,0.2872478461584188,5.274975162560743,0.5535221715324354,0.5884084123265176,3.5011670556852286,0.019963076491717947,-0.020723379627803566,0.5845228578152916,0.586738132542092
179.75959063489367,0.2464181690440749,20.895307042017798,0.058650736847081233,0.9758312613928658,4.72813030175645,0.5294122251169469,0.5880629619640281,0.0,0.019564176478881718,-0.021283928188767284,0.5880629619640281,0.5921512106483031
2063.399705270447,0.4352923072763479,125.0554634079816,0.07969385231227165,0.6069377492443541,3.3957952913606038,0.5992009539048687,0.734699705441376,3.8512837612537516,0.09528823182105248,-0.09340582220704392,0.6877331233379383,0.7030124755219922
904.9150523911567,0.901524786164253,171.51873831775242,0.017407112006563905,0.8713024453292935,6.604021365584808,0.6722727607802974,0.6896798727868613,0.0,0.010151945450279923,-0.010382522162446787,0.6896798727868613,0.6902497137464311
2247.9849904999955,0.4068000406487732,121.98535289112176,0.04647040650600346,0.8649299981497396,4.264327832696669,0.5120815153591265,0.5882500252401706,2.1923974658219407,0.05692534841263775,-0.055643114310628426,0.5624664786096689,0.5669867330888941
799.9224556924397,0.4177282803273298,74.72188480107968,0.07090438330823733,0.5174617144682334,6.101265424677879,0.692423829938317,0.8052892935673807,2.759253084361454,0.06469134919265829,-0.06686382437072096,0.775258319509671,0.7715057936497214
818.0508457244889,0.8850796017746563,160.10410840643212,0.0115934885063105,0.19370455778037537,2.9711905400196685,0.5624836673745017,0.5752669473108089,6.052017339113038,0.006753583341199535,-0.006802488560088633,0.5740771558808122,0.5748836332180369
1067.1693163105083,0.629314301659029,130.02122758353184,0.027173194239837828,0.15959378764912235,6.06513855104146,0.5047322707068529,0.5416702147269626,3.7095698566188733,0.02279592297677588,-0.022441418279147758,0.5322174202598144,0.5345959708280353
2042.7295236609395,1.0362393426360814,296.20712821038586,0.059725823956174415,0.6363644655473487,5.942111175971797,0.6304444093235189,0.7007595520035951,1.492164054684895,0.04781216227533992,-0.04724737386163117,0.6901702332796933,0.6933173044841686
2336.092326559601,1.0678752840745709,326.43410919057004,0.039869814933575526,0.6553712585335763,6.816842322405034,0.5002076314344275,0.5470805492342106,1.4338112704234747,0.031207922054263246,-0.03296441039487375,0.540077446368003,0.5411967832963734
1364.8382003865177,0.7875887058359279,184.02213288642275,0.060204381481630716,0.43191046845665304,3.7738665236695534,0.5364285133135817,0.6152387578475339,4.426475491830611,0.04861497854617982,-0.04920111307512359,0.5966328947952124,0.6036696105079921
1438.7573177264428,1.0273730890269095,246.4631268761018,0.07271847055068337,0.4239693344419232,3.547130839629216,0.6577587645341554,0.7404631254435635,4.551517172390797,0.051157017155970354,-0.05034283684814405,0.7304772350848387,0.7371066696471171
1839.9520437860517,0.6548058480237431,177.64205844516152,0.03723211816772003,0.21141811337065747,6.710831534553419,0.6234928887163395,0.6757199128076128,3.3844614871623877,0.036861816097031604,-0.03601271090517873,0.6609160014407266,0.665561591468841
1004.51603137124,1.0269091784601196,205.84506869400013,0.056177089448830354,0.9363149801593716,4.846474762037864,0.590923564812786,0.6471006542616163,0.0,0.032349185282557216,-0.03187974332773651,0.6471006542616163,0.6485746248032184
2349.374296753791,1.06381228541918,326.115246715493,0.07725371232152203,0.8370076545166986,4.774436868946031,0.5420598588538117,0.6322885007521779,1.300433477825942,0.06342775742984351,-0.06404034342656652,0.6193135711753337,0.6205774053806923
1020.2581150667878,1.0444677423660098,210.99883442208693,0.035448800655621,0.7810456841411837,7.538026106546647,0.6940784325762859,0.7295272332319068,0.0,0.020209159989876838,-0.020172908334201285,0.7295272332319068,0.7304759709564249
2374.417952500855,0.6995518379500485,215.58993483013734,0.04443160522556093,0.9888764578911876,3.309075227481841,0.5375060523369525,0.5962128641188639,1.1670556852284095,0.04490438645862175,-0.04507435731304616,0.5819376575625134,0.5819376575625134
2411.6375145900042,0.8202753396417528,254.7684626850384,0.04754128068587105,0.2188448135571751,5.079441494097976,0.688844230704311,0.7527147735451537,4.7432477492497505,0.045980742960303626,-0.044381399674371436,0.736385511390182,0.74320025761274
1546.9391760368121,0.5641657601955814,140.33737199559226,0.04857721010255899,0.897530578316006,7.477091966811965,0.5800176331305791,0.6429044338541418,1.192064021340447,0.04665704114790759,-0.046975961620049494,0.6285948432331381,0.6320184848427546
1559.3464058423729,0.4512823514145477,112.70667743730183,0.041575970731093356,0.29789437310482864,5.188833571193451,0.6156480269929324,0.6823649099580384,4.426475491830611,0.046631022505482844,-0.04596209964899475,0.6617194956292222,0.6655495231775184
910.8081667138555,0.4449064705747834,84.92042826712446,0.020571792464201634,0.2255892995855438,6.268766694284706,0.5443276007145407,0.5767351557800104,3.4594864954984996,0.019830227409044995,-0.018550443398221966,0.5671380960410893,0.5673977978393646
383.1448506557452,1.09898452078786,136.05141645764547,0.028194155132233993,0.9064434838853189,5.655115722511504,0.643014033361363,0.671208188493597,0.0,0.008278466571880689,-0.008505134918547232,0.671208188493597,0.671788776736522
1446.2053875991248,0.3627300755539721,87.2425898825505,0.06929361000168219,0.8451754898381058,4.098112792101604,0.6527701392822928,0.7720863044398788,2.259086362120707,0.08262040511982073,-0.0813220691439184,0.7315904325315007,0.7310891751064256
1403.2966200266267,1.0181442265040583,241.22040269484143,0.06619770599127775,0.13689619282182772,7.27565583314755,0.693713283595698,0.763974816822233,2.409136378792931,0.04555081131330852,-0.0446566231269431,0.7599109895869757,0.763812586268492
1881.174886300249,0.30792217776236125,84.46670470847027,0.06651631228859842,0.6827401383612273,4.032957905131881,0.6768061102385333,0.7966446439148319,3.5011670556852286,0.0863636619088314,-0.08426912848834107,0.7559443755895513,0.7666484310427182
1457.3600522876147,0.9676351379174621,233.62808905305798,0.056907962400897,0.3596644933344354,7.850112175166219,0.6142011095879116,0.6772079123190705,1.8506168722907637,0.03905570738103889,-0.04148333166854159,0.6711090719888086,0.6739300517306488
1340.2125803835015,0.5631586654279295,130.3909987467479,0.019544094215438117,0.7175915920325455,4.584795188034884,0.6869225020711284,0.716411713695907,2.4674891630543514,0.019194562379597442,-0.018732867038757102,0.7071569686182425,0.7086007609531655
2416.2332046853558,0.890876769814956,276.9600024448052,0.026974633459177465,0.7443817127235697,2.122530505790333,0.6652801005616785,0.7033005009400307,4.7932644214738245,0.02477495492830255,-0.024792574515467895,0.692254734020856,0.6975843387480861
1284.6845610172697,1.043065684896668,236.4503200557939,0.03644320289281756,0.3368562440354599,7.970338032536236,0.606135574302415,0.64398208080174,1.9006335445148383,0.022202098728867904,-0.023825849844828533,0.6425787771952326,0.6435865579025816
2171.6381017850513,1.019951447618908,300.60985960457054,0.04629280989469964,0.5101425329672689,5.317315728634101,0.6695479005762828,0.7257541277117001,2.834278092697566,0.03731174776700187,-0.03847904003309106,0.7158407104709824,0.7213059008654177
2415.184555841919,0.4954898984327446,154.0068230459955,0.06170412674838927,0.3568370295609635,5.665718247989032,0.6609579176436541,0.7551759205498361,3.1177059019673226,0.07104719394596697,-0.07216681142430202,0.7265111239924446,0.7365718215912087
2227.567179187104,0.6038445658513221,180.24804508565796,0.03588289777961241,0.32810645080979906,2.800503022509125,0.5729835137287348,0.6295841635515017,7.460820273424475,0.03874265009818858,-0.03860346627048169,0.6102645879865896,0.6174916252519425
2192.746731394833,0.5769285645895745,170.86231011431414,0.032210521606785544,0.7652190201277733,3.2935068297556325,0.5512573604975365,0.6026402794831242,2.4424808269423144,0.03516526466659745,-0.03529650256134016,0.584775398924762,0.590497905174283
2346.180756011926,0.27343072335549506,83.76412210040802,0.03902418261703963,0.6190760731553239,3.3815642936876333,0.5562024968469439,0.6267544634497917,4.7599199733244415,0.05195183309082191,-0.05148114023814754,0.6020390803827869,0.6112522546108048
632.4288753967946,0.5106670148545776,81.2219940920756,0.07289540285549138,0.4884286119144986,4.50697409914059,0.5773161760348778,0.6844327071759095,3.059353117705902,0.053995064681051,-0.053402590621864754,0.6579694138323767,0.6573985600250576
2413.877744650178,0.3055694925978341,94.9505804571985,0.07103127946575566,0.394444960955178,7.73906955023212,0.5630454492487318,0.6800854209996994,2.7342447482494165,0.0925998611965895,-0.08896301605057674,0.6428665680395421,0.6514846934278347
298.89847181516916,0.6680376959172644,73.04539004228506,0.025950590551693728,0.7776908339260382,5.943833709967727,0.6372938315844753,0.663244422136169,0.0,0.009066958910923604,-0.009178096709130331,0.663244422136169,0.6642114288400284
564.3747726655279,0.8377672383966266,125.87432797297043,0.031793171888623614,0.9988066252540639,6.390605978444038,0.6180823014817025,0.6498754733703261,0.0,0.014677585312146673,-0.014345639235750869,0.6498754733703261,0.6509289942733257
2181.082670117315,0.7303805297474846,215.7323362239082,0.048692490674287346,0.3135840425248416,6.06867197195255,0.5749288856498923,0.6420599700959886,3.2010670223407804,0.04666512116266371,-0.04828324967823074,0.6236213763241797,0.6302713549600226
203.39830674911283,0.9344556167329621,84.28733859566576,0.013631121665411932,0.7050701105564733,2.940325348909491,0.5865139033141727,0.6001450249795847,0.0,0.0028094492210161436,-0.0028034370563903943,0.6001450249795847,0.600421071534816
2161.8199805121294,0.284977594202732,83.8012457523759,0.056700547498683466,0.6513568682374767,7.205178478137757,0.5345469742648133,0.6286336599847142,2.325775258419473,0.07164727840084492,-0.07496593648023388,0.5995258697519301,0.6070179732492985
2019.4900111259317,0.6051090770671954,171.98260309781568,0.04000507387452719,0.42560591575588747,4.313444877175508,0.603991925285045,0.664898534681061,4.243081027009003,0.04168406604274166,-0.04244624428093312,0.6452163483004909,0.6520596627057746
356.3195750163179,0.5825592828856622,69.54885163910605,0.05563868505416661,0.5483731180944832,2.994976813097737,0.5726103403583264,0.6416234490796467,1.8922974324774926,0.024469995537810246,-0.02485521196301051,0.628249025412493,0.6307659093629454
1163.1080186222316,0.8019873331696714,172.9846349983563,0.07305364257762484,0.5953379613290366,6.058208768704185,0.5154379250878809,0.6041109869498189,1.5588529509836613,0.053873028203193285,-0.054897865195270956,0.5884915676655057,0.5914574131537674
2390.7208704342233,0.4836878213199707,149.57519737636918,0.0348004224781545,0.3005585025773614,2.5080204305932954,0.6580093580283702,0.7165455343692625,8.919639879959988,0.04077618767759259,-0.0408856462526156,0.6957440616190073,0.7036372727790062
677.1761960948147,0.45441896181078184,74.78892357959488,0.022725739362439087,0.9773967522689921,6.686208783675227,0.6859799299961401,0.7114370308069571,1.2087362454151385,0.0168366228049444,-0.01715477613955387,0.7087056693585791,0.7104776327763453
2168.1360809284247,1.0156671195907356,299.1056778593069,0.04353238362944352,0.25348729362139044,3.9612820061452663,0.5584903033963406,0.612424269435956,5.076692230743581,0.03629576885388728,-0.03574191458556039,0.6020226870257842,0.6072874300948262
1821.1212102432553,0.2231054176766082,60.21567213066565,0.019942955044258397,0.7145966082293749,2.7406541228026486,0.50965837015408,0.549146728763433,4.634878292764255,0.02702935168932795,-0.027263438971534448,0.5347379822567537,0.5387944463949451
362.11639506685805,0.8216067377387868,98.88219124846358,0.019752768158329007,0.23167392502283324,3.3818011805545956,0.6501821408393045,0.6699349089976335,0.0,0.007064749805169183,-0.00706756213753801,0.6699349089976335,0.6706091774810033
580.8469894258624,0.2318378570517865,35.338264811174,0.07341043489031585,0.8886865818618305,3.1089140053788347,0.553068517954691,0.6894329016893661,1.3254418139379793,0.07643678899347929,-0.0753771270434166,0.6494806894612782,0.6374202278194225
552.5381714647383,0.847581085065557,126.00633937187877,0.027500621893246244,0.9383047816406519,6.965846146301414,0.6176802255139346,0.6451808474071808,0.0,0.01245645651379201,-0.012409689423017982,0.6451808474071808,0.6460766103375114
121.45173931291167,0.9953024657750003,69.37243601411505,0.0609433152572788,0.8091166568869057,2.4309512274319465,0.6417120340437084,0.7026553493009872,0.0,0.007823300737938682,-0.007814362314902968,0.7026553493009872,0.7034804371841138
2031.0147366979447,1.0609718205413494,302.40598498166463,0.050632933094770495,0.5572376667993444,4.55238073989147,0.6402575361929287,0.7005580391403258,2.8176058686228744,0.03996423564731974,-0.03976351786437673,0.6908904692876991,0.6966709311643011
2309.971131315073,0.7397795438444321,224.87210744681752,0.025909854905583785,0.11581655527825907,5.714678709605165,0.6729195776038105,0.7081528188298358,3.909636545515172,0.025460054759406298,-0.025780654107578557,0.6988294325093942,0.7022968054399698
258.3406661761825,0.5578140880652114,56.70428279422011,0.0758032848256632,0.5515092962711248,3.3239493787315584,0.5707312823537697,0.6587033458083901,1.91730576858953,0.026204750527183338,-0.026569961348487246,0.6465345671794329,0.6497507628621061
1079.5349588675351,0.30556056297511297,63.49589550265143,0.05625545706938879,0.6329478961832288,5.886337267193464,0.6221583137360376,0.7247809480601977,2.5091697232410803,0.06632292499947488,-0.06711532018088383,0.6917803971195501,0.6894215985429165
140.0129638920152,0.35701656460968767,26.71791026648687,0.02159004013621024,0.1881563376681905,6.412854639189659,0.5240274428956984,0.5522096419370316,2.6175391797265757,0.005404709534182328,-0.005878843458693341,0.5474804291033967,0.5466399845331004
1703.665776280826,0.36055127868830794,94.1215857284172,0.018281712477354845,0.2462770437544714,5.0504207392281195,0.6290965019715511,0.6606038668855836,4.634878292764255,0.02256959949882802,-0.021662139083943616,0.6500632450148857,0.6521171364945628
2048.6196641383285,0.3157059849181676,90.37399467223628,0.05313307231700812,0.7964556394701225,3.8744310290473063,0.5159431158734875,0.6119419215812589,2.3174391463821276,0.06772055393993867,-0.06881039874254745,0.5776211438918477,0.5853650274130784
474.2703113596333,0.2824027828044111,38.89662655481793,0.07210483517158746,0.4390315015242111,5.140091630814716,0.6537376303608629,0.7951179035126076,3.1177059019673226,0.062448675895116004,-0.06431767541740616,0.7545308776667584,0.7347341327171363
991.5962130897371,0.7841923891648515,156.1780688480118,0.015367589725290641,0.5328150828117404,2.579113797021846,0.5496568281360457,0.5691048907778863,4.476492164054685,0.010847997566583379,-0.01074101453347293,0.5650244178613363,0.5668138221069342
804.0179862291247,0.8458254234982521,151.68534114232924,0.05718729304024778,0.7723720800379592,2.370530283424011,0.6987828424346093,0.7637433105699356,2.6258752917639216,0.03399249110187021,-0.03399633060737312,0.7559701354748571,0.7559701354748571
230.6080689034454,0.9431730122952386,90.58548432374904,0.061818825343637494,0.6325856114426379,4.633142990869923,0.6514264706540365,0.713245295997674,0.0,0.014178508940690226,-0.014187742729756668,0.713245295997674,0.7146142959184316
1875.6587278452307,0.3234605019408241,88.5988659318755,0.06548427310726092,0.17070129769146875,5.003276852771209,0.6290163653134389,0.7434835476834365,4.926642214071357,0.08357452540300975,-0.08225198500366981,0.7046661303187587,0.7128266131270006
2072.0532577005465,0.6167991962837485,177.57190412824414,0.026580065429560165,0.5415936539109459,3.5012486626227206,0.6057450762912296,0.6466258761985989,4.068022674224742,0.028146944113402364,-0.027591666665821395,0.6331668121833421,0.6382082453347684
1210.0196394556428,0.902454035375355,198.5414990220399,0.026806307940977027,0.2799866657713056,4.84511203740176,0.5101008730381701,0.5411597895861544,3.609536512170724,0.01896333463972918,-0.01876435866363917,0.5369071809791471,0.5390869067841528
650.417508245214,0.5183344227689228,83.60575223451896,0.044134079879263724,0.34249304010282766,5.363818968250438,0.6756829332890343,0.7387606711424402,3.3261087029009673,0.03310513884878595,-0.03147473868805226,0.7235585795387762,0.7238681255399416
1404.945907258245,0.45815556956278863,108.61073878766726,0.014338668040162043,0.22299967427349127,5.367304211283144,0.636741767620876,0.6592770612139289,4.643214404801601,0.015410643524781623,-0.015542716368695786,0.6526215120093993,0.6535765111745606
219.20306452976934,0.36699484674213356,34.3647566152257,0.03233568894735994,0.3877957979924521,7.750442085067766,0.5407541195884845,0.5838381109505701,1.9756585528509505,0.012185781572224474,-0.01326558823449984,0.5738680909999769,0.5750680717696175
250.04883874986135,0.5177133463810872,51.77639128568519,0.019410937972077564,0.21392376862221021,4.44470396670277,0.5612782278499897,0.5851582380296275,2.709236412137379,0.006865325039044095,-0.007119516337433304,0.5819514775168755,0.5815849338188893
320.1442627728628,0.7438730864847045,84.17860094150679,0.04511898362142451,0.16938970205617485,7.176466844084866,0.5569426116424665,0.602061595263891,0.0,0.01606240078241767,-0.015462439517866829,0.602061595263891,0.6035714147207561
2407.3138838732307,1.0383847693006931,322.22161153145845,0.0403867638353127,0.30571024639450145,7.009116275181335,0.5722571683244894,0.6200006154116275,3.092697565855285,0.034181443640041935,-0.032110626329015325,0.6126439321598021,0.6166516808845299
492.52166721111575,0.6964469442370471,97.7531370137607,0.04425817098908861,0.8650160909325607,6.375688279035993,0.6752278973673507,0.7194860683564392,0.0,0.02118399104055188,-0.021958638269484916,0.7194860683564392,0.7213184526497253
1863.2869897296985,0.7779574645830174,212.3859207961335,0.0450124006593909,0.9887979605468027,7.754988944001034,0.6697705963071499,0.7172706713548772,1.1253751250416806,0.03585547864844288,-0.03886822610704413,0.7147829969665408,0.7168249720054011
1960.7661130852669,0.719803595106661,201.58439213533646,0.028182735236834476,0.8878951243791684,2.0648968092737463,0.5454879933587866,0.5876743031787505,2.334111370456819,0.026965199262477226,-0.02705060182363759,0.5736707285956211,0.576481985802137
1068.9578682027277,0.7275414397106648,150.4416281681476,0.04926155242522492,0.25823424374675624,2.628789198881191,0.5444657855170559,0.6103204757541998,7.0773591197065695,0.03751262029020108,-0.03797539845052489,0.5937273379422808,0.5995133890948936
936.9010933515607,0.2126483191280776,41.16601450578898,0.05847190743848991,0.3229546921637423,4.108426619290174,0.56698033811678,0.6903171867235712,4.701567189063021,0.0760624266029689,-0.07704679784856378,0.6505314323937207,0.6419996747311422
1328.3915221084524,0.97381974988515,224.47688204892327,0.020457296745387883,0.40665440190814306,6.152172846390702,0.5088462826560873,0.531264495973705,1.8756252084028011,0.014364128595601102,-0.0136965138868902,0.5293035794014752,0.5307007771615213
2091.948724389337,1.065642626447684,308.2599457204912,0.05253460418073937,0.9608575339276492,4.478370976590487,0.5830063461310273,0.6384428205860222,1.2087362454151385,0.04100939357011942,-0.04065419494292423,0.6355409503117667,0.6362781814979096
354.9973825922499,0.23190224149979274,27.634239524060526,0.02711530226941737,0.5303157913910329,5.046094345177334,0.5435150763482867,0.5971017508893112,1.7672557519173058,0.02206249803142673,-0.021014544735598738,0.5858260000060216,0.5737341937616319
1570.733619187426,0.36308528735454915,91.01016808011471,0.032834779818837014,0.2761385636703947,6.179981599940825,0.6033145016444623,0.6576055553892121,3.267755918639547,0.038535390117570394,-0.03974211984450705,0.6411988838276368,0.6426868620039005
1866.642637774277,0.2515233526324847,68.72882192673804,0.0397753456164599,0.9702627210832785,2.3217170882381817,0.5836757379391924,0.6580419381295051,2.1340446815605203,0.05253382047066897,-0.05231667706933031,0.630770247585625,0.6346949142569978
196.95572525348933,0.33198798887372,29.46705081303977,0.04237685161011361,0.24176205791564734,5.112532549783058,0.6845463365540139,0.7511426879823979,2.534178059353118,0.016933719736253298,-0.015825176243302066,0.7415630351461994,0.7295137443233393
580.9781396738242,0.29646785874097803,45.1947000220087,0.06776935933880664,0.5142428626723797,7.295666593064826,0.5612246589330774,0.6796817623600414,1.6338779593197734,0.06538178592841484,-0.06102110253012138,0.6507944994980707,0.6372019646161036
1606.076812449015,1.030982198871498,261.3149871406815,0.022018705961353413,0.8206557033748629,5.789100499070764,0.6625893489254107,0.686069298756138,1.3171057019006336,0.015945767635265118,-0.01583599312924477,0.6846080548867641,0.6852354502014054
509.6640278874596,0.5906778233033112,84.33787467390398,0.019018605993386686,0.9640738971868281,2.376150337760807,0.5130966795988776,0.5328409058301523,1.3254418139379793,0.01068088441944611,-0.010626656238626932,0.5321152855922643,0.5323292106505394
2255.5748612360853,0.47068593332390757,141.38060568966398,0.051791402299300515,0.35872797601657613,5.892550253765189,0.5384938738540055,0.618805619757681,3.0760253417805936,0.05851916612237811,-0.06127599502988533,0.5940671602837219,0.6013941406088108
1201.2866993235264,0.6801429573023551,149.09172355267125,0.0333550023200991,0.32653055014205684,2.841240006027301,0.6412288672615839,0.6884121101903884,6.460486828942981,0.028220742449034844,-0.02799902449427302,0.674819637609336,0.6792477048417838
503.8785183866158,0.4629137520693302,65.71931080106944,0.033583613523156225,0.5089301172817031,6.2154121973004015,0.5855890269307411,0.6340991797352207,1.725575191730577,0.02291563942408142,-0.022658468350879184,0.6225747072898574,0.621505978411253
2190.6246914451604,0.8118070819581662,240.30722068048664,0.0686940701291126,0.7447185651978466,2.8917907990225977,0.695585460372818,0.7930811688597452,3.5761920640213405,0.06482852633714381,-0.06410715957164714,0.7642795305019305,0.7754299302327543
1987.8070378440773,0.7154495917706114,201.7419191078963,0.02156616585166883,0.255412583721077,5.68598704916085,0.5832394266004023,0.6128339312039716,3.451150383461154,0.02047378738879736,-0.021070144846375455,0.6048055924520711,0.6075479655851524
1722.0628012363497,0.5351849524097325,140.46184945849035,0.045899162001961646,0.26916223416756585,2.9312068657629595,0.5151289527396982,0.5888576811890763,7.694231410470157,0.04882559768871232,-0.04928193081034655,0.5643845687821923,0.5717119963887662
2067.1343317565256,0.6998476264216953,201.24163617282233,0.07629987279346637,0.7745376532233952,6.612578961496964,0.6018116868394031,0.7044963520001055,1.300433477825942,0.0744943266065392,-0.0750224478715899,0.6781115596328695,0.6822311728130187
2057.0894476615617,1.0478571007824353,300.57900645016497,0.060521817663480644,0.19503004679830122,5.906119155521037,0.5240866424482183,0.5948669641271155,3.6178726242080694,0.04628626911883227,-0.0483958150868315,0.584608460111699,0.5901724091944578
285.33381380480284,0.8236103646043442,87.98900762691488,0.0684349802346827,0.24295734165642996,2.4448916477962683,0.6773045788384088,0.7457395590730915,0.0,0.02001376225989901,-0.020103837105970506,0.7457395590730915,0.7478543658620144
417.30240877808535,0.23157748436936346,29.91932375968471,0.06047380581365423,0.8629439986858086,5.086840048785358,0.6079850488187576,0.7091675405159839,1.3671223741247083,0.04635861239174957,-0.0498428497160899,0.6781039117509075,0.6761602609534298
908.4652305457087,0.41461687897960936,79.03712403981916,0.06286624491229104,0.8643559673089383,3.9274685489911803,0.5547638369751302,0.6518935554588997,1.300433477825942,0.060398731554729655,-0.06173166908845485,0.6223217721711569,0.6235581559304765
742.7001269081202,0.24553587622012052,42.32058889423678,0.029675251738826673,0.12308582527210452,6.730445734810237,0.551185365806192,0.6091093620095296,3.6678892964321443,0.03434408930625106,-0.033267034354299785,0.5917571460640393,0.5857128101249561
1756.3724544432728,0.6888695469865006,182.5892860881084,0.06862245409840391,0.9643408548013195,4.20374968477499,0.5176681639779275,0.6047631142502833,1.192064021340447,0.0641213395234466,-0.06412608764518797,0.5862906180763314,0.5890694474863237
1899.1498345262146,0.21917209357926504,60.408056963641876,0.02560743341403724,0.1479256016258247,7.388890229718893,0.5010594163403145,0.5455858696845839,3.3844614871623877,0.03505897538169712,-0.03344545332103759,0.532537509966802,0.5336966397938123
1282.5811960365563,0.5815992144430822,131.73350317729333,0.05569212651836977,0.3607696797123249,7.242172402816751,0.6468691483162786,0.7245694281618059,2.9426475491830613,0.05163933179481246,-0.051787723290011224,0.7042756871776067,0.7093080663149327
1137.506622381359,0.5222236245612872,111.3944304301027,0.06711217732483092,0.7813542686821936,4.394000348144285,0.5682743725220254,0.6679123343138672,2.384128042680894,0.0641738968543705,-0.06395847531052255,0.6376330526474154,0.6403507142153384
193.33117519010113,0.2735365208961311,24.054495896287918,0.01377429188879643,0.12197393771322414,2.9172342928446855,0.6714283635361149,0.697933972362994,5.351783927975992,0.006145841597961868,-0.0058039825334475015,0.6937299253863258,0.6861338812054869
2015.5823458140762,0.9610164630453775,272.87333333526374,0.05366602529978304,0.661656791116603,2.7435904793181,0.6397930707284774,0.7094346681463055,3.8846282094031346,0.04480402582438068,-0.04486338566874665,0.6934590960282604,0.7015629353210172
772.0633860891352,0.667327996807581,117.27240177033872,0.07683058226606002,0.8835538548865846,3.399161043774753,0.6473301231400587,0.7375225735577682,1.3337779259753253,0.05196569912203861,-0.05258792231865252,0.7241607054061187,0.7273680754285832
349.8177999021066,0.22406823716962934,26.505209733215587,0.011972199234730214,0.25322183579621116,6.169690412562757,0.5726611786916037,0.5965405795241373,3.51783927975992,0.009528674691461998,-0.009478453286608377,0.590715241511549,0.5860734635214732
138.2618535200603,1.089220368239158,81.0022228687183,0.04733648822623952,0.4544921936001858,5.113099370292988,0.60399418197171,0.6513306701979494,0.0,0.006508851565929305,-0.006622098290240398,0.6513306701979494,0.652062020531733
1228.567785023185,0.7516540140184738,166.62782992689682,0.07199386339078145,0.37154232286937794,4.921811737075773,0.5007287992393538,0.5934788250731695,3.2844281427142383,0.057174287446343376,-0.057779162111739994,0.5727226626301352,0.5803581371131178
2163.5542751636863,0.47531350002180467,139.8279666689945,0.028990782882985823,0.9977834522899311,5.506357632471127,0.524608649228198,0.5645762285405336,1.1170390130043348,0.032507878040587725,-0.03141263680177769,0.5535994321111839,0.5563322728871648
737.2599277445704,0.5179039294396803,88.93844182113307,0.07902420335094577,0.4875595101233722,3.3808039297568544,0.6139461934825634,0.733645879480969,4.3847949316438815,0.06256840289269015,-0.06301541975544603,0.7012369024249396,0.7036475540623426
1071.423179336825,0.2494643493276834,51.64389677391767,0.07026437287180279,0.11411877455497353,7.39090181447286,0.6583717407203604,0.7884688694903552,3.526175391797266,0.08888393783491814,-0.08512010008395995,0.7484944748108737,0.741408180934061
281.9757043417867,0.8512499700317486,90.40510405038816,0.06396591774975233,0.6420763660858161,5.46602480093674,0.5099374052495949,0.5739033229993472,0.0,0.018581046974308728,-0.018215290395144284,0.5739033229993472,0.5756084694546834
242.79129237467814,0.8545597848521274,84.21491223449162,0.01738956252432369,0.3176596906358298,4.993019562940153,0.5328327347225363,0.55022229724686,0.0,0.00441457671736273,-0.004445906338950321,0.55022229724686,0.5506656515829795
1995.6149453200615,0.92664022140118,261.805952535623,0.06895002478826244,0.1446113086972345,4.567238967401746,0.6693835345428671,0.7561245507563374,5.27675891963988,0.05805973129033719,-0.058743173926041996,0.7383335593311295,0.7461377597332504
971.7265367360774,0.8262383404907203,162.8948563851105,0.051247213293300675,0.41248775503646073,3.6584289745425425,0.6305486184198813,0.6911648080961723,3.442814271423808,0.034119643321527955,-0.03476508545835669,0.681795831713182,0.6863762283803285
420.6979288069528,0.974110267178983,126.36398213647064,0.05035104087564925,0.20035315461325526,6.221165871160181,0.5862225099764837,0.636573550852133,0.0,0.017702826537822434,-0.018021647920209084,0.636573550852133,0.6378380423887818
589.7953968716217,1.0649623636323797,163.574252696575,0.060375344951009796,0.6336942609951964,7.09320308635617,0.6087739579764305,0.6691493029274403,0.0,0.025404290456818614,-0.024173976039321046,0.6691493029274403,0.670570876454757
1159.5294695989692,0.3705021738746375,79.79242269725397,0.02073732975827251,0.48877238473466345,4.735847474165094,0.6466625010461454,0.6821970069293949,2.9426475491830613,0.02314316901130939,-0.023538711000970478,0.6715034836683111,0.6717202971345183
1161.0040240885032,0.7338432805088762,158.1430753514282,0.06827629668533723,0.9940012259594876,3.9351518909076946,0.6803908927456737,0.7555926549053348,1.2087362454151385,0.05263442866200618,-0.05134537978597799,0.7486671894310108,0.7513263586059641
2034.5220924486373,0.2612060212875978,74.515116493777,0.03339112515977239,0.29713866385094506,5.986305634537988,0.6110598272435376,0.6680096788156706,4.176392130710237,0.04313688493890484,-0.04475584620308641,0.6503594065155223,0.6549516582272442
1287.6425262149287,0.8872073874268198,201.3505409570288,0.03333160870683884,0.4444770659979391,7.193803689352696,0.6944417018520013,0.7326702855207213,1.7422474158052685,0.02350215257167487,-0.02445936668344307,0.7277733105588401,0.7294728076906131
1963.2576178427973,0.3953638772995037,110.79384348017355,0.01788561425146931,0.2882846329892218,4.536568190137379,0.5473394055495276,0.5775627004479639,4.651550516838946,0.0212509709377005,-0.021896029423717742,0.5673447557444619,0.5699470632776856
2262.4987553728283,0.8036506115906963,241.76389824527433,0.03917104713481099,0.3464305595754047,4.283966030845786,0.595210119073346,0.6493818961705645,4.551517172390797,0.03667721410000657,-0.03763956710961432,0.634381166208157,0.6406894007439649
1813.1736452217488,0.28040740240599105,75.51603322768067,0.0694183057852262,0.214804028017162,3.5747004918346272,0.6987179791545167,0.8273003986104223,6.443814604868289,0.08917750102771344,-0.09169795967419588,0.7822032725242727,0.7924246290935438
556.5007217062027,0.2910279690077111,43.420776938238504,0.054688371134315884,0.45381617186610246,2.551012605611052,0.500748485669809,0.6157702628427917,6.018672890963655,0.05282873320539681,-0.052346030143528476,0.5819222535253004,0.5663085178268512
289.9877833155467,0.6704620208947161,72.20944857519403,0.02616250615916596,0.7997969208870549,7.145051798430458,0.5289666035430589,0.5551291097022248,0.0,0.00907528042533538,-0.008693264087531403,0.5551291097022248,0.5560581400899854
908.8476897627284,0.33191671292137775,63.285566253999335,0.030068489250736304,0.3152839768755142,6.721189405623119,0.5690959356028132,0.6219702562471284,3.1177059019673226,0.03297339395213149,-0.03203653773263054,0.6052095035452517,0.6038928375168342
1289.3555169860233,0.8065055949256834,183.15708443802725,0.06755796544065307,0.3710881812902066,3.255324006224115,0.6956906747511735,0.782641434072907,4.893297765921974,0.052534783287244556,-0.05310015343017182,0.7632486401918266,0.7712420696272724
868.3541071539927,0.8039612892627881,149.83510102910373,0.057448872847446306,0.5626265010395869,3.370684672907342,0.5282914841908353,0.5969148105120718,3.017672557519173,0.03702175556688917,-0.03731828197250111,0.5857403570382815,0.5906462445553748
1268.8387477946346,0.6598365830402393,148.65160486542104,0.06413567297423584,0.7388500995569741,7.4722476730152,0.6941721123775263,0.776744842748883,1.342114038012671,0.05593464974537542,-0.052267791302022214,0.7583077853517621,0.7618195585387246
1846.8431828788978,0.2688601239472281,73.07543352344707,0.03835828164519718,0.6479221328566146,5.541170428699745,0.5362887571661197,0.605791951384048,2.45081693897966,0.051036458926854635,-0.0499318549335511,0.582078240599122,0.5864041554297055
1499.0673506820913,0.5147124570932997,126.03908670885788,0.03372487913906012,0.8506063047711125,4.53159895200932,0.6054791908128905,0.6551169672129342,1.2754251417139046,0.0346973249763304,-0.03532837107192239,0.6398874941860853,0.6418733541819663
1450.894866482749,0.7066971018664547,170.247709637398,0.024918505964836045,0.6395080268341063,4.007741653664717,0.6310040589192338,0.666000495046348,2.684228076025342,0.022201522726123357,-0.02203034782902647,0.6559225648840699,0.6594583875367627
449.67423751774504,1.0947040351703028,146.81678784614843,0.0640430304017377,0.4755262901358768,3.8081111051856977,0.5775604069635691,0.6416034373653068,0.0,0.021988499762205044,-0.021836110965563094,0.6416034373653068,0.6429034752192669
1830.8998546572998,0.7898670196261088,213.75499462218215,0.059146475840041124,0.9000992759063854,4.737771357862456,0.633904229689533,0.7072777701746408,1.2420806935645217,0.052248125381992444,-0.05290447816362986,0.693050705529574,0.6952873932374157
1159.619091903684,0.774288270307889,166.75941169415114,0.043237654587406305,0.7989972646041038,2.0315607397023983,0.5431421911579564,0.6012704642241482,2.5591863954651553,0.032872883531285785,-0.0327534446321091,0.5863798457453626,0.5881713698669245
811.450300391787,1.0508550556260048,189.32317377998848,0.045493234907684255,0.42791669199832716,4.425872693682031,0.5903644566865073,0.6358576915941916,0.0,0.02329189100018144,-0.02336876384597906,0.6358576915941916,0.6378044595161493
2182.7929362735304,1.0661022791121242,315.01783127420083,0.06909152478181614,0.8574910870770536,3.1940906657327672,0.553735614352451,0.637123092371811,2.325775258419473,0.05566250142722253,-0.05594724981289868,0.6228271391342671,0.6228271391342671
1530.5180333394378,0.79052367209718,195.59786071165257,0.024189376141225693,0.7716536854718656,3.1997813175175205,0.5526021293178829,0.5854879454475265,2.4841613871290433,0.020604428562921287,-0.020332457282161487,0.5767915054591086,0.578463384775315
836.3092911558655,0.9613922748412855,175.8385462674205,0.06124587278096184,0.5776168921517633,6.918495788809371,0.6625856494671847,0.7238315222481465,0.0,0.033798634630396784,-0.03393519475151939,0.7238315222481465,0.7256193275068757
1035.5994302769361,0.9032935587386781,183.8462646686505,0.02443699404011603,0.5529059649599584,2.7094503823320224,0.5853588971182516,0.6137970899397225,4.3514504834944985,0.015962844298710175,-0.01597514644071107,0.6097958911583676,0.6122484774754294
1348.8778474412575,0.2719265221244633,63.16374550342337,0.0423828933212225,0.6865034886641197,5.684529408468427,0.5108707775782114,0.5893951470894754,2.4008002667555854,0.05450001308042262,-0.054042794782246766,0.562836350801524,0.563604856679832
328.8152461796826,0.516220621359627,59.202673336771504,0.0689880006041274,0.8827804478506263,3.857677218247556,0.6437784170482912,0.7127664176524185,0.0,0.030319299240274204,-0.030643408079748233,0.7127664176524185,0.7163246052639776
1485.7374216439434,1.0850800328834895,264.52260967605383,0.016625073860278422,0.5930926680162294,5.555225893227523,0.5615337141902232,0.57956592372468,1.5838612870956987,0.011413873937679335,-0.011024553502611991,0.5781587880505017,0.5787206388236076
212.68779397952989,0.24689408211904346,22.77256547108976,0.041753263794044676,0.7232264104995272,6.201054714818765,0.5361939699443649,0.5894883996412911,1.6005335111703902,0.01933360179642246,-0.016369208988517802,0.5779472337384095,0.5812965744121011
2159.133138413887,0.5394461833727705,158.53232609866416,0.07750575313806925,0.20634367098307316,7.018728191812891,0.6816676306490895,0.7976286508503833,3.3177725908636213,0.08627840353562168,-0.08365377046033712,0.7619908363495049,0.7713256773517945
2074.421262744955,0.9279570270797157,267.30454193033864,0.03529170107834615,0.7420087960488757,5.476079396067803,0.5848958262862437,0.6285688849883464,1.375458486162054,0.03013581349500542,-0.030337145590126974,0.6201875273645898,0.6212947005558448
2483.4680705288315,0.461409246330608,145.42717884003366,0.03892008155314489,0.9125749336043056,3.734049674577645,0.5305362284257076,0.5924259689582699,2.150716905635212,0.04646414899232732,-0.04569051608262932,0.5714032992740323,0.5749624329819458
843.9993992067641,0.8833805093916121,162.31134527630695,0.07018978067915863,0.203000488860125,5.73027608644896,0.6134573811189485,0.687612777883333,2.45081693897966,0.041885078922964836,-0.04131287541501736,0.6836471617981071,0.687457575618536
1705.1146852320762,0.8039507340141165,209.9598380476283,0.07716272291865699,0.41187628758406536,3.7986015304146727,0.6162450571643651,0.7200366520928462,4.484828276092031,0.06756025894572956,-0.06729307786754336,0.6934077800830221,0.7038933800350718
1130.6043021727883,0.6263788450813206,133.20557274872752,0.014849389545314496,0.2334179592582337,7.612249619557171,0.5136582903340243,0.5330042264838738,3.2094031343781264,0.01235946383509235,-0.012729338373141212,0.5285374296847023,0.5298622555773381
1516.34942243349,0.8791175261161013,216.5093115207825,0.010830446990857926,0.3004733331400463,4.262432185096321,0.6013634894137336,0.6147619537789516,4.768256085361788,0.008482178355020248,-0.008626799266328691,0.6121939364045915,0.6132339462513368
919.828707413585,0.7840993323341452,150.4023283373588,0.02584782620754989,0.1229346427861171,2.0094263049095247,0.5691024023899268,0.6014274720072752,10.236745581860621,0.017516576186239217,-0.01744399237318435,0.5949502285974767,0.5976449294575166
967.9907180661932,1.0537437056478898,207.3483508733778,0.013134649876416542,0.577058554121663,5.466879885583078,0.6398550023795438,0.6529896522559604,0.0,0.007444572027071893,-0.0073226514796190575,0.6529896522559604,0.6533334928459418
1632.9630403375852,0.20732554435154857,52.98720206222021,0.054230037138630824,0.3901491457297589,6.637213768086811,0.5376730772271399,0.6363127308947738,2.884294764921641,0.07465031439671589,-0.07285159416154088,0.6055233609725329,0.6073480470763258
1818.8935647452304,0.762945800320155,205.7914492581618,0.055660361972923254,0.2583529183787988,6.015044007994774,0.6473956817283829,0.7214278349982539,3.3844614871623877,0.04959217583113432,-0.05119435754728627,0.7030560437013061,0.709588064332686
1274.5846269707336,0.5063291146887907,114.32658587515223,0.021658839450172315,0.36096447259966646,6.5829701747151255,0.5818801449092511,0.6147123933017457,3.017672557519173,0.02197328246461215,-0.020689745957867295,0.6050727158576777,0.6066892675110478
1786.5117807838183,0.8660821924986382,231.52188357253084,0.05719191568870028,0.7061845813146537,5.664849225956309,0.6036843957427427,0.6751919938070139,1.4088029343114372,0.04815458048620369,-0.048616434380184675,0.660876311431443,0.6630207262907205
574.7600484886475,0.9585230482296654,145.336883157496,0.07749849207413168,0.5198356590401497,7.599432535307935,0.6995989075446567,0.7770973996187884,0.0,0.03476524877649386,-0.03295502302204895,0.7770973996187884,0.779212751485207
1266.8701902059695,0.8519198363749714,191.7762335351393,0.05506532367753659,0.3135383344006725,2.2825366625259127,0.5906710622348913,0.66061035935769,8.194398132710903,0.041153770269530945,-0.04122032806026695,0.6457363859124279,0.6523537169887338
1989.2919937510535,0.49262119642072727,138.96081663872317,0.06491071048352291,0.68932151376666,6.173248110905524,0.557148177675478,0.6565548119874266,2.3591197065688565,0.07290678015022933,-0.07363534925291859,0.626219993022396,0.6336355749903156
1228.1137188233126,0.36353342002269545,80.57375974457288,0.02726063696558085,0.18086503878317367,2.760640437777248,0.5421026958591673,0.5924435992266323,8.444481493831278,0.03110806251889182,-0.031670645225496084,0.575343120618709,0.5766244320882795
1492.5621073020088,0.5970900075928759,145.89352068527992,0.02868576587958934,0.8750012022079201,5.150886148051917,0.6846218947271587,0.7236768593618362,1.2504168056018674,0.02755942249739504,-0.02755527798808236,0.7133076606067481,0.7151547683731116
1623.9159094661625,0.214208836875845,54.59453194680586,0.07394329837109866,0.8717170021127437,5.811627336685396,0.6069547111461636,0.7325389064416526,1.192064021340447,0.09849728574355611,-0.09893528691532481,0.6959410912947385,0.6988561027386179
1187.0225759646041,0.6339573611901486,138.14002622368298,0.06384544485896448,0.5618274421228172,3.0561481922146436,0.5116355134345986,0.6051869486896909,4.168056018672891,0.05603465356647333,-0.05551310793839762,0.5776720831258108,0.5858580022535564
402.8470630876299,0.42629699795364756,54.11434060764627,0.035741388500779465,0.9031744109576878,3.434523393198008,0.5639197116005069,0.6070221301405581,1.375458486162054,0.020140351648254378,-0.021040548661426243,0.5996611001012864,0.6021234530020949
635.2348948642573,0.6911676368355202,110.17436692133535,0.05319606874061409,0.5789147787074446,7.711139907301641,0.6990756035308248,0.7590829531652372,1.5755251750583528,0.03222490619909998,-0.030511270510783953,0.7522716722714389,0.7546496845622928
2109.750375533352,0.9247665304012722,268.6443030702841,0.035623694372472606,0.6218051555457985,4.108834513693311,0.6568711692347479,0.7031186738500776,2.709236412137379,0.03111528534134526,-0.03036124083777849,0.6924948636072205,0.6975742177653671
512.3947338204064,0.3950045428651788,56.55023510814321,0.01270858496092162,0.6480457060041931,6.131229552733743,0.5006724572462757,0.5202359770590723,1.533844614871624,0.009704246358885999,-0.009153249183894313,0.5149115218137946,0.5144492990444984
1325.8858335862014,0.5391870846407967,124.17167562134885,0.06546665472731374,0.13500167139877906,2.2913941329084713,0.6240418197451759,0.7290273866771467,10.55351783927976,0.06464704483070223,-0.06506018103555751,0.6951262543309494,0.7032535009131781
1519.9332509914334,0.9479810206982093,233.74476665962268,0.05145868224101528,0.9544337457323512,3.8863078534065325,0.5795842812809601,0.6342616900455833,1.2337445815271757,0.03814043074308674,-0.03829417701487432,0.6310429635219753,0.6318413264712687
2446.419199607,0.29677181903460037,92.83635756225554,0.06571333972373958,0.11041184319439627,4.919079496420114,0.5306804674737349,0.6438032473665312,5.1850616872290765,0.08505734266783263,-0.08650536649304487,0.6058514541767884,0.6169234726913018
1537.268088947356,0.9183529727370454,227.7269543393484,0.01231296116454811,0.24739545393257073,4.0556622869714145,0.5511597931711347,0.5661832504658684,5.076692230743581,0.009455316123176074,-0.009589038466295626,0.5634727543356829,0.5646789069652189
1019.7277355350122,1.0566814698357068,213.41070632699208,0.017084428920816835,0.48095389779919495,4.742548229645497,0.5560684103658325,0.5733838492186655,1.842280760253418,0.009668426498467868,-0.009967199992195743,0.5731528392866494,0.5740127789645109
768.4157384501673,0.8432769455743887,147.84217687716006,0.0532490689855688,0.8315488177598378,4.430439334868313,0.6213422053959345,0.6746934728515233,1.375458486162054,0.03093331945780498,-0.030897300191601456,0.6745912743815033,0.6764518765475467
2244.6115376382027,0.9661956245447472,289.5113920563504,0.07440163747499712,0.34207752027540245,7.912527107192721,0.6632779830942833,0.7501900275625585,1.8506168722907637,0.06199654188244828,-0.06323623681975983,0.7376796205692804,0.7445939409677111
2007.538734499128,0.8008207408627934,226.93280176348674,0.07882875813604458,0.4974069052418324,6.449235828574464,0.6397622575977042,0.7428119173232798,2.717572524174725,0.0729776866936217,-0.06969554471318407,0.7185910157337488,0.7289875302523524
1857.0133754729575,0.8763183327523312,238.835790936639,0.023352912378484938,0.4141463227321621,4.353523974955429,0.6495999627959924,0.6794818933679082,4.301433811270424,0.019966420974172942,-0.019999897441530114,0.6729528751744773,0.6757750861606996
1818.9951417263303,0.9500295847121474,256.26122332109964,0.06519634105232353,0.6364304914504697,2.839690918924655,0.627091051846473,0.7103750300221516,3.9596532177392465,0.05254172405647411,-0.05298115089718799,0.6922873928987965,0.7016313698740647
2228.9422807299497,0.7788569270507582,232.56111110070424,0.07269385000044191,0.9991477163232094,4.155213398141198,0.6446579388695701,0.7333421541455715,1.1587195731910638,0.06832696835537402,-0.06793383966638675,0.717351788870012,0.7187142300565137
1395.9007182412129,0.6094746206373491,144.0167104324662,0.02679069550847228,0.3213231363963379,3.109833720559826,0.6262967012997882,0.6668097689390585,6.2770923641213745,0.025463996388558615,-0.025381716236670335,0.6540974434584913,0.6575900378631748
440.92743194344735,0.5882478228353458,78.12209542716845,0.04663332674905359,0.49441102947007287,7.129577080843499,0.588633871958772,0.6440091692346173,1.7422474158052685,0.024971835347330325,-0.023524451990511223,0.6352671987078257,0.6375661014913878
298.7970231143263,1.0929795870553827,119.48961994449644,0.06914885137421489,0.6940391368653998,6.537941724851645,0.5256381399509689,0.5947869913251838,0.0,0.017595911331042078,-0.017706553703170834,0.5947869913251838,0.5961330452091484
1938.1955058476194,0.38697404754088566,107.74834961027634,0.044228329070178304,0.2601845103918552,6.52270978599315,0.5491867761024893,0.620563624104503,3.2427475825275094,0.05280235987754822,-0.0537551570145187,0.5986417135395904,0.6025562487635882
707.7002043800626,0.2983001144062692,50.18894609105068,0.06044245198747103,0.36626016770279013,5.109680079211804,0.5664487114734078,0.6797989843687846,3.259419806602201,0.0635584465226768,-0.06343746089542489,0.6475952824861663,0.6367123588253486
1959.2830211733599,0.4038352908446012,113.053198019575,0.07585841500324741,0.3892059774007369,2.623109727744504,0.5480610465629865,0.6818949698189009,7.252417472490831,0.09165657968544465,-0.09111214861568444,0.6343862774510867,0.6490654620329561
277.4582297612205,0.6218648578931825,65.51259709272752,0.027517585450642826,0.8974414400003887,5.102771721320878,0.5466736897458573,0.5741912751965002,0.0,0.0095949544280589,-0.009097551716325649,0.5741912751965002,0.5752738322308145
1183.0487917718594,0.3763948449263819,81.87946391550635,0.022511056314744295,0.3705908231200996,2.6498087886136803,0.5377295073821782,0.5792124203988999,7.377459153051017,0.025147759328272228,-0.025527647535789066,0.5651380250667492,0.5661585403867285
2351.3124951890127,0.8001223712277159,245.3813688873755,0.0744771864420086,0.3311622473210054,7.1420800148055426,0.5724545613707968,0.6708547890248123,3.0010003334444817,0.07192701150771771,-0.06779927737930964,0.6469317478128054,0.6566727059899311
446.06795469396553,0.9242363900037773,123.45638958455437,0.01417550923039251,0.46436755504146965,6.91588801106986,0.6234369850893018,0.6376124943196942,0.0,0.005487469769467746,-0.005394880254743291,0.6376124943196942,0.6379960419184467
